-- Auto-generated seed file: seed_01_master part 1
-- Enterprise HRIS PT Indocater
begin;

insert into companies (id, code, name, legal_name, npwp, address, city, province, postal_code, phone, email) values
('15545950-c3c0-4c57-b664-a54d56c51adc', 'INDC', 'PT Indocater', 'PT Indocater Sejahtera Abadi', '91.214.125.5-350.328', 'Jl. HR Rasuna Said Kav. 10, Kuningan', 'Jakarta Selatan', 'DKI Jakarta', '12950', '0215551000', 'corporate@indocater.co.id');

insert into branches (id, company_id, code, name, branch_type, sector, address, city, province, postal_code, phone, is_remote_site) values
('1bdd6e60-1847-44f9-bd8c-524470b5b897', '15545950-c3c0-4c57-b664-a54d56c51adc', 'BR001', 'Kantor Pusat Jakarta', 'HEAD_OFFICE', 'Corporate', 'Jl. Pahlawan No. 72, RT 05/RW 04', 'Jakarta Selatan', 'DKI Jakarta', '54118', '081216155940', false),
('d4d7dc6e-69d1-494b-88ea-925d3eff6a96', '15545950-c3c0-4c57-b664-a54d56c51adc', 'BR002', 'Site Duri', 'SITE', 'Hospital', 'Jl. Cendrawasih No. 32, RT 13/RW 02', 'Duri', 'Riau', '82357', '082295931034', false),
('c905ef69-46a9-44fd-ac54-3fc5ba85bd54', '15545950-c3c0-4c57-b664-a54d56c51adc', 'BR003', 'Site Batam', 'SITE', 'Oil & Gas', 'Jl. Flamboyan No. 60, RT 04/RW 07', 'Batam', 'Kepulauan Riau', '46434', '087852553419', false),
('dc47d499-98c3-4e0e-ad20-927e71358802', '15545950-c3c0-4c57-b664-a54d56c51adc', 'BR004', 'Site Cepu', 'SITE', 'Mining', 'Jl. Cendrawasih No. 187, RT 08/RW 03', 'Cepu', 'Jawa Tengah', '70589', '085348350305', false),
('9121a3cd-0983-4342-9070-c58d59abd041', '15545950-c3c0-4c57-b664-a54d56c51adc', 'BR005', 'Site Sangatta', 'SITE', 'Hospital', 'Jl. Diponegoro No. 17, RT 07/RW 15', 'Sangatta', 'Kalimantan Timur', '84341', '085237672423', false),
('9ba02386-af62-4262-a974-2360c43ea890', '15545950-c3c0-4c57-b664-a54d56c51adc', 'BR006', 'Site Tembagapura', 'SITE', 'Remote Project Site', 'Jl. Cendrawasih No. 68, RT 19/RW 07', 'Tembagapura', 'Papua Tengah', '86484', '085353287101', false),
('31c34f14-6473-41bd-b8fa-837d4f14bdd9', '15545950-c3c0-4c57-b664-a54d56c51adc', 'BR007', 'Site Gresik', 'SITE', 'Mining', 'Jl. Melati No. 41, RT 14/RW 10', 'Gresik', 'Jawa Timur', '18326', '085369784801', false),
('0424463d-cdff-4198-b879-8becddf52825', '15545950-c3c0-4c57-b664-a54d56c51adc', 'BR008', 'Site Bontang', 'SITE', 'Remote Project Site', 'Jl. Anggrek No. 69, RT 11/RW 02', 'Bontang', 'Kalimantan Timur', '48469', '085327048281', false),
('82cc7234-18dc-40dc-9445-174c24d49f61', '15545950-c3c0-4c57-b664-a54d56c51adc', 'BR009', 'Site Surabaya', 'SITE', 'Manufacturing', 'Jl. Flamboyan No. 164, RT 17/RW 10', 'Surabaya', 'Jawa Timur', '36071', '081352880957', false),
('49a68424-56de-4197-8020-d06b3e66e3e0', '15545950-c3c0-4c57-b664-a54d56c51adc', 'BR010', 'Site Jakarta Selatan', 'SITE', 'Oil & Gas', 'Jl. Sudirman No. 93, RT 10/RW 04', 'Jakarta Selatan', 'DKI Jakarta', '17592', '082191171822', false),
('ef59079a-e0c6-4042-b684-ed6e8f4dd5a2', '15545950-c3c0-4c57-b664-a54d56c51adc', 'BR011', 'Site Samarinda', 'SITE', 'Hospital', 'Jl. Cendrawasih No. 43, RT 09/RW 09', 'Samarinda', 'Kalimantan Timur', '89507', '085338346578', false),
('b44ed9e2-98a8-4620-82bd-cee25c6cd36d', '15545950-c3c0-4c57-b664-a54d56c51adc', 'BR012', 'Site Balikpapan', 'SITE', 'Hospital', 'Jl. Sudirman No. 64, RT 08/RW 02', 'Balikpapan', 'Kalimantan Timur', '54313', '081198393010', false),
('d6f2aacc-7969-4ced-8c6a-01351d124e13', '15545950-c3c0-4c57-b664-a54d56c51adc', 'BR013', 'Site Bojonegoro', 'SITE', 'Mining', 'Jl. Sudirman No. 9, RT 11/RW 02', 'Bojonegoro', 'Jawa Timur', '77391', '082147382997', false),
('e415f6b9-0aa8-42ea-a7ef-b6fdff10ff1d', '15545950-c3c0-4c57-b664-a54d56c51adc', 'BR014', 'Site Pekanbaru', 'SITE', 'Mining', 'Jl. Anggrek No. 122, RT 14/RW 04', 'Pekanbaru', 'Riau', '22363', '081265667010', false),
('ca50d8e1-5b2c-4f6e-ab54-193c2f98c47d', '15545950-c3c0-4c57-b664-a54d56c51adc', 'BR015', 'Site Sorong', 'SITE', 'Hospital', 'Jl. Kenanga No. 87, RT 04/RW 04', 'Sorong', 'Papua Barat Daya', '35112', '082187262473', false),
('869ddc3e-c8ae-4cd1-8862-b32ba6bb33bb', '15545950-c3c0-4c57-b664-a54d56c51adc', 'BR016', 'Site Bontang', 'SITE', 'Oil & Gas', 'Jl. Pertambangan No. 141, RT 04/RW 01', 'Bontang', 'Kalimantan Timur', '95477', '089501326773', false),
('c1bfcaa8-f7fe-4ff0-8030-05609c985ffa', '15545950-c3c0-4c57-b664-a54d56c51adc', 'BR017', 'Site Timika', 'SITE', 'Hospital', 'Jl. Pelabuhan No. 16, RT 06/RW 07', 'Timika', 'Papua Tengah', '10282', '085347468723', false),
('11fde58b-043d-469e-beef-3d71114cb2fb', '15545950-c3c0-4c57-b664-a54d56c51adc', 'BR018', 'Site Jambi', 'SITE', 'Manufacturing', 'Jl. Gatot Subroto No. 15, RT 19/RW 12', 'Jambi', 'Jambi', '81066', '081150097882', false),
('5a89a992-a913-450f-b268-29612401fb21', '15545950-c3c0-4c57-b664-a54d56c51adc', 'BR019', 'Site Banjarmasin', 'SITE', 'Oil & Gas', 'Jl. Cendrawasih No. 21, RT 06/RW 02', 'Banjarmasin', 'Kalimantan Selatan', '87992', '081236193990', false),
('793f961f-5f8f-4aef-a031-7c43843ffcba', '15545950-c3c0-4c57-b664-a54d56c51adc', 'BR020', 'Site Palembang', 'SITE', 'Remote Project Site', 'Jl. Sudirman No. 108, RT 19/RW 10', 'Palembang', 'Sumatera Selatan', '78522', '085243534624', false),
('24fae11f-0e14-4d5f-82d2-ca61ca741596', '15545950-c3c0-4c57-b664-a54d56c51adc', 'BR021', 'Site Jakarta Timur', 'SITE', 'Hospital', 'Jl. Pahlawan No. 193, RT 03/RW 01', 'Jakarta Timur', 'DKI Jakarta', '70068', '089691183842', false),
('790b6d92-4fc6-4c6e-ade5-3a358b702f3b', '15545950-c3c0-4c57-b664-a54d56c51adc', 'BR022', 'Site Karawang', 'SITE', 'Manufacturing', 'Jl. Pelabuhan No. 18, RT 08/RW 06', 'Karawang', 'Jawa Barat', '47353', '081378498084', false),
('ca022695-32a7-4055-9ecc-1dc3f6622efc', '15545950-c3c0-4c57-b664-a54d56c51adc', 'BR023', 'Site Muara Bungo', 'SITE', 'Oil & Gas', 'Jl. Pelabuhan No. 35, RT 09/RW 02', 'Muara Bungo', 'Jambi', '24029', '089524493534', false),
('534c7151-f844-4655-89ec-328d2834cb94', '15545950-c3c0-4c57-b664-a54d56c51adc', 'BR024', 'Site Cilegon', 'SITE', 'Remote Project Site', 'Jl. Pertambangan No. 65, RT 02/RW 02', 'Cilegon', 'Banten', '93136', '085340052427', false),
('2efa6914-c9a5-43d8-8ee7-b564a3140091', '15545950-c3c0-4c57-b664-a54d56c51adc', 'BR025', 'Site Berau', 'SITE', 'Remote Project Site', 'Jl. Kenanga No. 110, RT 18/RW 01', 'Berau', 'Kalimantan Timur', '24663', '081228059826', false),
('e4ab58fd-db65-4253-8260-2784c0215642', '15545950-c3c0-4c57-b664-a54d56c51adc', 'BR026', 'Site Tanjung Enim', 'REMOTE_CAMP', 'Mining', 'Jl. Merdeka No. 79, RT 12/RW 15', 'Tanjung Enim', 'Sumatera Selatan', '15229', '085233158692', true),
('77a17dbe-9650-437d-bb8e-c450310cc50b', '15545950-c3c0-4c57-b664-a54d56c51adc', 'BR027', 'Site Bekasi', 'REMOTE_CAMP', 'Mining', 'Jl. Flamboyan No. 42, RT 06/RW 15', 'Bekasi', 'Jawa Barat', '64040', '081125634216', true),
('2ca20549-9819-4e7a-b4cd-7a024b5d3d59', '15545950-c3c0-4c57-b664-a54d56c51adc', 'BR028', 'Site Makassar', 'REMOTE_CAMP', 'Oil & Gas', 'Jl. Flamboyan No. 121, RT 08/RW 04', 'Makassar', 'Sulawesi Selatan', '70332', '085243303654', true),
('9761c40d-dfb3-4648-aaec-a68f53624043', '15545950-c3c0-4c57-b664-a54d56c51adc', 'BR029', 'Site Dumai', 'REMOTE_CAMP', 'Oil & Gas', 'Jl. Anggrek No. 72, RT 12/RW 11', 'Dumai', 'Riau', '76768', '085385014294', true),
('f906fe86-6d52-4dad-a45c-660a69e05f55', '15545950-c3c0-4c57-b664-a54d56c51adc', 'BR030', 'Site Tarakan', 'REMOTE_CAMP', 'Oil & Gas', 'Jl. Sudirman No. 153, RT 14/RW 06', 'Tarakan', 'Kalimantan Utara', '51114', '085398169340', true);

insert into business_units (id, company_id, code, name, description) values
('f017357e-6755-43e2-a540-79e51e66b28d', '15545950-c3c0-4c57-b664-a54d56c51adc', 'BU-CAT', 'Industrial Catering', 'Layanan katering skala industri untuk site Oil & Gas, Mining, dan Manufacturing'),
('c75fb64b-bbb0-4bf0-b7f2-db37ffcfdd47', '15545950-c3c0-4c57-b664-a54d56c51adc', 'BU-CAMP', 'Camp Management', 'Pengelolaan akomodasi dan fasilitas camp karyawan di remote site'),
('9e785dd3-f350-4f0e-9d72-63c6d790393f', '15545950-c3c0-4c57-b664-a54d56c51adc', 'BU-HK', 'Housekeeping', 'Layanan kebersihan dan perawatan fasilitas'),
('f8258fef-06fc-4f31-8393-c088aa159c74', '15545950-c3c0-4c57-b664-a54d56c51adc', 'BU-LDY', 'Laundry', 'Layanan binatu untuk site dan camp'),
('64ddc5dd-800b-4584-be82-1089ba347d77', '15545950-c3c0-4c57-b664-a54d56c51adc', 'BU-LOG', 'Logistics', 'Manajemen rantai pasok dan distribusi kebutuhan site'),
('01dc7b0e-045b-4b4e-82ff-a0b8fc5fcfef', '15545950-c3c0-4c57-b664-a54d56c51adc', 'BU-MTN', 'Maintenance', 'Perawatan fasilitas, peralatan, dan utilitas site'),
('be53b990-c47d-4ecc-bce2-cd30763b0916', '15545950-c3c0-4c57-b664-a54d56c51adc', 'BU-FM', 'Facility Management', 'Pengelolaan fasilitas umum dan gedung'),
('893a112a-a31e-4aa4-9cb5-1be381f22b14', '15545950-c3c0-4c57-b664-a54d56c51adc', 'BU-SS', 'Site Support', 'Dukungan operasional umum di lokasi site');

insert into divisions (id, business_unit_id, code, name) values
('bfab13d3-8198-40c3-80e8-22ccdf5c3e92', 'f017357e-6755-43e2-a540-79e51e66b28d', 'DIV001', 'Divisi Operasional - Industrial Catering'),
('eaf6307a-5a83-4b0d-b653-482d7ed8b76f', 'f017357e-6755-43e2-a540-79e51e66b28d', 'DIV002', 'Divisi Kualitas & Compliance - Industrial Catering'),
('c725db2f-d7f1-4573-854f-81efe9d8a13b', 'f017357e-6755-43e2-a540-79e51e66b28d', 'DIV003', 'Divisi Perencanaan & Support - Industrial Catering'),
('13a146b5-ba61-4d07-a264-ac51482999b0', 'c75fb64b-bbb0-4bf0-b7f2-db37ffcfdd47', 'DIV004', 'Divisi Operasional - Camp Management'),
('aca0ab33-1dbe-4a80-9bb4-7f8a4c537b0a', 'c75fb64b-bbb0-4bf0-b7f2-db37ffcfdd47', 'DIV005', 'Divisi Kualitas & Compliance - Camp Management'),
('522d94c2-0b77-4324-aaac-44c244ff84f6', 'c75fb64b-bbb0-4bf0-b7f2-db37ffcfdd47', 'DIV006', 'Divisi Perencanaan & Support - Camp Management'),
('c2aab165-3575-42c6-ae63-2e0e603709ff', '9e785dd3-f350-4f0e-9d72-63c6d790393f', 'DIV007', 'Divisi Operasional - Housekeeping'),
('02ec9fa2-ecc4-41e7-8a9b-ddb0eb0d3441', '9e785dd3-f350-4f0e-9d72-63c6d790393f', 'DIV008', 'Divisi Kualitas & Compliance - Housekeeping'),
('868054d1-ce55-40e0-b44a-a3ad01023dcb', '9e785dd3-f350-4f0e-9d72-63c6d790393f', 'DIV009', 'Divisi Perencanaan & Support - Housekeeping'),
('6b3f4cc1-26c3-4b52-abe8-fb021cc3a922', 'f8258fef-06fc-4f31-8393-c088aa159c74', 'DIV010', 'Divisi Operasional - Laundry'),
('c927a29f-a90f-4203-b4ce-48155156e525', 'f8258fef-06fc-4f31-8393-c088aa159c74', 'DIV011', 'Divisi Kualitas & Compliance - Laundry'),
('cb099407-5969-4ff4-a28a-8089eb643ae9', 'f8258fef-06fc-4f31-8393-c088aa159c74', 'DIV012', 'Divisi Perencanaan & Support - Laundry'),
('cbde25a2-8240-4b31-8463-13320af4ed86', '64ddc5dd-800b-4584-be82-1089ba347d77', 'DIV013', 'Divisi Operasional - Logistics'),
('1f0722dd-ac3e-4a8c-b41b-6ad8f5a3ae7f', '64ddc5dd-800b-4584-be82-1089ba347d77', 'DIV014', 'Divisi Kualitas & Compliance - Logistics'),
('147ee9cb-4e3a-4975-9a9c-3f4732540578', '64ddc5dd-800b-4584-be82-1089ba347d77', 'DIV015', 'Divisi Perencanaan & Support - Logistics'),
('c9b41ba7-9b0a-4d5e-a32f-3735fa812eae', '01dc7b0e-045b-4b4e-82ff-a0b8fc5fcfef', 'DIV016', 'Divisi Operasional - Maintenance'),
('c2227fde-d6cd-4653-be94-3990221f3991', '01dc7b0e-045b-4b4e-82ff-a0b8fc5fcfef', 'DIV017', 'Divisi Kualitas & Compliance - Maintenance'),
('88ba43a7-f129-4105-af07-d2f55af2375e', '01dc7b0e-045b-4b4e-82ff-a0b8fc5fcfef', 'DIV018', 'Divisi Perencanaan & Support - Maintenance'),
('ca41dab2-a561-456d-935d-d6bee953fd41', 'be53b990-c47d-4ecc-bce2-cd30763b0916', 'DIV019', 'Divisi Operasional - Facility Management'),
('c5bb7903-d561-45ac-bf6f-ec291ee0301a', 'be53b990-c47d-4ecc-bce2-cd30763b0916', 'DIV020', 'Divisi Kualitas & Compliance - Facility Management'),
('42f185eb-5a4f-4049-b7be-2374456b2273', 'be53b990-c47d-4ecc-bce2-cd30763b0916', 'DIV021', 'Divisi Perencanaan & Support - Facility Management'),
('5413cc70-a117-46ac-8444-478f4e9ffa9e', '893a112a-a31e-4aa4-9cb5-1be381f22b14', 'DIV022', 'Divisi Operasional - Site Support'),
('136d5d0f-e7bf-4559-8fb4-8008de796e00', '893a112a-a31e-4aa4-9cb5-1be381f22b14', 'DIV023', 'Divisi Kualitas & Compliance - Site Support'),
('42077cd4-9c18-4a44-8150-636b6f1edce7', '893a112a-a31e-4aa4-9cb5-1be381f22b14', 'DIV024', 'Divisi Perencanaan & Support - Site Support');

insert into departments (id, division_id, branch_id, code, name) values
('e4375338-30ab-4ad8-8c0a-59fde0268094', 'bfab13d3-8198-40c3-80e8-22ccdf5c3e92', '534c7151-f844-4655-89ec-328d2834cb94', 'DEP0001', 'Departemen BU-CAT - Cilegon'),
('4206be2d-25bc-4ac0-9251-9d50d8f51487', 'bfab13d3-8198-40c3-80e8-22ccdf5c3e92', 'ca50d8e1-5b2c-4f6e-ab54-193c2f98c47d', 'DEP0002', 'Departemen BU-CAT - Sorong'),
('294fe2e9-ef11-42a4-8ee7-d476e3cd027c', 'bfab13d3-8198-40c3-80e8-22ccdf5c3e92', 'd4d7dc6e-69d1-494b-88ea-925d3eff6a96', 'DEP0003', 'Departemen BU-CAT - Duri'),
('d1f2cd51-f298-4698-a221-a44e6875d153', 'bfab13d3-8198-40c3-80e8-22ccdf5c3e92', '11fde58b-043d-469e-beef-3d71114cb2fb', 'DEP0004', 'Departemen BU-CAT - Jambi'),
('80a02912-91b6-4e1b-9b5b-db6afb429c4d', 'bfab13d3-8198-40c3-80e8-22ccdf5c3e92', '5a89a992-a913-450f-b268-29612401fb21', 'DEP0005', 'Departemen BU-CAT - Banjarmasin'),
('10d06c2f-0dbf-46a3-86d2-52c4019fb72f', 'bfab13d3-8198-40c3-80e8-22ccdf5c3e92', 'ca022695-32a7-4055-9ecc-1dc3f6622efc', 'DEP0006', 'Departemen BU-CAT - Muara Bungo'),
('269660b5-bb4a-4f51-949f-7cb31bf7b7a6', 'bfab13d3-8198-40c3-80e8-22ccdf5c3e92', '2efa6914-c9a5-43d8-8ee7-b564a3140091', 'DEP0007', 'Departemen BU-CAT - Berau'),
('2d6e4777-351a-414e-b239-ff6e173fb63d', 'bfab13d3-8198-40c3-80e8-22ccdf5c3e92', '0424463d-cdff-4198-b879-8becddf52825', 'DEP0008', 'Departemen BU-CAT - Bontang'),
('43b9f9de-933f-417f-a40d-b844e7db3845', 'eaf6307a-5a83-4b0d-b653-482d7ed8b76f', 'd6f2aacc-7969-4ced-8c6a-01351d124e13', 'DEP0009', 'Departemen BU-CAT - Bojonegoro'),
('5df4aaf1-a358-4c0e-89f4-54bdbe8e4e52', 'eaf6307a-5a83-4b0d-b653-482d7ed8b76f', 'ca50d8e1-5b2c-4f6e-ab54-193c2f98c47d', 'DEP0010', 'Departemen BU-CAT - Sorong'),
('029788eb-c3f1-4582-af72-96b06b940606', 'eaf6307a-5a83-4b0d-b653-482d7ed8b76f', 'dc47d499-98c3-4e0e-ad20-927e71358802', 'DEP0011', 'Departemen BU-CAT - Cepu'),
('dfedbd9f-91f6-45d4-a509-c242f9dfaef2', 'eaf6307a-5a83-4b0d-b653-482d7ed8b76f', 'ca022695-32a7-4055-9ecc-1dc3f6622efc', 'DEP0012', 'Departemen BU-CAT - Muara Bungo'),
('e77d1b63-e57a-4481-9bd8-3dc95e08967f', 'eaf6307a-5a83-4b0d-b653-482d7ed8b76f', 'b44ed9e2-98a8-4620-82bd-cee25c6cd36d', 'DEP0013', 'Departemen BU-CAT - Balikpapan'),
('993c91cd-da7d-4327-aebe-657f562b8d0d', 'eaf6307a-5a83-4b0d-b653-482d7ed8b76f', '24fae11f-0e14-4d5f-82d2-ca61ca741596', 'DEP0014', 'Departemen BU-CAT - Jakarta Timur'),
('e040904b-ab2b-452b-b6f0-bb29e67b3396', 'eaf6307a-5a83-4b0d-b653-482d7ed8b76f', 'e4ab58fd-db65-4253-8260-2784c0215642', 'DEP0015', 'Departemen BU-CAT - Tanjung Enim'),
('8980c40f-5e1b-420d-bda5-02e4b25e3e18', 'eaf6307a-5a83-4b0d-b653-482d7ed8b76f', '77a17dbe-9650-437d-bb8e-c450310cc50b', 'DEP0016', 'Departemen BU-CAT - Bekasi'),
('6ef275f9-a759-4e92-89d8-818361897714', 'c725db2f-d7f1-4573-854f-81efe9d8a13b', '9761c40d-dfb3-4648-aaec-a68f53624043', 'DEP0017', 'Departemen BU-CAT - Dumai'),
('24eaddfa-e4de-4a96-8b17-bd1bbcc269b4', 'c725db2f-d7f1-4573-854f-81efe9d8a13b', '9121a3cd-0983-4342-9070-c58d59abd041', 'DEP0018', 'Departemen BU-CAT - Sangatta'),
('443e58e4-f320-4df3-97a4-60a6c22368a0', 'c725db2f-d7f1-4573-854f-81efe9d8a13b', '2efa6914-c9a5-43d8-8ee7-b564a3140091', 'DEP0019', 'Departemen BU-CAT - Berau'),
('8fc83712-8cf0-48a9-ab02-8ffbf6c4375f', 'c725db2f-d7f1-4573-854f-81efe9d8a13b', 'ef59079a-e0c6-4042-b684-ed6e8f4dd5a2', 'DEP0020', 'Departemen BU-CAT - Samarinda'),
('91001c1e-4ddb-4107-adfb-e13ad5aca683', 'c725db2f-d7f1-4573-854f-81efe9d8a13b', '11fde58b-043d-469e-beef-3d71114cb2fb', 'DEP0021', 'Departemen BU-CAT - Jambi'),
('69d45d4b-2cb8-474a-a72d-d7a3b82c18ab', 'c725db2f-d7f1-4573-854f-81efe9d8a13b', '77a17dbe-9650-437d-bb8e-c450310cc50b', 'DEP0022', 'Departemen BU-CAT - Bekasi'),
('343633eb-2e8f-4318-b071-ab8f254cf87d', 'c725db2f-d7f1-4573-854f-81efe9d8a13b', 'ca022695-32a7-4055-9ecc-1dc3f6622efc', 'DEP0023', 'Departemen BU-CAT - Muara Bungo'),
('b23209ec-59df-418f-ba13-aeeafe4f9d55', 'c725db2f-d7f1-4573-854f-81efe9d8a13b', 'ca50d8e1-5b2c-4f6e-ab54-193c2f98c47d', 'DEP0024', 'Departemen BU-CAT - Sorong'),
('812a0fde-fd29-40d9-a9c9-9f33235400ec', '13a146b5-ba61-4d07-a264-ac51482999b0', 'b44ed9e2-98a8-4620-82bd-cee25c6cd36d', 'DEP0025', 'Departemen BU-CAMP - Balikpapan'),
('fc7069bc-9ef4-4338-89d2-75534eb0dfa0', '13a146b5-ba61-4d07-a264-ac51482999b0', 'e415f6b9-0aa8-42ea-a7ef-b6fdff10ff1d', 'DEP0026', 'Departemen BU-CAMP - Pekanbaru'),
('a5ee3f7b-392c-4c48-9ec7-9f531d2986c1', '13a146b5-ba61-4d07-a264-ac51482999b0', '534c7151-f844-4655-89ec-328d2834cb94', 'DEP0027', 'Departemen BU-CAMP - Cilegon'),
('ee22873a-f475-46ea-81c9-127591c1c953', '13a146b5-ba61-4d07-a264-ac51482999b0', 'ef59079a-e0c6-4042-b684-ed6e8f4dd5a2', 'DEP0028', 'Departemen BU-CAMP - Samarinda'),
('c458db91-8d51-45ad-8197-8d3a2eb26ac1', '13a146b5-ba61-4d07-a264-ac51482999b0', '5a89a992-a913-450f-b268-29612401fb21', 'DEP0029', 'Departemen BU-CAMP - Banjarmasin'),
('9a5d27c1-f6e9-4f2e-a4b0-e345e3eeff33', '13a146b5-ba61-4d07-a264-ac51482999b0', '9ba02386-af62-4262-a974-2360c43ea890', 'DEP0030', 'Departemen BU-CAMP - Tembagapura'),
('0431ba36-b335-4b79-8b7e-dfd864fab9fd', '13a146b5-ba61-4d07-a264-ac51482999b0', '0424463d-cdff-4198-b879-8becddf52825', 'DEP0031', 'Departemen BU-CAMP - Bontang'),
('d22c0d8b-8581-48d1-9ee0-6b44518c3caa', '13a146b5-ba61-4d07-a264-ac51482999b0', 'ca50d8e1-5b2c-4f6e-ab54-193c2f98c47d', 'DEP0032', 'Departemen BU-CAMP - Sorong'),
('4b2c9e6c-1633-419d-a97a-494f2902b59f', 'aca0ab33-1dbe-4a80-9bb4-7f8a4c537b0a', 'ca022695-32a7-4055-9ecc-1dc3f6622efc', 'DEP0033', 'Departemen BU-CAMP - Muara Bungo'),
('087cf459-ffe7-4a20-8727-721b5ed1ee1c', 'aca0ab33-1dbe-4a80-9bb4-7f8a4c537b0a', 'e415f6b9-0aa8-42ea-a7ef-b6fdff10ff1d', 'DEP0034', 'Departemen BU-CAMP - Pekanbaru'),
('52b1941a-c414-4559-b575-144c3850be23', 'aca0ab33-1dbe-4a80-9bb4-7f8a4c537b0a', 'f906fe86-6d52-4dad-a45c-660a69e05f55', 'DEP0035', 'Departemen BU-CAMP - Tarakan'),
('258ff320-30f9-484f-9632-a8c5fcd24ee9', 'aca0ab33-1dbe-4a80-9bb4-7f8a4c537b0a', '2efa6914-c9a5-43d8-8ee7-b564a3140091', 'DEP0036', 'Departemen BU-CAMP - Berau'),
('a723f7cc-a306-4e36-9ff5-2aa837a110e7', 'aca0ab33-1dbe-4a80-9bb4-7f8a4c537b0a', '31c34f14-6473-41bd-b8fa-837d4f14bdd9', 'DEP0037', 'Departemen BU-CAMP - Gresik'),
('7a661e78-6754-40af-ba6d-ec9e537539ad', 'aca0ab33-1dbe-4a80-9bb4-7f8a4c537b0a', '24fae11f-0e14-4d5f-82d2-ca61ca741596', 'DEP0038', 'Departemen BU-CAMP - Jakarta Timur'),
('1ae5d050-6958-48c4-be7b-0f4949fa0f0a', 'aca0ab33-1dbe-4a80-9bb4-7f8a4c537b0a', '793f961f-5f8f-4aef-a031-7c43843ffcba', 'DEP0039', 'Departemen BU-CAMP - Palembang'),
('f055c05b-4ee4-41fd-9377-0f8b81d2dee3', 'aca0ab33-1dbe-4a80-9bb4-7f8a4c537b0a', 'ef59079a-e0c6-4042-b684-ed6e8f4dd5a2', 'DEP0040', 'Departemen BU-CAMP - Samarinda'),
('458906dd-38fb-405d-89e6-6a5a586fb159', '522d94c2-0b77-4324-aaac-44c244ff84f6', 'e415f6b9-0aa8-42ea-a7ef-b6fdff10ff1d', 'DEP0041', 'Departemen BU-CAMP - Pekanbaru'),
('a397aaa7-4b1f-48f1-9e68-1b8001d0530c', '522d94c2-0b77-4324-aaac-44c244ff84f6', '5a89a992-a913-450f-b268-29612401fb21', 'DEP0042', 'Departemen BU-CAMP - Banjarmasin'),
('206a0496-c81a-4082-8f8b-f14221f3b5c7', '522d94c2-0b77-4324-aaac-44c244ff84f6', '2ca20549-9819-4e7a-b4cd-7a024b5d3d59', 'DEP0043', 'Departemen BU-CAMP - Makassar'),
('1b5f70e0-2929-4688-a40d-b91808752d68', '522d94c2-0b77-4324-aaac-44c244ff84f6', 'd4d7dc6e-69d1-494b-88ea-925d3eff6a96', 'DEP0044', 'Departemen BU-CAMP - Duri'),
('1d1c462b-69bb-4f90-8e40-dfc6645f2b85', '522d94c2-0b77-4324-aaac-44c244ff84f6', 'ef59079a-e0c6-4042-b684-ed6e8f4dd5a2', 'DEP0045', 'Departemen BU-CAMP - Samarinda'),
('37b1aea4-64b9-4a9b-9293-1bbec7ac81fd', '522d94c2-0b77-4324-aaac-44c244ff84f6', 'e4ab58fd-db65-4253-8260-2784c0215642', 'DEP0046', 'Departemen BU-CAMP - Tanjung Enim'),
('ba620fc6-1f67-4f0e-afa3-66aa522e664f', '522d94c2-0b77-4324-aaac-44c244ff84f6', '0424463d-cdff-4198-b879-8becddf52825', 'DEP0047', 'Departemen BU-CAMP - Bontang'),
('4b2f72f6-f41d-49b8-882c-63174dfed9be', '522d94c2-0b77-4324-aaac-44c244ff84f6', 'ca50d8e1-5b2c-4f6e-ab54-193c2f98c47d', 'DEP0048', 'Departemen BU-CAMP - Sorong'),
('0804d602-e47b-4669-90fb-0b69edb65252', 'c2aab165-3575-42c6-ae63-2e0e603709ff', '77a17dbe-9650-437d-bb8e-c450310cc50b', 'DEP0049', 'Departemen BU-HK - Bekasi'),
('735ba9dc-1d4d-435c-af47-7c029bf1b9fd', 'c2aab165-3575-42c6-ae63-2e0e603709ff', '793f961f-5f8f-4aef-a031-7c43843ffcba', 'DEP0050', 'Departemen BU-HK - Palembang'),
('4ab23f08-3dae-47f0-b0fa-513cd94fcaa0', 'c2aab165-3575-42c6-ae63-2e0e603709ff', '24fae11f-0e14-4d5f-82d2-ca61ca741596', 'DEP0051', 'Departemen BU-HK - Jakarta Timur'),
('73c6ed33-60e0-45d4-a687-a9d985b452f6', 'c2aab165-3575-42c6-ae63-2e0e603709ff', '790b6d92-4fc6-4c6e-ade5-3a358b702f3b', 'DEP0052', 'Departemen BU-HK - Karawang'),
('ee18e44b-00e3-49c9-910d-6721ae0fe74e', 'c2aab165-3575-42c6-ae63-2e0e603709ff', 'b44ed9e2-98a8-4620-82bd-cee25c6cd36d', 'DEP0053', 'Departemen BU-HK - Balikpapan'),
('3e2b64af-8d2a-4188-873d-3cfca839d232', 'c2aab165-3575-42c6-ae63-2e0e603709ff', '869ddc3e-c8ae-4cd1-8862-b32ba6bb33bb', 'DEP0054', 'Departemen BU-HK - Bontang'),
('8dd59bb9-a3c5-4d98-88e4-91428d50df6a', 'c2aab165-3575-42c6-ae63-2e0e603709ff', '2efa6914-c9a5-43d8-8ee7-b564a3140091', 'DEP0055', 'Departemen BU-HK - Berau'),
('596080c1-607e-403c-96e1-6ebcc3c3aab9', 'c2aab165-3575-42c6-ae63-2e0e603709ff', '534c7151-f844-4655-89ec-328d2834cb94', 'DEP0056', 'Departemen BU-HK - Cilegon'),
('32d3692d-ac9e-4813-9fa5-3580a238ccb0', '02ec9fa2-ecc4-41e7-8a9b-ddb0eb0d3441', 'ca022695-32a7-4055-9ecc-1dc3f6622efc', 'DEP0057', 'Departemen BU-HK - Muara Bungo'),
('e7976637-f23c-415a-a508-bdacf7268e3f', '02ec9fa2-ecc4-41e7-8a9b-ddb0eb0d3441', '0424463d-cdff-4198-b879-8becddf52825', 'DEP0058', 'Departemen BU-HK - Bontang'),
('78c8ba68-aba0-4682-8266-16c8279079cb', '02ec9fa2-ecc4-41e7-8a9b-ddb0eb0d3441', '11fde58b-043d-469e-beef-3d71114cb2fb', 'DEP0059', 'Departemen BU-HK - Jambi'),
('17e2bf7a-c492-4f2b-b193-5797a04c29c6', '02ec9fa2-ecc4-41e7-8a9b-ddb0eb0d3441', 'c1bfcaa8-f7fe-4ff0-8030-05609c985ffa', 'DEP0060', 'Departemen BU-HK - Timika'),
('dd8f0aea-f58a-42fb-b504-77b6f5c34f36', '02ec9fa2-ecc4-41e7-8a9b-ddb0eb0d3441', '2efa6914-c9a5-43d8-8ee7-b564a3140091', 'DEP0061', 'Departemen BU-HK - Berau'),
('bf0a792b-f4b4-470e-a96d-33899f71e254', '02ec9fa2-ecc4-41e7-8a9b-ddb0eb0d3441', '31c34f14-6473-41bd-b8fa-837d4f14bdd9', 'DEP0062', 'Departemen BU-HK - Gresik'),
('38d7da0c-ef47-4091-9a6a-26722a061275', '02ec9fa2-ecc4-41e7-8a9b-ddb0eb0d3441', 'f906fe86-6d52-4dad-a45c-660a69e05f55', 'DEP0063', 'Departemen BU-HK - Tarakan'),
('5d6b35bf-8221-44db-bf2d-5ad54313fae6', '02ec9fa2-ecc4-41e7-8a9b-ddb0eb0d3441', 'dc47d499-98c3-4e0e-ad20-927e71358802', 'DEP0064', 'Departemen BU-HK - Cepu'),
('0e38e7eb-5575-4dd3-8fb7-20d3f179ec6a', '868054d1-ce55-40e0-b44a-a3ad01023dcb', 'ef59079a-e0c6-4042-b684-ed6e8f4dd5a2', 'DEP0065', 'Departemen BU-HK - Samarinda'),
('2589d519-ffe9-414c-aa67-31ee2a27e0bb', '868054d1-ce55-40e0-b44a-a3ad01023dcb', '11fde58b-043d-469e-beef-3d71114cb2fb', 'DEP0066', 'Departemen BU-HK - Jambi'),
('a5725b9d-04e7-4a83-b249-ce07907a50ba', '868054d1-ce55-40e0-b44a-a3ad01023dcb', 'ca022695-32a7-4055-9ecc-1dc3f6622efc', 'DEP0067', 'Departemen BU-HK - Muara Bungo'),
('ed9928f4-5644-4683-9d41-1fed1ba01df8', '868054d1-ce55-40e0-b44a-a3ad01023dcb', '790b6d92-4fc6-4c6e-ade5-3a358b702f3b', 'DEP0068', 'Departemen BU-HK - Karawang'),
('69d2e519-8c46-4e18-b09f-eef5ded6ace7', '868054d1-ce55-40e0-b44a-a3ad01023dcb', '24fae11f-0e14-4d5f-82d2-ca61ca741596', 'DEP0069', 'Departemen BU-HK - Jakarta Timur'),
('4c3fe9f5-82c1-4146-b07b-c3a0bf372df6', '868054d1-ce55-40e0-b44a-a3ad01023dcb', 'b44ed9e2-98a8-4620-82bd-cee25c6cd36d', 'DEP0070', 'Departemen BU-HK - Balikpapan'),
('4456ea9a-be3c-49ab-85dc-f8ab2ed675d2', '868054d1-ce55-40e0-b44a-a3ad01023dcb', 'dc47d499-98c3-4e0e-ad20-927e71358802', 'DEP0071', 'Departemen BU-HK - Cepu'),
('f3eae7a3-448e-4c61-a6f6-afbc81c9280a', '868054d1-ce55-40e0-b44a-a3ad01023dcb', '82cc7234-18dc-40dc-9445-174c24d49f61', 'DEP0072', 'Departemen BU-HK - Surabaya'),
('a097c654-f643-47b3-a177-df0c882eb81f', '6b3f4cc1-26c3-4b52-abe8-fb021cc3a922', 'ca022695-32a7-4055-9ecc-1dc3f6622efc', 'DEP0073', 'Departemen BU-LDY - Muara Bungo'),
('0816fb2b-0f6e-4e96-a74b-f06bbe94e3fd', '6b3f4cc1-26c3-4b52-abe8-fb021cc3a922', 'ef59079a-e0c6-4042-b684-ed6e8f4dd5a2', 'DEP0074', 'Departemen BU-LDY - Samarinda'),
('1fd1b519-f8c3-448b-a207-1231c93ed64c', '6b3f4cc1-26c3-4b52-abe8-fb021cc3a922', '82cc7234-18dc-40dc-9445-174c24d49f61', 'DEP0075', 'Departemen BU-LDY - Surabaya'),
('40deab7e-2d85-4ae5-ab1b-dd53e122677b', '6b3f4cc1-26c3-4b52-abe8-fb021cc3a922', '77a17dbe-9650-437d-bb8e-c450310cc50b', 'DEP0076', 'Departemen BU-LDY - Bekasi'),
('010ac045-5cb0-4742-80f3-39ee69147f9f', '6b3f4cc1-26c3-4b52-abe8-fb021cc3a922', '0424463d-cdff-4198-b879-8becddf52825', 'DEP0077', 'Departemen BU-LDY - Bontang'),
('3c3e9c3d-ed83-4a87-a5bb-78354da7066a', '6b3f4cc1-26c3-4b52-abe8-fb021cc3a922', '9ba02386-af62-4262-a974-2360c43ea890', 'DEP0078', 'Departemen BU-LDY - Tembagapura'),
('48510894-5194-4974-a417-3efa0956bd3c', '6b3f4cc1-26c3-4b52-abe8-fb021cc3a922', 'd4d7dc6e-69d1-494b-88ea-925d3eff6a96', 'DEP0079', 'Departemen BU-LDY - Duri'),
('80b6b975-f764-40a8-9db5-a25e8ac3d32a', '6b3f4cc1-26c3-4b52-abe8-fb021cc3a922', 'c905ef69-46a9-44fd-ac54-3fc5ba85bd54', 'DEP0080', 'Departemen BU-LDY - Batam'),
('8ab0699a-e621-43ef-8129-9589461719be', 'c927a29f-a90f-4203-b4ce-48155156e525', '82cc7234-18dc-40dc-9445-174c24d49f61', 'DEP0081', 'Departemen BU-LDY - Surabaya'),
('761898de-8f87-4146-afcd-e7f623cafd38', 'c927a29f-a90f-4203-b4ce-48155156e525', 'c1bfcaa8-f7fe-4ff0-8030-05609c985ffa', 'DEP0082', 'Departemen BU-LDY - Timika'),
('9602e96f-2f6a-473d-9ec0-a688064c55d3', 'c927a29f-a90f-4203-b4ce-48155156e525', '24fae11f-0e14-4d5f-82d2-ca61ca741596', 'DEP0083', 'Departemen BU-LDY - Jakarta Timur'),
('b57067af-2996-4e4d-84bd-fd535ad2269d', 'c927a29f-a90f-4203-b4ce-48155156e525', 'e4ab58fd-db65-4253-8260-2784c0215642', 'DEP0084', 'Departemen BU-LDY - Tanjung Enim'),
('008a1e6d-2799-4bed-b52f-53496e7cb822', 'c927a29f-a90f-4203-b4ce-48155156e525', 'dc47d499-98c3-4e0e-ad20-927e71358802', 'DEP0085', 'Departemen BU-LDY - Cepu'),
('eca27bf2-e5d7-4bec-8f57-abdf75cef1d7', 'c927a29f-a90f-4203-b4ce-48155156e525', '869ddc3e-c8ae-4cd1-8862-b32ba6bb33bb', 'DEP0086', 'Departemen BU-LDY - Bontang'),
('dc13c1cc-10cc-4234-b0c5-9c83da36d893', 'c927a29f-a90f-4203-b4ce-48155156e525', 'ca50d8e1-5b2c-4f6e-ab54-193c2f98c47d', 'DEP0087', 'Departemen BU-LDY - Sorong'),
('4cbd1b55-67ff-40f9-8175-5bf4bc9d6d90', 'c927a29f-a90f-4203-b4ce-48155156e525', '790b6d92-4fc6-4c6e-ade5-3a358b702f3b', 'DEP0088', 'Departemen BU-LDY - Karawang'),
('e86d7ba1-dfb9-40df-a7cc-00363039f84c', 'cb099407-5969-4ff4-a28a-8089eb643ae9', '793f961f-5f8f-4aef-a031-7c43843ffcba', 'DEP0089', 'Departemen BU-LDY - Palembang'),
('512e98e8-9b44-4555-9633-411ededc4567', 'cb099407-5969-4ff4-a28a-8089eb643ae9', '0424463d-cdff-4198-b879-8becddf52825', 'DEP0090', 'Departemen BU-LDY - Bontang'),
('7424a3f9-ef3f-4af0-bbd6-340b8f85ce75', 'cb099407-5969-4ff4-a28a-8089eb643ae9', '534c7151-f844-4655-89ec-328d2834cb94', 'DEP0091', 'Departemen BU-LDY - Cilegon'),
('60117341-b02c-43c6-882a-7cb5c573b8c2', 'cb099407-5969-4ff4-a28a-8089eb643ae9', '2ca20549-9819-4e7a-b4cd-7a024b5d3d59', 'DEP0092', 'Departemen BU-LDY - Makassar'),
('c72f6a55-5c73-4833-89a7-d688e91e888c', 'cb099407-5969-4ff4-a28a-8089eb643ae9', 'e415f6b9-0aa8-42ea-a7ef-b6fdff10ff1d', 'DEP0093', 'Departemen BU-LDY - Pekanbaru'),
('4822bb7b-25c9-495d-ad7b-7038d015d124', 'cb099407-5969-4ff4-a28a-8089eb643ae9', 'c1bfcaa8-f7fe-4ff0-8030-05609c985ffa', 'DEP0094', 'Departemen BU-LDY - Timika'),
('6306ef58-5c34-4944-bb24-cbe7acc10fd0', 'cb099407-5969-4ff4-a28a-8089eb643ae9', 'e4ab58fd-db65-4253-8260-2784c0215642', 'DEP0095', 'Departemen BU-LDY - Tanjung Enim'),
('fc542e59-b8dc-474b-9b7d-848b134dd2b1', 'cb099407-5969-4ff4-a28a-8089eb643ae9', '82cc7234-18dc-40dc-9445-174c24d49f61', 'DEP0096', 'Departemen BU-LDY - Surabaya'),
('4899273e-36eb-4e12-9e40-69ecbb1957e1', 'cbde25a2-8240-4b31-8463-13320af4ed86', '9ba02386-af62-4262-a974-2360c43ea890', 'DEP0097', 'Departemen BU-LOG - Tembagapura'),
('44640542-2c31-403d-a5a9-37e04ef6133d', 'cbde25a2-8240-4b31-8463-13320af4ed86', '790b6d92-4fc6-4c6e-ade5-3a358b702f3b', 'DEP0098', 'Departemen BU-LOG - Karawang'),
('2dab3861-bf96-4504-ab59-d11b82248995', 'cbde25a2-8240-4b31-8463-13320af4ed86', '534c7151-f844-4655-89ec-328d2834cb94', 'DEP0099', 'Departemen BU-LOG - Cilegon'),
('709d368e-3bd5-4d0d-a691-e4d6472ae533', 'cbde25a2-8240-4b31-8463-13320af4ed86', 'd4d7dc6e-69d1-494b-88ea-925d3eff6a96', 'DEP0100', 'Departemen BU-LOG - Duri'),
('08a4e14d-30c1-45da-911a-5bf92e817a1b', 'cbde25a2-8240-4b31-8463-13320af4ed86', 'e4ab58fd-db65-4253-8260-2784c0215642', 'DEP0101', 'Departemen BU-LOG - Tanjung Enim'),
('b748483e-8dc9-46c1-9eb7-e5e329c8fa85', 'cbde25a2-8240-4b31-8463-13320af4ed86', '9121a3cd-0983-4342-9070-c58d59abd041', 'DEP0102', 'Departemen BU-LOG - Sangatta'),
('53f3393a-0038-4819-876b-0e2c60b5af2d', 'cbde25a2-8240-4b31-8463-13320af4ed86', 'ca50d8e1-5b2c-4f6e-ab54-193c2f98c47d', 'DEP0103', 'Departemen BU-LOG - Sorong'),
('e12deecb-cd7b-4da1-a05c-b8d503fafde2', 'cbde25a2-8240-4b31-8463-13320af4ed86', '82cc7234-18dc-40dc-9445-174c24d49f61', 'DEP0104', 'Departemen BU-LOG - Surabaya'),
('92b3c0cc-fb29-400e-b860-7c1ca9c89ddc', '1f0722dd-ac3e-4a8c-b41b-6ad8f5a3ae7f', '31c34f14-6473-41bd-b8fa-837d4f14bdd9', 'DEP0105', 'Departemen BU-LOG - Gresik'),
('641c19d4-5b63-4715-99c6-73033f44e557', '1f0722dd-ac3e-4a8c-b41b-6ad8f5a3ae7f', '77a17dbe-9650-437d-bb8e-c450310cc50b', 'DEP0106', 'Departemen BU-LOG - Bekasi'),
('934aeef6-1496-41f3-a31a-920e320be1ac', '1f0722dd-ac3e-4a8c-b41b-6ad8f5a3ae7f', '534c7151-f844-4655-89ec-328d2834cb94', 'DEP0107', 'Departemen BU-LOG - Cilegon'),
('4537912a-6b05-45ea-8d13-b035f7bb14ab', '1f0722dd-ac3e-4a8c-b41b-6ad8f5a3ae7f', '11fde58b-043d-469e-beef-3d71114cb2fb', 'DEP0108', 'Departemen BU-LOG - Jambi'),
('75057f3b-17a4-415a-89e5-289010ecc063', '1f0722dd-ac3e-4a8c-b41b-6ad8f5a3ae7f', '869ddc3e-c8ae-4cd1-8862-b32ba6bb33bb', 'DEP0109', 'Departemen BU-LOG - Bontang'),
('4317d1ed-ae86-4243-b40b-cab3d843e43e', '1f0722dd-ac3e-4a8c-b41b-6ad8f5a3ae7f', 'c905ef69-46a9-44fd-ac54-3fc5ba85bd54', 'DEP0110', 'Departemen BU-LOG - Batam'),
('f9e1ae5f-1110-41a0-8368-b07b70c0677a', '1f0722dd-ac3e-4a8c-b41b-6ad8f5a3ae7f', '5a89a992-a913-450f-b268-29612401fb21', 'DEP0111', 'Departemen BU-LOG - Banjarmasin'),
('73b5c1b6-73af-438d-886b-bc60d1289afa', '1f0722dd-ac3e-4a8c-b41b-6ad8f5a3ae7f', '82cc7234-18dc-40dc-9445-174c24d49f61', 'DEP0112', 'Departemen BU-LOG - Surabaya'),
('51cdfd0d-9602-4bd0-953b-aa8b5d16165e', '147ee9cb-4e3a-4975-9a9c-3f4732540578', '9761c40d-dfb3-4648-aaec-a68f53624043', 'DEP0113', 'Departemen BU-LOG - Dumai'),
('b233d9d6-0e76-4580-b4b4-6b1872236e8e', '147ee9cb-4e3a-4975-9a9c-3f4732540578', '9121a3cd-0983-4342-9070-c58d59abd041', 'DEP0114', 'Departemen BU-LOG - Sangatta'),
('c0b44e91-5982-4844-b2bf-d84f835a6133', '147ee9cb-4e3a-4975-9a9c-3f4732540578', '869ddc3e-c8ae-4cd1-8862-b32ba6bb33bb', 'DEP0115', 'Departemen BU-LOG - Bontang'),
('604d504b-5d00-4ccf-b1f4-f4af3747f4b5', '147ee9cb-4e3a-4975-9a9c-3f4732540578', '9ba02386-af62-4262-a974-2360c43ea890', 'DEP0116', 'Departemen BU-LOG - Tembagapura'),
('57755677-d274-452b-aa0f-a324d9c9e0ef', '147ee9cb-4e3a-4975-9a9c-3f4732540578', '2ca20549-9819-4e7a-b4cd-7a024b5d3d59', 'DEP0117', 'Departemen BU-LOG - Makassar'),
('1467612f-0a62-4dd7-848e-794a83215351', '147ee9cb-4e3a-4975-9a9c-3f4732540578', 'ca022695-32a7-4055-9ecc-1dc3f6622efc', 'DEP0118', 'Departemen BU-LOG - Muara Bungo'),
('c5a86225-e043-4f58-9bc3-768f40e9d471', '147ee9cb-4e3a-4975-9a9c-3f4732540578', '11fde58b-043d-469e-beef-3d71114cb2fb', 'DEP0119', 'Departemen BU-LOG - Jambi'),
('3bfdb817-edcb-402e-80c9-76a4d657d969', '147ee9cb-4e3a-4975-9a9c-3f4732540578', '5a89a992-a913-450f-b268-29612401fb21', 'DEP0120', 'Departemen BU-LOG - Banjarmasin'),
('b8656e1d-9f33-43df-a4f1-8ad4f391eebb', 'c9b41ba7-9b0a-4d5e-a32f-3735fa812eae', '24fae11f-0e14-4d5f-82d2-ca61ca741596', 'DEP0121', 'Departemen BU-MTN - Jakarta Timur'),
('c581eccb-0ade-4cdb-83c6-14d823f3f42d', 'c9b41ba7-9b0a-4d5e-a32f-3735fa812eae', 'b44ed9e2-98a8-4620-82bd-cee25c6cd36d', 'DEP0122', 'Departemen BU-MTN - Balikpapan'),
('2291ea4d-c6c6-4efb-bacd-c3e892e433b5', 'c9b41ba7-9b0a-4d5e-a32f-3735fa812eae', 'e4ab58fd-db65-4253-8260-2784c0215642', 'DEP0123', 'Departemen BU-MTN - Tanjung Enim'),
('4306dfe4-1716-48b9-a31e-626c7c61635b', 'c9b41ba7-9b0a-4d5e-a32f-3735fa812eae', '869ddc3e-c8ae-4cd1-8862-b32ba6bb33bb', 'DEP0124', 'Departemen BU-MTN - Bontang'),
('52e0d77d-f512-4c0e-ad32-921d11215d6b', 'c9b41ba7-9b0a-4d5e-a32f-3735fa812eae', 'f906fe86-6d52-4dad-a45c-660a69e05f55', 'DEP0125', 'Departemen BU-MTN - Tarakan'),
('9e7fa879-39ab-495f-93c1-1c56924737a5', 'c9b41ba7-9b0a-4d5e-a32f-3735fa812eae', '2efa6914-c9a5-43d8-8ee7-b564a3140091', 'DEP0126', 'Departemen BU-MTN - Berau'),
('0fe81d12-4353-4548-854b-de0cb82b4a5b', 'c9b41ba7-9b0a-4d5e-a32f-3735fa812eae', '11fde58b-043d-469e-beef-3d71114cb2fb', 'DEP0127', 'Departemen BU-MTN - Jambi'),
('abf88730-6544-4e6d-a23f-e38008865bf0', 'c9b41ba7-9b0a-4d5e-a32f-3735fa812eae', 'ca50d8e1-5b2c-4f6e-ab54-193c2f98c47d', 'DEP0128', 'Departemen BU-MTN - Sorong'),
('ae724057-8b2b-46d7-bfc7-5fa7c0547456', 'c2227fde-d6cd-4653-be94-3990221f3991', '2ca20549-9819-4e7a-b4cd-7a024b5d3d59', 'DEP0129', 'Departemen BU-MTN - Makassar'),
('d2b19cbc-073e-4aa9-a9de-cf95a0b2634d', 'c2227fde-d6cd-4653-be94-3990221f3991', '5a89a992-a913-450f-b268-29612401fb21', 'DEP0130', 'Departemen BU-MTN - Banjarmasin'),
('60c2a91e-1915-42aa-8008-e5b27a0e9ba4', 'c2227fde-d6cd-4653-be94-3990221f3991', '869ddc3e-c8ae-4cd1-8862-b32ba6bb33bb', 'DEP0131', 'Departemen BU-MTN - Bontang'),
('d474c0b7-e425-495d-86b8-3d09349236b5', 'c2227fde-d6cd-4653-be94-3990221f3991', '31c34f14-6473-41bd-b8fa-837d4f14bdd9', 'DEP0132', 'Departemen BU-MTN - Gresik'),
('2b52d40d-87d6-4e64-9198-b9ac78a8c116', 'c2227fde-d6cd-4653-be94-3990221f3991', '2efa6914-c9a5-43d8-8ee7-b564a3140091', 'DEP0133', 'Departemen BU-MTN - Berau'),
('a68d52f8-bf6d-4174-9209-0e0fcb1fd972', 'c2227fde-d6cd-4653-be94-3990221f3991', 'c1bfcaa8-f7fe-4ff0-8030-05609c985ffa', 'DEP0134', 'Departemen BU-MTN - Timika'),
('54796db0-a2a6-4408-9a03-765d8787d64f', 'c2227fde-d6cd-4653-be94-3990221f3991', 'f906fe86-6d52-4dad-a45c-660a69e05f55', 'DEP0135', 'Departemen BU-MTN - Tarakan'),
('52ee8bd3-d15e-4000-a661-1db04bfd7d43', 'c2227fde-d6cd-4653-be94-3990221f3991', '49a68424-56de-4197-8020-d06b3e66e3e0', 'DEP0136', 'Departemen BU-MTN - Jakarta Selatan'),
('ed9cd5a7-2ac1-431a-b620-204ba6400f41', '88ba43a7-f129-4105-af07-d2f55af2375e', 'e4ab58fd-db65-4253-8260-2784c0215642', 'DEP0137', 'Departemen BU-MTN - Tanjung Enim'),
('a49c4137-60ba-4c4a-87e7-f01fcf9a0aea', '88ba43a7-f129-4105-af07-d2f55af2375e', '82cc7234-18dc-40dc-9445-174c24d49f61', 'DEP0138', 'Departemen BU-MTN - Surabaya'),
('d56aa084-dbbf-4b08-a96b-d63313c56380', '88ba43a7-f129-4105-af07-d2f55af2375e', '2ca20549-9819-4e7a-b4cd-7a024b5d3d59', 'DEP0139', 'Departemen BU-MTN - Makassar'),
('1885e981-cd7f-448d-877e-0a754ad788b7', '88ba43a7-f129-4105-af07-d2f55af2375e', '790b6d92-4fc6-4c6e-ade5-3a358b702f3b', 'DEP0140', 'Departemen BU-MTN - Karawang'),
('769be7bd-541c-4d81-aab1-a897fa2a3464', '88ba43a7-f129-4105-af07-d2f55af2375e', '49a68424-56de-4197-8020-d06b3e66e3e0', 'DEP0141', 'Departemen BU-MTN - Jakarta Selatan'),
('72ae83ca-9ccc-4822-924c-ab0ff099bbe2', '88ba43a7-f129-4105-af07-d2f55af2375e', '11fde58b-043d-469e-beef-3d71114cb2fb', 'DEP0142', 'Departemen BU-MTN - Jambi'),
('f005cfe4-7444-4ae0-8184-880cc852346e', '88ba43a7-f129-4105-af07-d2f55af2375e', 'c1bfcaa8-f7fe-4ff0-8030-05609c985ffa', 'DEP0143', 'Departemen BU-MTN - Timika'),
('f1fdc054-ba0b-4043-903a-71f0fff62abe', '88ba43a7-f129-4105-af07-d2f55af2375e', '77a17dbe-9650-437d-bb8e-c450310cc50b', 'DEP0144', 'Departemen BU-MTN - Bekasi'),
('ddb9c5cf-c4ad-4a57-8eb3-f299e1bf356a', 'ca41dab2-a561-456d-935d-d6bee953fd41', '82cc7234-18dc-40dc-9445-174c24d49f61', 'DEP0145', 'Departemen BU-FM - Surabaya'),
('96b2d11e-6e1c-4ece-8d77-05d1e062d218', 'ca41dab2-a561-456d-935d-d6bee953fd41', '49a68424-56de-4197-8020-d06b3e66e3e0', 'DEP0146', 'Departemen BU-FM - Jakarta Selatan'),
('94c2097e-7585-43f1-8acc-c6bc0b2a43a3', 'ca41dab2-a561-456d-935d-d6bee953fd41', '869ddc3e-c8ae-4cd1-8862-b32ba6bb33bb', 'DEP0147', 'Departemen BU-FM - Bontang'),
('91aff33a-29ad-4430-bc25-1ff2079840f6', 'ca41dab2-a561-456d-935d-d6bee953fd41', 'dc47d499-98c3-4e0e-ad20-927e71358802', 'DEP0148', 'Departemen BU-FM - Cepu'),
('7e09772e-7e76-449a-9a9d-b1f7b05f5b20', 'ca41dab2-a561-456d-935d-d6bee953fd41', '534c7151-f844-4655-89ec-328d2834cb94', 'DEP0149', 'Departemen BU-FM - Cilegon'),
('d972d55b-4db9-4e4b-857a-fd76c6e00b56', 'ca41dab2-a561-456d-935d-d6bee953fd41', 'ef59079a-e0c6-4042-b684-ed6e8f4dd5a2', 'DEP0150', 'Departemen BU-FM - Samarinda'),
('9c23191e-7c2b-4a5b-8eea-c6b4c66c2e38', 'ca41dab2-a561-456d-935d-d6bee953fd41', 'f906fe86-6d52-4dad-a45c-660a69e05f55', 'DEP0151', 'Departemen BU-FM - Tarakan'),
('3ec84690-dd65-4ff7-8d92-5d51fd139a8b', 'ca41dab2-a561-456d-935d-d6bee953fd41', '9761c40d-dfb3-4648-aaec-a68f53624043', 'DEP0152', 'Departemen BU-FM - Dumai'),
('82a5139e-5430-4016-adb6-5be45703aa98', 'c5bb7903-d561-45ac-bf6f-ec291ee0301a', 'b44ed9e2-98a8-4620-82bd-cee25c6cd36d', 'DEP0153', 'Departemen BU-FM - Balikpapan'),
('e898a3cf-0f28-42d8-9cc6-433fbbb516e6', 'c5bb7903-d561-45ac-bf6f-ec291ee0301a', 'f906fe86-6d52-4dad-a45c-660a69e05f55', 'DEP0154', 'Departemen BU-FM - Tarakan'),
('ed169a7c-4d07-4ae1-8fd1-db5d7ece6720', 'c5bb7903-d561-45ac-bf6f-ec291ee0301a', '5a89a992-a913-450f-b268-29612401fb21', 'DEP0155', 'Departemen BU-FM - Banjarmasin'),
('50f8600f-ae85-4893-9af3-ceccd420805b', 'c5bb7903-d561-45ac-bf6f-ec291ee0301a', 'dc47d499-98c3-4e0e-ad20-927e71358802', 'DEP0156', 'Departemen BU-FM - Cepu'),
('512748c6-0568-45b1-9560-b7182736dfe8', 'c5bb7903-d561-45ac-bf6f-ec291ee0301a', '9ba02386-af62-4262-a974-2360c43ea890', 'DEP0157', 'Departemen BU-FM - Tembagapura'),
('08dbe1ab-1c7a-41f7-badc-19cfc7422ad1', 'c5bb7903-d561-45ac-bf6f-ec291ee0301a', 'e4ab58fd-db65-4253-8260-2784c0215642', 'DEP0158', 'Departemen BU-FM - Tanjung Enim'),
('a1395bdb-2de7-4e68-b83b-b81f4fd8960a', 'c5bb7903-d561-45ac-bf6f-ec291ee0301a', '82cc7234-18dc-40dc-9445-174c24d49f61', 'DEP0159', 'Departemen BU-FM - Surabaya'),
('0edd7a09-6329-4ed9-acc7-e904d0db46cd', 'c5bb7903-d561-45ac-bf6f-ec291ee0301a', 'e415f6b9-0aa8-42ea-a7ef-b6fdff10ff1d', 'DEP0160', 'Departemen BU-FM - Pekanbaru'),
('896682ce-2ef9-4a58-9c15-43bfad238b81', '42f185eb-5a4f-4049-b7be-2374456b2273', '534c7151-f844-4655-89ec-328d2834cb94', 'DEP0161', 'Departemen BU-FM - Cilegon'),
('219cc7c5-18d6-4a98-9df3-871ef33d155a', '42f185eb-5a4f-4049-b7be-2374456b2273', '9ba02386-af62-4262-a974-2360c43ea890', 'DEP0162', 'Departemen BU-FM - Tembagapura'),
('41662202-fe57-448b-9811-435530a2d882', '42f185eb-5a4f-4049-b7be-2374456b2273', 'f906fe86-6d52-4dad-a45c-660a69e05f55', 'DEP0163', 'Departemen BU-FM - Tarakan'),
('4c5986ab-93c0-4d54-a9ad-ddaacb6ec1cc', '42f185eb-5a4f-4049-b7be-2374456b2273', '0424463d-cdff-4198-b879-8becddf52825', 'DEP0164', 'Departemen BU-FM - Bontang'),
('91b8e925-bcb0-4aa5-9e99-bf3bc370c46d', '42f185eb-5a4f-4049-b7be-2374456b2273', 'dc47d499-98c3-4e0e-ad20-927e71358802', 'DEP0165', 'Departemen BU-FM - Cepu'),
('f8fc9cc3-da4a-467f-98d2-2942fc43cdac', '42f185eb-5a4f-4049-b7be-2374456b2273', 'ca50d8e1-5b2c-4f6e-ab54-193c2f98c47d', 'DEP0166', 'Departemen BU-FM - Sorong'),
('4816f805-8ba0-4b3c-9847-6ce7274539a1', '42f185eb-5a4f-4049-b7be-2374456b2273', '2efa6914-c9a5-43d8-8ee7-b564a3140091', 'DEP0167', 'Departemen BU-FM - Berau'),
('a3997e8a-5ec1-48df-8c5e-198cfe170ceb', '42f185eb-5a4f-4049-b7be-2374456b2273', 'b44ed9e2-98a8-4620-82bd-cee25c6cd36d', 'DEP0168', 'Departemen BU-FM - Balikpapan'),
('0115a7c8-7753-4511-9941-497e98ec80f4', '5413cc70-a117-46ac-8444-478f4e9ffa9e', '5a89a992-a913-450f-b268-29612401fb21', 'DEP0169', 'Departemen BU-SS - Banjarmasin'),
('16a04ce2-6cdc-408e-9e31-90ea42ec596a', '5413cc70-a117-46ac-8444-478f4e9ffa9e', '869ddc3e-c8ae-4cd1-8862-b32ba6bb33bb', 'DEP0170', 'Departemen BU-SS - Bontang'),
('0b1a2cc0-0514-4d01-ad39-b7149c64c2bf', '5413cc70-a117-46ac-8444-478f4e9ffa9e', 'ca50d8e1-5b2c-4f6e-ab54-193c2f98c47d', 'DEP0171', 'Departemen BU-SS - Sorong'),
('19750a90-d219-49f3-98ab-8d2f9ac9a8d0', '5413cc70-a117-46ac-8444-478f4e9ffa9e', 'c905ef69-46a9-44fd-ac54-3fc5ba85bd54', 'DEP0172', 'Departemen BU-SS - Batam'),
('b4427d06-8fcf-42f8-a648-91fe5949cc9b', '5413cc70-a117-46ac-8444-478f4e9ffa9e', '0424463d-cdff-4198-b879-8becddf52825', 'DEP0173', 'Departemen BU-SS - Bontang'),
('25a1cef2-3b0f-4527-bf22-5659542c9a7f', '5413cc70-a117-46ac-8444-478f4e9ffa9e', '2ca20549-9819-4e7a-b4cd-7a024b5d3d59', 'DEP0174', 'Departemen BU-SS - Makassar'),
('44400680-84f0-46ae-874e-657542340ff0', '5413cc70-a117-46ac-8444-478f4e9ffa9e', 'e415f6b9-0aa8-42ea-a7ef-b6fdff10ff1d', 'DEP0175', 'Departemen BU-SS - Pekanbaru'),
('63d95ddd-d8a4-4b60-934d-3205ca14d921', '5413cc70-a117-46ac-8444-478f4e9ffa9e', '793f961f-5f8f-4aef-a031-7c43843ffcba', 'DEP0176', 'Departemen BU-SS - Palembang'),
('3f67e92e-c9d5-4c1e-b5ae-d64b12d1dfa1', '136d5d0f-e7bf-4559-8fb4-8008de796e00', '534c7151-f844-4655-89ec-328d2834cb94', 'DEP0177', 'Departemen BU-SS - Cilegon'),
('2cb61015-4370-453c-ae38-869a715a255c', '136d5d0f-e7bf-4559-8fb4-8008de796e00', 'd4d7dc6e-69d1-494b-88ea-925d3eff6a96', 'DEP0178', 'Departemen BU-SS - Duri'),
('d02817e1-ebbe-4005-ac9a-bc116a6ed99f', '136d5d0f-e7bf-4559-8fb4-8008de796e00', 'e4ab58fd-db65-4253-8260-2784c0215642', 'DEP0179', 'Departemen BU-SS - Tanjung Enim'),
('659ee0eb-61e0-40c7-8a67-c392566f91d1', '136d5d0f-e7bf-4559-8fb4-8008de796e00', '793f961f-5f8f-4aef-a031-7c43843ffcba', 'DEP0180', 'Departemen BU-SS - Palembang'),
('963b57e1-8dee-404f-8b0b-99af326ad55f', '136d5d0f-e7bf-4559-8fb4-8008de796e00', 'e415f6b9-0aa8-42ea-a7ef-b6fdff10ff1d', 'DEP0181', 'Departemen BU-SS - Pekanbaru'),
('89e16a01-3868-4267-bfb7-1124e5baccad', '136d5d0f-e7bf-4559-8fb4-8008de796e00', 'c1bfcaa8-f7fe-4ff0-8030-05609c985ffa', 'DEP0182', 'Departemen BU-SS - Timika'),
('7f87214c-37d2-4921-a1fd-8595e51214ba', '136d5d0f-e7bf-4559-8fb4-8008de796e00', '9761c40d-dfb3-4648-aaec-a68f53624043', 'DEP0183', 'Departemen BU-SS - Dumai'),
('98be9663-2494-4f23-822a-71acd393bcc1', '136d5d0f-e7bf-4559-8fb4-8008de796e00', 'd6f2aacc-7969-4ced-8c6a-01351d124e13', 'DEP0184', 'Departemen BU-SS - Bojonegoro'),
('fafe39e1-eb30-482b-be51-25d3c3bcb464', '42077cd4-9c18-4a44-8150-636b6f1edce7', 'ef59079a-e0c6-4042-b684-ed6e8f4dd5a2', 'DEP0185', 'Departemen BU-SS - Samarinda'),
('1b30cfd4-70c2-4904-912c-b9369223437a', '42077cd4-9c18-4a44-8150-636b6f1edce7', 'e4ab58fd-db65-4253-8260-2784c0215642', 'DEP0186', 'Departemen BU-SS - Tanjung Enim'),
('c8af59f0-e40d-4351-be36-4439e66fe5ae', '42077cd4-9c18-4a44-8150-636b6f1edce7', 'e415f6b9-0aa8-42ea-a7ef-b6fdff10ff1d', 'DEP0187', 'Departemen BU-SS - Pekanbaru'),
('e788ceac-4a94-4e11-88f7-35cc03400ed9', '42077cd4-9c18-4a44-8150-636b6f1edce7', 'ca50d8e1-5b2c-4f6e-ab54-193c2f98c47d', 'DEP0188', 'Departemen BU-SS - Sorong'),
('ab2fb947-6a46-46bf-9905-18bb6b37177f', '42077cd4-9c18-4a44-8150-636b6f1edce7', '5a89a992-a913-450f-b268-29612401fb21', 'DEP0189', 'Departemen BU-SS - Banjarmasin'),
('a0e7c235-c05a-4438-8569-26bc921f4a38', '42077cd4-9c18-4a44-8150-636b6f1edce7', '2efa6914-c9a5-43d8-8ee7-b564a3140091', 'DEP0190', 'Departemen BU-SS - Berau'),
('4f47d21d-3534-4e5e-981e-4cd9c825c031', '42077cd4-9c18-4a44-8150-636b6f1edce7', '9761c40d-dfb3-4648-aaec-a68f53624043', 'DEP0191', 'Departemen BU-SS - Dumai'),
('3589dfb2-edba-4407-8cf6-88e3c606932a', '42077cd4-9c18-4a44-8150-636b6f1edce7', '24fae11f-0e14-4d5f-82d2-ca61ca741596', 'DEP0192', 'Departemen BU-SS - Jakarta Timur'),
('8cd41807-f195-4c66-8e26-01d4451fadc2', 'bfab13d3-8198-40c3-80e8-22ccdf5c3e92', '1bdd6e60-1847-44f9-bd8c-524470b5b897', 'DEP0193', 'Departemen Human Resources'),
('d824cfdd-96c5-47e7-a756-9ca68fa98cd7', 'bfab13d3-8198-40c3-80e8-22ccdf5c3e92', '1bdd6e60-1847-44f9-bd8c-524470b5b897', 'DEP0194', 'Departemen Finance & Accounting'),
('2f8ee256-7cef-475e-b427-c0d4197a5050', 'bfab13d3-8198-40c3-80e8-22ccdf5c3e92', '1bdd6e60-1847-44f9-bd8c-524470b5b897', 'DEP0195', 'Departemen Legal & Compliance'),
('6c40d195-c5bb-4ae2-bbaf-efbc5853bbf4', 'bfab13d3-8198-40c3-80e8-22ccdf5c3e92', '1bdd6e60-1847-44f9-bd8c-524470b5b897', 'DEP0196', 'Departemen IT & Systems'),
('7839f398-a8db-4ed5-aa49-a7ba68b4ac38', 'bfab13d3-8198-40c3-80e8-22ccdf5c3e92', '1bdd6e60-1847-44f9-bd8c-524470b5b897', 'DEP0197', 'Departemen Corporate Affairs');

insert into sections (id, department_id, code, name) values
('637efca1-c2cc-420b-8454-2bc075d601c5', 'e4375338-30ab-4ad8-8c0a-59fde0268094', 'SEC0001', 'Lapangan - Departemen BU-CAT - Cilegon'),
('e54631cb-4b91-4401-b6ab-2cf6b3e89d50', '4206be2d-25bc-4ac0-9251-9d50d8f51487', 'SEC0002', 'Lapangan - Departemen BU-CAT - Sorong'),
('75af798a-09be-4759-bdbd-a27f13d0646f', '294fe2e9-ef11-42a4-8ee7-d476e3cd027c', 'SEC0003', 'Lapangan - Departemen BU-CAT - Duri'),
('a08be017-5755-437f-bc07-0d1d7043d44b', 'd1f2cd51-f298-4698-a221-a44e6875d153', 'SEC0004', 'Lapangan - Departemen BU-CAT - Jambi'),
('28d13e61-7c6c-4d14-b7fc-86810361693e', '80a02912-91b6-4e1b-9b5b-db6afb429c4d', 'SEC0005', 'Lapangan - Departemen BU-CAT - Banjarmasin'),
('54fa4995-d801-4044-bd0f-75d8a319b316', '10d06c2f-0dbf-46a3-86d2-52c4019fb72f', 'SEC0006', 'Gudang & Persediaan - Departemen BU-CAT - Muara Bungo'),
('349c7b3b-0ce3-4e6a-bb68-e849cf0adc6b', '269660b5-bb4a-4f51-949f-7cb31bf7b7a6', 'SEC0007', 'Lapangan - Departemen BU-CAT - Berau'),
('8456cf4e-e2b0-43d5-a50e-68c28c3c00ab', '2d6e4777-351a-414e-b239-ff6e173fb63d', 'SEC0008', 'Operasional Harian - Departemen BU-CAT - Bontang'),
('2160fb36-98be-4144-a4d3-461509027894', '43b9f9de-933f-417f-a40d-b844e7db3845', 'SEC0009', 'Lapangan - Departemen BU-CAT - Bojonegoro'),
('3d4b877a-205a-40d8-887c-20bfa6730df5', '43b9f9de-933f-417f-a40d-b844e7db3845', 'SEC0010', 'Quality Control - Departemen BU-CAT - Bojonegoro'),
('edc2c9e2-c3c1-4c4d-aff0-3d5ec1c326cf', '5df4aaf1-a358-4c0e-89f4-54bdbe8e4e52', 'SEC0011', 'Quality Control - Departemen BU-CAT - Sorong'),
('c02c6383-cd83-4be3-af43-f4eab3369cf3', '029788eb-c3f1-4582-af72-96b06b940606', 'SEC0012', 'Lapangan - Departemen BU-CAT - Cepu'),
('b6163410-2bcd-4046-819f-d27ea5f0fda5', '029788eb-c3f1-4582-af72-96b06b940606', 'SEC0013', 'Administrasi - Departemen BU-CAT - Cepu'),
('ac93ebc9-637b-4078-8e24-0f5b63be9d3a', 'dfedbd9f-91f6-45d4-a509-c242f9dfaef2', 'SEC0014', 'Administrasi - Departemen BU-CAT - Muara Bungo'),
('8828664f-b003-4abb-8b87-bb78fb723370', 'e77d1b63-e57a-4481-9bd8-3dc95e08967f', 'SEC0015', 'Lapangan - Departemen BU-CAT - Balikpapan'),
('4166131a-1059-4499-9f40-49313d8b96bd', '993c91cd-da7d-4327-aebe-657f562b8d0d', 'SEC0016', 'Lapangan - Departemen BU-CAT - Jakarta Timur'),
('35d2f8e8-2446-4965-932c-4d982a8a71d8', 'e040904b-ab2b-452b-b6f0-bb29e67b3396', 'SEC0017', 'Operasional Harian - Departemen BU-CAT - Tanjung Enim'),
('16e51fad-f22e-43c2-aa6c-792554d6dd1d', '8980c40f-5e1b-420d-bda5-02e4b25e3e18', 'SEC0018', 'Gudang & Persediaan - Departemen BU-CAT - Bekasi'),
('e88c4a3a-f500-4a4c-83e5-4b5ce933599d', '6ef275f9-a759-4e92-89d8-818361897714', 'SEC0019', 'Administrasi - Departemen BU-CAT - Dumai'),
('de09f940-2909-4aeb-9f5f-5da3c8d44676', '6ef275f9-a759-4e92-89d8-818361897714', 'SEC0020', 'Quality Control - Departemen BU-CAT - Dumai'),
('dc3f3b22-f167-404a-9d49-8b56159ddb79', '24eaddfa-e4de-4a96-8b17-bd1bbcc269b4', 'SEC0021', 'Operasional Harian - Departemen BU-CAT - Sangatta'),
('860028fc-c3ed-4f69-9f66-87564b261aae', '443e58e4-f320-4df3-97a4-60a6c22368a0', 'SEC0022', 'Quality Control - Departemen BU-CAT - Berau'),
('e0fa3eda-ea94-4db2-82b9-dfabe82a541a', '8fc83712-8cf0-48a9-ab02-8ffbf6c4375f', 'SEC0023', 'Operasional Harian - Departemen BU-CAT - Samarinda'),
('c16b33cc-0587-4f43-bc06-f8f8b7f608cc', '91001c1e-4ddb-4107-adfb-e13ad5aca683', 'SEC0024', 'Quality Control - Departemen BU-CAT - Jambi'),
('bffdfe7a-c844-4c74-a03d-7f580f8c49f0', '69d45d4b-2cb8-474a-a72d-d7a3b82c18ab', 'SEC0025', 'Operasional Harian - Departemen BU-CAT - Bekasi'),
('cf0e29c8-1f50-4d5c-ab75-c854a317c83f', '69d45d4b-2cb8-474a-a72d-d7a3b82c18ab', 'SEC0026', 'Gudang & Persediaan - Departemen BU-CAT - Bekasi'),
('7adf7daa-587a-464d-ab41-3de5884f6303', '343633eb-2e8f-4318-b071-ab8f254cf87d', 'SEC0027', 'Lapangan - Departemen BU-CAT - Muara Bungo'),
('1d432ba3-bd94-4031-b08f-e71b97449b30', 'b23209ec-59df-418f-ba13-aeeafe4f9d55', 'SEC0028', 'Administrasi - Departemen BU-CAT - Sorong'),
('ed5368d2-a60e-4239-9441-0439f69b3d18', '812a0fde-fd29-40d9-a9c9-9f33235400ec', 'SEC0029', 'Gudang & Persediaan - Departemen BU-CAMP - Balikpapan'),
('2db54050-31c7-484f-bb33-0cadef88f8e1', 'fc7069bc-9ef4-4338-89d2-75534eb0dfa0', 'SEC0030', 'Operasional Harian - Departemen BU-CAMP - Pekanbaru'),
('4e75340b-4398-419a-864c-b09c7aef5e07', 'a5ee3f7b-392c-4c48-9ec7-9f531d2986c1', 'SEC0031', 'Quality Control - Departemen BU-CAMP - Cilegon'),
('3d63f86f-e307-4ecc-9969-ada7d5a15c09', 'ee22873a-f475-46ea-81c9-127591c1c953', 'SEC0032', 'Operasional Harian - Departemen BU-CAMP - Samarinda'),
('5624161e-dd8c-414e-9579-c62631660ac1', 'c458db91-8d51-45ad-8197-8d3a2eb26ac1', 'SEC0033', 'Administrasi - Departemen BU-CAMP - Banjarmasin'),
('69585d05-8364-4290-be29-bfbc4d666f1c', '9a5d27c1-f6e9-4f2e-a4b0-e345e3eeff33', 'SEC0034', 'Lapangan - Departemen BU-CAMP - Tembagapura'),
('512da80f-e9ca-4a2a-aceb-373a448fb933', '0431ba36-b335-4b79-8b7e-dfd864fab9fd', 'SEC0035', 'Quality Control - Departemen BU-CAMP - Bontang'),
('016b7c20-afb6-41aa-8c5b-b90dc1b549cd', 'd22c0d8b-8581-48d1-9ee0-6b44518c3caa', 'SEC0036', 'Quality Control - Departemen BU-CAMP - Sorong'),
('dd38f55c-f4f7-42e3-8708-4d9325c48fa9', 'd22c0d8b-8581-48d1-9ee0-6b44518c3caa', 'SEC0037', 'Operasional Harian - Departemen BU-CAMP - Sorong'),
('d31537c2-266b-407e-85c5-54406cd5a35d', '4b2c9e6c-1633-419d-a97a-494f2902b59f', 'SEC0038', 'Administrasi - Departemen BU-CAMP - Muara Bungo'),
('5ff07f1c-981a-401a-985a-0357ba0c6088', '087cf459-ffe7-4a20-8727-721b5ed1ee1c', 'SEC0039', 'Gudang & Persediaan - Departemen BU-CAMP - Pekanbaru'),
('2ce667d8-5c9f-4ae5-b916-28f696e14736', '52b1941a-c414-4559-b575-144c3850be23', 'SEC0040', 'Gudang & Persediaan - Departemen BU-CAMP - Tarakan'),
('79b349ae-7c48-4fcf-83f0-9c5c19b34e61', '258ff320-30f9-484f-9632-a8c5fcd24ee9', 'SEC0041', 'Administrasi - Departemen BU-CAMP - Berau'),
('81183be8-b52e-446b-b162-d9ca78896ce5', 'a723f7cc-a306-4e36-9ff5-2aa837a110e7', 'SEC0042', 'Administrasi - Departemen BU-CAMP - Gresik'),
('9a0d8eb1-3271-4fa5-b5fb-0ae61b762e66', '7a661e78-6754-40af-ba6d-ec9e537539ad', 'SEC0043', 'Administrasi - Departemen BU-CAMP - Jakarta Timur'),
('e8bac907-07c5-449a-8eea-68b7d1bffef7', '7a661e78-6754-40af-ba6d-ec9e537539ad', 'SEC0044', 'Operasional Harian - Departemen BU-CAMP - Jakarta Timur'),
('611f32ce-9c29-4e7c-bf97-02980784bcc2', '1ae5d050-6958-48c4-be7b-0f4949fa0f0a', 'SEC0045', 'Lapangan - Departemen BU-CAMP - Palembang'),
('84959cae-d094-4e27-9e62-1b25ea42e9f3', 'f055c05b-4ee4-41fd-9377-0f8b81d2dee3', 'SEC0046', 'Administrasi - Departemen BU-CAMP - Samarinda'),
('ffdbc601-16ce-4bb8-994b-589ff5c28637', 'f055c05b-4ee4-41fd-9377-0f8b81d2dee3', 'SEC0047', 'Lapangan - Departemen BU-CAMP - Samarinda'),
('36af58fb-631f-4b59-99b8-680b741cf75b', '458906dd-38fb-405d-89e6-6a5a586fb159', 'SEC0048', 'Lapangan - Departemen BU-CAMP - Pekanbaru'),
('1e86608b-69ee-4e3d-9e6d-3fa295f845ba', 'a397aaa7-4b1f-48f1-9e68-1b8001d0530c', 'SEC0049', 'Gudang & Persediaan - Departemen BU-CAMP - Banjarmasin'),
('6ad60317-da77-48a4-afae-08b366037c09', '206a0496-c81a-4082-8f8b-f14221f3b5c7', 'SEC0050', 'Administrasi - Departemen BU-CAMP - Makassar'),
('c8e3f47c-2504-4cb3-9d0a-6fb06a55dd27', '1b5f70e0-2929-4688-a40d-b91808752d68', 'SEC0051', 'Gudang & Persediaan - Departemen BU-CAMP - Duri'),
('f8968d4f-e879-40f7-8867-1cd69e4745c4', '1d1c462b-69bb-4f90-8e40-dfc6645f2b85', 'SEC0052', 'Lapangan - Departemen BU-CAMP - Samarinda'),
('2bad3bf3-d130-4f0f-82e7-049f997db6d6', '37b1aea4-64b9-4a9b-9293-1bbec7ac81fd', 'SEC0053', 'Gudang & Persediaan - Departemen BU-CAMP - Tanjung Enim'),
('86208e94-15c1-4e74-ac67-c60dda27b131', 'ba620fc6-1f67-4f0e-afa3-66aa522e664f', 'SEC0054', 'Quality Control - Departemen BU-CAMP - Bontang'),
('0a2eb864-7002-4967-8c0b-719a13e011e3', '4b2f72f6-f41d-49b8-882c-63174dfed9be', 'SEC0055', 'Operasional Harian - Departemen BU-CAMP - Sorong'),
('435bff3e-1f76-474b-b1b6-13ad4576cab2', '0804d602-e47b-4669-90fb-0b69edb65252', 'SEC0056', 'Lapangan - Departemen BU-HK - Bekasi'),
('42d7fcc8-b1a7-4382-81f6-444006018d2a', '735ba9dc-1d4d-435c-af47-7c029bf1b9fd', 'SEC0057', 'Lapangan - Departemen BU-HK - Palembang'),
('4854ba3d-1ac1-4d3c-b3da-0fc3889241b3', '4ab23f08-3dae-47f0-b0fa-513cd94fcaa0', 'SEC0058', 'Lapangan - Departemen BU-HK - Jakarta Timur'),
('cda3ba8e-6eff-420e-add6-d23caeafe7f8', '73c6ed33-60e0-45d4-a687-a9d985b452f6', 'SEC0059', 'Lapangan - Departemen BU-HK - Karawang'),
('efd50db7-1af4-41dc-a618-96460c675eb8', 'ee18e44b-00e3-49c9-910d-6721ae0fe74e', 'SEC0060', 'Quality Control - Departemen BU-HK - Balikpapan'),
('d2cee2e1-4ab5-4944-8b57-872e8721d1f4', '3e2b64af-8d2a-4188-873d-3cfca839d232', 'SEC0061', 'Administrasi - Departemen BU-HK - Bontang'),
('c8764278-ecb0-49e2-8f3d-0a5fc3cf355f', '8dd59bb9-a3c5-4d98-88e4-91428d50df6a', 'SEC0062', 'Administrasi - Departemen BU-HK - Berau'),
('5828ccb4-97ea-4ff1-95bf-1108af95c7c3', '596080c1-607e-403c-96e1-6ebcc3c3aab9', 'SEC0063', 'Gudang & Persediaan - Departemen BU-HK - Cilegon'),
('73483559-4d4d-480c-92af-a295cda57e2f', '32d3692d-ac9e-4813-9fa5-3580a238ccb0', 'SEC0064', 'Administrasi - Departemen BU-HK - Muara Bungo'),
('98fe40eb-79bf-4e14-91ef-a55bf25a818d', 'e7976637-f23c-415a-a508-bdacf7268e3f', 'SEC0065', 'Gudang & Persediaan - Departemen BU-HK - Bontang'),
('7aacb970-7318-45ef-9333-0c0341efbef5', '78c8ba68-aba0-4682-8266-16c8279079cb', 'SEC0066', 'Operasional Harian - Departemen BU-HK - Jambi'),
('7250ea42-5c8e-4884-9cea-7f0d25c7081a', '17e2bf7a-c492-4f2b-b193-5797a04c29c6', 'SEC0067', 'Lapangan - Departemen BU-HK - Timika'),
('206c23b6-f45f-42e8-9ac9-21e088c696dc', 'dd8f0aea-f58a-42fb-b504-77b6f5c34f36', 'SEC0068', 'Quality Control - Departemen BU-HK - Berau'),
('7b2556a7-9691-48b9-9ffe-c92e7a023236', 'bf0a792b-f4b4-470e-a96d-33899f71e254', 'SEC0069', 'Lapangan - Departemen BU-HK - Gresik'),
('603d303d-e1c4-4bae-91a6-d0b40ce9f79a', '38d7da0c-ef47-4091-9a6a-26722a061275', 'SEC0070', 'Operasional Harian - Departemen BU-HK - Tarakan'),
('52fb766b-10b2-45e4-a23e-6f7aaf26e571', '5d6b35bf-8221-44db-bf2d-5ad54313fae6', 'SEC0071', 'Quality Control - Departemen BU-HK - Cepu'),
('d869a7b5-d28e-4b20-8cba-1a53b88a8a57', '5d6b35bf-8221-44db-bf2d-5ad54313fae6', 'SEC0072', 'Lapangan - Departemen BU-HK - Cepu'),
('a5a65b3e-4a64-4bc3-8b61-3c4c80e7d2ba', '0e38e7eb-5575-4dd3-8fb7-20d3f179ec6a', 'SEC0073', 'Administrasi - Departemen BU-HK - Samarinda'),
('42a00125-8450-46f2-82b0-2f32e4cd582c', '2589d519-ffe9-414c-aa67-31ee2a27e0bb', 'SEC0074', 'Administrasi - Departemen BU-HK - Jambi'),
('e5870703-7929-4705-84c6-39435b38f6a2', 'a5725b9d-04e7-4a83-b249-ce07907a50ba', 'SEC0075', 'Gudang & Persediaan - Departemen BU-HK - Muara Bungo'),
('7ea277f3-85bc-4f5d-9a4e-2023a84aa23d', 'ed9928f4-5644-4683-9d41-1fed1ba01df8', 'SEC0076', 'Gudang & Persediaan - Departemen BU-HK - Karawang'),
('ccbe9865-980f-4dcc-894a-ab9d721408e2', '69d2e519-8c46-4e18-b09f-eef5ded6ace7', 'SEC0077', 'Lapangan - Departemen BU-HK - Jakarta Timur'),
('187c6e4b-b84a-4818-8c43-b6a987355ca8', '4c3fe9f5-82c1-4146-b07b-c3a0bf372df6', 'SEC0078', 'Administrasi - Departemen BU-HK - Balikpapan'),
('c9fa83fd-ed17-4daf-ad63-4c3ee87d0b80', '4456ea9a-be3c-49ab-85dc-f8ab2ed675d2', 'SEC0079', 'Quality Control - Departemen BU-HK - Cepu'),
('90a52870-d4bb-4eed-9827-b546c9881c0b', 'f3eae7a3-448e-4c61-a6f6-afbc81c9280a', 'SEC0080', 'Gudang & Persediaan - Departemen BU-HK - Surabaya'),
('f82ad6f9-e6a4-4c6d-a750-35a85e4f02d8', 'a097c654-f643-47b3-a177-df0c882eb81f', 'SEC0081', 'Quality Control - Departemen BU-LDY - Muara Bungo'),
('b00710c5-a8ec-4936-8ddc-4020f36bd201', '0816fb2b-0f6e-4e96-a74b-f06bbe94e3fd', 'SEC0082', 'Lapangan - Departemen BU-LDY - Samarinda'),
('30d0a3fe-459c-4384-917c-f76fdb7422e5', '1fd1b519-f8c3-448b-a207-1231c93ed64c', 'SEC0083', 'Gudang & Persediaan - Departemen BU-LDY - Surabaya'),
('ea83ee6d-631c-43b7-95fa-fef33b5181a1', '40deab7e-2d85-4ae5-ab1b-dd53e122677b', 'SEC0084', 'Gudang & Persediaan - Departemen BU-LDY - Bekasi'),
('193d0ecd-2a16-4faf-9643-b18187f45f90', '010ac045-5cb0-4742-80f3-39ee69147f9f', 'SEC0085', 'Operasional Harian - Departemen BU-LDY - Bontang'),
('ba875ea8-8476-451c-ad05-3ce868374e2c', '3c3e9c3d-ed83-4a87-a5bb-78354da7066a', 'SEC0086', 'Administrasi - Departemen BU-LDY - Tembagapura'),
('cb397791-1071-480c-94bc-2d1b1d1e21a2', '48510894-5194-4974-a417-3efa0956bd3c', 'SEC0087', 'Quality Control - Departemen BU-LDY - Duri'),
('59654918-faa2-43a4-8862-5fada8b24df4', '80b6b975-f764-40a8-9db5-a25e8ac3d32a', 'SEC0088', 'Gudang & Persediaan - Departemen BU-LDY - Batam'),
('5a271b5a-0d4f-49a0-8b56-cc531892a4b0', '8ab0699a-e621-43ef-8129-9589461719be', 'SEC0089', 'Operasional Harian - Departemen BU-LDY - Surabaya'),
('0ad23f75-6f17-4552-8960-9bb18d84f922', '8ab0699a-e621-43ef-8129-9589461719be', 'SEC0090', 'Operasional Harian - Departemen BU-LDY - Surabaya'),
('3a2fd4d6-105c-4955-b639-ef1f954f55d6', '761898de-8f87-4146-afcd-e7f623cafd38', 'SEC0091', 'Quality Control - Departemen BU-LDY - Timika'),
('5c2a2a26-0921-4d33-a1cc-9be751c21dc6', '9602e96f-2f6a-473d-9ec0-a688064c55d3', 'SEC0092', 'Lapangan - Departemen BU-LDY - Jakarta Timur'),
('0ed98d16-ae9a-44dc-9a34-d679add7245d', 'b57067af-2996-4e4d-84bd-fd535ad2269d', 'SEC0093', 'Operasional Harian - Departemen BU-LDY - Tanjung Enim'),
('d37ea4e2-c2a5-48a3-83f2-6b999c968274', 'b57067af-2996-4e4d-84bd-fd535ad2269d', 'SEC0094', 'Gudang & Persediaan - Departemen BU-LDY - Tanjung Enim'),
('5b031043-afdc-45e1-b7d2-44afc6097f2f', '008a1e6d-2799-4bed-b52f-53496e7cb822', 'SEC0095', 'Lapangan - Departemen BU-LDY - Cepu'),
('d425fe23-2613-4b4e-a10c-ca449265cef4', 'eca27bf2-e5d7-4bec-8f57-abdf75cef1d7', 'SEC0096', 'Quality Control - Departemen BU-LDY - Bontang'),
('358e8b1d-ce3a-43f7-aeb0-220a9d01c949', 'dc13c1cc-10cc-4234-b0c5-9c83da36d893', 'SEC0097', 'Administrasi - Departemen BU-LDY - Sorong'),
('ab1f8c4b-ac69-43f0-be6d-3d7503a68ebb', '4cbd1b55-67ff-40f9-8175-5bf4bc9d6d90', 'SEC0098', 'Lapangan - Departemen BU-LDY - Karawang'),
('cbf7f5aa-eb8a-4c48-9d2e-b5d2c7376d9c', 'e86d7ba1-dfb9-40df-a7cc-00363039f84c', 'SEC0099', 'Operasional Harian - Departemen BU-LDY - Palembang'),
('90d777fa-2240-43a3-9582-24723f04ca26', 'e86d7ba1-dfb9-40df-a7cc-00363039f84c', 'SEC0100', 'Lapangan - Departemen BU-LDY - Palembang'),
('36a78cb6-80e1-41a5-a0df-2cfd7eaae5f4', '512e98e8-9b44-4555-9633-411ededc4567', 'SEC0101', 'Gudang & Persediaan - Departemen BU-LDY - Bontang'),
('f8b97db0-8395-4873-9d9c-6b360f1ac98b', '7424a3f9-ef3f-4af0-bbd6-340b8f85ce75', 'SEC0102', 'Operasional Harian - Departemen BU-LDY - Cilegon'),
('d64c2dd9-039f-4d77-8d39-576e91d80967', '60117341-b02c-43c6-882a-7cb5c573b8c2', 'SEC0103', 'Gudang & Persediaan - Departemen BU-LDY - Makassar'),
('2e4c69ee-e9dc-477e-9541-faab87022494', 'c72f6a55-5c73-4833-89a7-d688e91e888c', 'SEC0104', 'Operasional Harian - Departemen BU-LDY - Pekanbaru'),
('02dba342-858a-4973-a3db-f77eb86e3ab8', '4822bb7b-25c9-495d-ad7b-7038d015d124', 'SEC0105', 'Operasional Harian - Departemen BU-LDY - Timika'),
('25ceec52-8a98-481c-97f7-1e39ec1f3b01', '6306ef58-5c34-4944-bb24-cbe7acc10fd0', 'SEC0106', 'Lapangan - Departemen BU-LDY - Tanjung Enim'),
('cbf9b3e6-52cb-43bf-81f5-a0b3cc20a957', 'fc542e59-b8dc-474b-9b7d-848b134dd2b1', 'SEC0107', 'Gudang & Persediaan - Departemen BU-LDY - Surabaya'),
('20be4bea-fd67-4a12-874b-ea5c7307d197', '4899273e-36eb-4e12-9e40-69ecbb1957e1', 'SEC0108', 'Gudang & Persediaan - Departemen BU-LOG - Tembagapura'),
('c0f89c62-4dc9-4adc-864b-a7199dfed78d', '44640542-2c31-403d-a5a9-37e04ef6133d', 'SEC0109', 'Lapangan - Departemen BU-LOG - Karawang'),
('4fdf8f0f-7229-421d-8041-77ac2090688d', '2dab3861-bf96-4504-ab59-d11b82248995', 'SEC0110', 'Gudang & Persediaan - Departemen BU-LOG - Cilegon'),
('50eb71a0-01d6-453e-b5d3-acad83468027', '709d368e-3bd5-4d0d-a691-e4d6472ae533', 'SEC0111', 'Administrasi - Departemen BU-LOG - Duri'),
('c9c8b485-70b2-4f09-b840-66b49066d2f7', '08a4e14d-30c1-45da-911a-5bf92e817a1b', 'SEC0112', 'Operasional Harian - Departemen BU-LOG - Tanjung Enim'),
('049c8f12-6911-409e-9f9e-adbd6efaae89', 'b748483e-8dc9-46c1-9eb7-e5e329c8fa85', 'SEC0113', 'Operasional Harian - Departemen BU-LOG - Sangatta'),
('e67ba31c-cd68-432e-af73-e7152dc61a61', '53f3393a-0038-4819-876b-0e2c60b5af2d', 'SEC0114', 'Quality Control - Departemen BU-LOG - Sorong'),
('965c4eec-3c9b-4e0f-ad3d-720499172378', 'e12deecb-cd7b-4da1-a05c-b8d503fafde2', 'SEC0115', 'Administrasi - Departemen BU-LOG - Surabaya'),
('9784ada9-4165-4455-9607-fa7a5b3036ab', '92b3c0cc-fb29-400e-b860-7c1ca9c89ddc', 'SEC0116', 'Quality Control - Departemen BU-LOG - Gresik'),
('a2a2080c-a27d-47e2-93c2-48e914c3727e', '641c19d4-5b63-4715-99c6-73033f44e557', 'SEC0117', 'Gudang & Persediaan - Departemen BU-LOG - Bekasi'),
('d60ef434-c5f0-40ed-af00-3979e4703aee', '934aeef6-1496-41f3-a31a-920e320be1ac', 'SEC0118', 'Operasional Harian - Departemen BU-LOG - Cilegon'),
('c5c3d4db-4940-40b1-ae37-2edbfc48c1c1', '934aeef6-1496-41f3-a31a-920e320be1ac', 'SEC0119', 'Lapangan - Departemen BU-LOG - Cilegon'),
('dc4f77aa-07ed-4714-beb6-6af1d2c28d73', '4537912a-6b05-45ea-8d13-b035f7bb14ab', 'SEC0120', 'Gudang & Persediaan - Departemen BU-LOG - Jambi'),
('48e1f3c5-b335-41f0-80bf-56b46b9db44e', '75057f3b-17a4-415a-89e5-289010ecc063', 'SEC0121', 'Operasional Harian - Departemen BU-LOG - Bontang'),
('888d6f39-cee1-4c88-b100-5be5eef631e9', '4317d1ed-ae86-4243-b40b-cab3d843e43e', 'SEC0122', 'Administrasi - Departemen BU-LOG - Batam'),
('68b214d8-e2ac-4301-95d3-81e9033d6a04', 'f9e1ae5f-1110-41a0-8368-b07b70c0677a', 'SEC0123', 'Lapangan - Departemen BU-LOG - Banjarmasin'),
('4b2be62f-129f-4df8-93d6-55b1a3c570fa', '73b5c1b6-73af-438d-886b-bc60d1289afa', 'SEC0124', 'Quality Control - Departemen BU-LOG - Surabaya'),
('92e25eb0-2047-41a1-861b-e45eb303278c', '73b5c1b6-73af-438d-886b-bc60d1289afa', 'SEC0125', 'Administrasi - Departemen BU-LOG - Surabaya'),
('7f961aad-1910-481a-93ef-99505ad11ce9', '51cdfd0d-9602-4bd0-953b-aa8b5d16165e', 'SEC0126', 'Gudang & Persediaan - Departemen BU-LOG - Dumai'),
('e80a3f31-dee7-47b5-a9d8-edd91b4aea2a', 'b233d9d6-0e76-4580-b4b4-6b1872236e8e', 'SEC0127', 'Quality Control - Departemen BU-LOG - Sangatta'),
('dfbd3dbd-05b2-445f-85af-3ea592d79ebd', 'c0b44e91-5982-4844-b2bf-d84f835a6133', 'SEC0128', 'Gudang & Persediaan - Departemen BU-LOG - Bontang'),
('59722461-51ff-4d73-be23-ff6d90b077b7', '604d504b-5d00-4ccf-b1f4-f4af3747f4b5', 'SEC0129', 'Quality Control - Departemen BU-LOG - Tembagapura'),
('9da285c0-3021-4926-ad55-75c8a92fd3ed', '57755677-d274-452b-aa0f-a324d9c9e0ef', 'SEC0130', 'Quality Control - Departemen BU-LOG - Makassar'),
('0ea77983-3246-4e8f-9b74-990d5ad9d8ff', '1467612f-0a62-4dd7-848e-794a83215351', 'SEC0131', 'Quality Control - Departemen BU-LOG - Muara Bungo'),
('6a0731c7-c53c-4284-b913-6035aff646b7', '1467612f-0a62-4dd7-848e-794a83215351', 'SEC0132', 'Administrasi - Departemen BU-LOG - Muara Bungo'),
('164c4d13-8637-459e-8752-4cdc0ab977ec', 'c5a86225-e043-4f58-9bc3-768f40e9d471', 'SEC0133', 'Gudang & Persediaan - Departemen BU-LOG - Jambi'),
('5f516674-d28b-4dff-8b6d-1e33ea02ca8c', '3bfdb817-edcb-402e-80c9-76a4d657d969', 'SEC0134', 'Lapangan - Departemen BU-LOG - Banjarmasin'),
('0776dbfb-384f-4e21-bfc9-b3cac04f85da', 'b8656e1d-9f33-43df-a4f1-8ad4f391eebb', 'SEC0135', 'Administrasi - Departemen BU-MTN - Jakarta Timur'),
('0f9819e1-3b5d-46be-963d-55750a841c14', 'b8656e1d-9f33-43df-a4f1-8ad4f391eebb', 'SEC0136', 'Lapangan - Departemen BU-MTN - Jakarta Timur'),
('bd7ed7b8-6c92-4def-8ada-403af4327d2f', 'c581eccb-0ade-4cdb-83c6-14d823f3f42d', 'SEC0137', 'Gudang & Persediaan - Departemen BU-MTN - Balikpapan'),
('4712bd44-c697-4568-a90d-e6d3b82530fd', '2291ea4d-c6c6-4efb-bacd-c3e892e433b5', 'SEC0138', 'Lapangan - Departemen BU-MTN - Tanjung Enim'),
('6bd8d4c3-2487-43ac-b9c6-edfa4f032e9e', '4306dfe4-1716-48b9-a31e-626c7c61635b', 'SEC0139', 'Operasional Harian - Departemen BU-MTN - Bontang'),
('0569aaac-ddbf-46b0-80b1-252f5647a979', '4306dfe4-1716-48b9-a31e-626c7c61635b', 'SEC0140', 'Lapangan - Departemen BU-MTN - Bontang'),
('9fb8c20e-2489-49d8-a63a-52b020e664df', '52e0d77d-f512-4c0e-ad32-921d11215d6b', 'SEC0141', 'Gudang & Persediaan - Departemen BU-MTN - Tarakan'),
('37e8f979-f4bc-4f14-8c55-f0eb1e94b3ad', '9e7fa879-39ab-495f-93c1-1c56924737a5', 'SEC0142', 'Operasional Harian - Departemen BU-MTN - Berau'),
('a2cda5c8-2b98-42f4-9913-78c9109c1297', '0fe81d12-4353-4548-854b-de0cb82b4a5b', 'SEC0143', 'Gudang & Persediaan - Departemen BU-MTN - Jambi'),
('8c034770-44cf-426c-b347-bf4fb869513b', 'abf88730-6544-4e6d-a23f-e38008865bf0', 'SEC0144', 'Operasional Harian - Departemen BU-MTN - Sorong'),
('230d0793-3907-4b72-9ebe-46783eaa001c', 'ae724057-8b2b-46d7-bfc7-5fa7c0547456', 'SEC0145', 'Administrasi - Departemen BU-MTN - Makassar'),
('259d3d32-e35e-43af-83ab-984735d3bf0f', 'd2b19cbc-073e-4aa9-a9de-cf95a0b2634d', 'SEC0146', 'Quality Control - Departemen BU-MTN - Banjarmasin'),
('7732802c-1dc8-4b38-a8b8-1e96473a70e6', '60c2a91e-1915-42aa-8008-e5b27a0e9ba4', 'SEC0147', 'Lapangan - Departemen BU-MTN - Bontang'),
('a04cf21d-fa8c-47d8-99fa-99e2c4f2dbe2', 'd474c0b7-e425-495d-86b8-3d09349236b5', 'SEC0148', 'Quality Control - Departemen BU-MTN - Gresik'),
('e7e6d35e-cd88-4d99-bf24-ec7e6205fad4', '2b52d40d-87d6-4e64-9198-b9ac78a8c116', 'SEC0149', 'Lapangan - Departemen BU-MTN - Berau'),
('1648fd02-5078-4881-9732-bb190ae42f18', 'a68d52f8-bf6d-4174-9209-0e0fcb1fd972', 'SEC0150', 'Lapangan - Departemen BU-MTN - Timika'),
('f0eb95dc-edc4-49c7-bb35-3e0216842499', '54796db0-a2a6-4408-9a03-765d8787d64f', 'SEC0151', 'Lapangan - Departemen BU-MTN - Tarakan'),
('a3d2e491-b899-401b-8beb-b4be0191d9f6', '52ee8bd3-d15e-4000-a661-1db04bfd7d43', 'SEC0152', 'Administrasi - Departemen BU-MTN - Jakarta Selatan'),
('c9da913a-e74f-411f-ace0-978be2a114ca', 'ed9cd5a7-2ac1-431a-b620-204ba6400f41', 'SEC0153', 'Operasional Harian - Departemen BU-MTN - Tanjung Enim'),
('e5d4c589-a9c3-4a47-bc4c-bba495bfdfb4', 'a49c4137-60ba-4c4a-87e7-f01fcf9a0aea', 'SEC0154', 'Administrasi - Departemen BU-MTN - Surabaya'),
('518c0729-2719-475d-882f-f05d2aec9add', 'd56aa084-dbbf-4b08-a96b-d63313c56380', 'SEC0155', 'Lapangan - Departemen BU-MTN - Makassar'),
('d27081d5-9df1-474f-9dbe-4e0343309008', '1885e981-cd7f-448d-877e-0a754ad788b7', 'SEC0156', 'Lapangan - Departemen BU-MTN - Karawang'),
('cf51689b-6411-48d7-a6b2-5b31a8932ba3', '769be7bd-541c-4d81-aab1-a897fa2a3464', 'SEC0157', 'Gudang & Persediaan - Departemen BU-MTN - Jakarta Selatan'),
('3331b027-8c6b-4c4a-a8c8-3cda51e82b02', '72ae83ca-9ccc-4822-924c-ab0ff099bbe2', 'SEC0158', 'Operasional Harian - Departemen BU-MTN - Jambi'),
('798a5b11-0af0-431c-a7e9-3ff68aa28957', '72ae83ca-9ccc-4822-924c-ab0ff099bbe2', 'SEC0159', 'Administrasi - Departemen BU-MTN - Jambi'),
('02b25111-5f26-4fd9-80ac-b375af1e49de', 'f005cfe4-7444-4ae0-8184-880cc852346e', 'SEC0160', 'Operasional Harian - Departemen BU-MTN - Timika'),
('a81c0645-3f0a-42e7-9f8e-f78977112ea5', 'f1fdc054-ba0b-4043-903a-71f0fff62abe', 'SEC0161', 'Lapangan - Departemen BU-MTN - Bekasi'),
('5ddccf71-ca4f-4c50-9a1b-f732fe938cff', 'ddb9c5cf-c4ad-4a57-8eb3-f299e1bf356a', 'SEC0162', 'Operasional Harian - Departemen BU-FM - Surabaya'),
('9ea56223-086f-403b-a9d2-21c987607080', '96b2d11e-6e1c-4ece-8d77-05d1e062d218', 'SEC0163', 'Gudang & Persediaan - Departemen BU-FM - Jakarta Selatan'),
('404a5d79-1517-48e9-8dba-51a815740439', '94c2097e-7585-43f1-8acc-c6bc0b2a43a3', 'SEC0164', 'Operasional Harian - Departemen BU-FM - Bontang'),
('413daa5e-64d7-4273-9264-f7b00e3e337a', '91aff33a-29ad-4430-bc25-1ff2079840f6', 'SEC0165', 'Administrasi - Departemen BU-FM - Cepu'),
('ec9d63fe-97ba-4365-80af-ee72ed1fa675', '7e09772e-7e76-449a-9a9d-b1f7b05f5b20', 'SEC0166', 'Lapangan - Departemen BU-FM - Cilegon'),
('e7ad4911-46ef-4268-8764-56f368a15c25', 'd972d55b-4db9-4e4b-857a-fd76c6e00b56', 'SEC0167', 'Operasional Harian - Departemen BU-FM - Samarinda'),
('2074eddd-a242-4bcb-aaa2-67be417c7e9a', '9c23191e-7c2b-4a5b-8eea-c6b4c66c2e38', 'SEC0168', 'Gudang & Persediaan - Departemen BU-FM - Tarakan'),
('591e8d36-fa16-409c-bf07-e0477233e984', '3ec84690-dd65-4ff7-8d92-5d51fd139a8b', 'SEC0169', 'Administrasi - Departemen BU-FM - Dumai'),
('728ffe5a-9b32-4c6b-90ed-7c2ab3e8fc71', '3ec84690-dd65-4ff7-8d92-5d51fd139a8b', 'SEC0170', 'Lapangan - Departemen BU-FM - Dumai'),
('ad3a2417-01e1-45bd-a901-46bc56d7b439', '82a5139e-5430-4016-adb6-5be45703aa98', 'SEC0171', 'Lapangan - Departemen BU-FM - Balikpapan'),
('118e216b-2a87-427b-a655-202227583de3', 'e898a3cf-0f28-42d8-9cc6-433fbbb516e6', 'SEC0172', 'Gudang & Persediaan - Departemen BU-FM - Tarakan'),
('d2aece5f-3364-44c5-9ec0-ba811070868c', 'e898a3cf-0f28-42d8-9cc6-433fbbb516e6', 'SEC0173', 'Quality Control - Departemen BU-FM - Tarakan'),
('70bac0d0-3b26-4d19-bfc2-c2694ffe20a7', 'ed169a7c-4d07-4ae1-8fd1-db5d7ece6720', 'SEC0174', 'Administrasi - Departemen BU-FM - Banjarmasin'),
('db95de07-1177-4951-a752-f8f78a4781a8', '50f8600f-ae85-4893-9af3-ceccd420805b', 'SEC0175', 'Gudang & Persediaan - Departemen BU-FM - Cepu'),
('fd93e303-49aa-4171-a5d2-c2a8285ceaed', '512748c6-0568-45b1-9560-b7182736dfe8', 'SEC0176', 'Quality Control - Departemen BU-FM - Tembagapura'),
('af4a4d3a-af74-4d02-a04d-e2e5c26a75f0', '08dbe1ab-1c7a-41f7-badc-19cfc7422ad1', 'SEC0177', 'Operasional Harian - Departemen BU-FM - Tanjung Enim'),
('5fc9fc5f-57a2-4f86-b246-f77c06e3afdc', 'a1395bdb-2de7-4e68-b83b-b81f4fd8960a', 'SEC0178', 'Operasional Harian - Departemen BU-FM - Surabaya'),
('0c93810a-61ff-4a37-9766-5a787e024f7c', '0edd7a09-6329-4ed9-acc7-e904d0db46cd', 'SEC0179', 'Quality Control - Departemen BU-FM - Pekanbaru'),
('277e9b1e-b618-4762-a757-cef75fae199f', '896682ce-2ef9-4a58-9c15-43bfad238b81', 'SEC0180', 'Administrasi - Departemen BU-FM - Cilegon'),
('c87c8f8e-3437-473f-8d89-e7fca0089e37', '219cc7c5-18d6-4a98-9df3-871ef33d155a', 'SEC0181', 'Administrasi - Departemen BU-FM - Tembagapura'),
('0a574e80-efa5-4cdf-a788-8834d5c0bdf6', '41662202-fe57-448b-9811-435530a2d882', 'SEC0182', 'Lapangan - Departemen BU-FM - Tarakan'),
('fcaeb5d7-df0c-45ab-bfe6-342a72e3701b', '4c5986ab-93c0-4d54-a9ad-ddaacb6ec1cc', 'SEC0183', 'Quality Control - Departemen BU-FM - Bontang'),
('da581e3e-04f7-41b7-9006-a72d36c6e383', '91b8e925-bcb0-4aa5-9e99-bf3bc370c46d', 'SEC0184', 'Quality Control - Departemen BU-FM - Cepu'),
('99f9fa97-01ca-4b84-8d48-14b25caed501', 'f8fc9cc3-da4a-467f-98d2-2942fc43cdac', 'SEC0185', 'Gudang & Persediaan - Departemen BU-FM - Sorong'),
('6ee520db-68f8-40da-b8a3-bb5ffde179da', '4816f805-8ba0-4b3c-9847-6ce7274539a1', 'SEC0186', 'Quality Control - Departemen BU-FM - Berau'),
('85a4029a-c70a-4f2d-8d8f-7925cec138cc', 'a3997e8a-5ec1-48df-8c5e-198cfe170ceb', 'SEC0187', 'Administrasi - Departemen BU-FM - Balikpapan'),
('50483429-e74e-4878-b0d2-a5cf00dc1226', '0115a7c8-7753-4511-9941-497e98ec80f4', 'SEC0188', 'Lapangan - Departemen BU-SS - Banjarmasin'),
('ceb58da2-d721-4b6c-a2f5-9ac5a1491fb3', '16a04ce2-6cdc-408e-9e31-90ea42ec596a', 'SEC0189', 'Gudang & Persediaan - Departemen BU-SS - Bontang'),
('63b38675-e8b8-40fb-b7da-317d0aa65563', '0b1a2cc0-0514-4d01-ad39-b7149c64c2bf', 'SEC0190', 'Operasional Harian - Departemen BU-SS - Sorong'),
('6476b5de-be58-4263-a2e6-2a7bf31fe582', '19750a90-d219-49f3-98ab-8d2f9ac9a8d0', 'SEC0191', 'Administrasi - Departemen BU-SS - Batam'),
('7aa12840-1684-4195-89d9-c07193c3f6fc', 'b4427d06-8fcf-42f8-a648-91fe5949cc9b', 'SEC0192', 'Gudang & Persediaan - Departemen BU-SS - Bontang'),
('ff322f85-0e59-4157-9cb8-721f75b3fb2e', '25a1cef2-3b0f-4527-bf22-5659542c9a7f', 'SEC0193', 'Lapangan - Departemen BU-SS - Makassar'),
('37272266-4e35-4da0-8b86-df0f87eaf2ef', '44400680-84f0-46ae-874e-657542340ff0', 'SEC0194', 'Lapangan - Departemen BU-SS - Pekanbaru'),
('dc6c0f78-75ce-44bd-aa64-99def0859308', '63d95ddd-d8a4-4b60-934d-3205ca14d921', 'SEC0195', 'Administrasi - Departemen BU-SS - Palembang'),
('eb8fbb49-442e-40a0-aa83-a4bfae377f95', '3f67e92e-c9d5-4c1e-b5ae-d64b12d1dfa1', 'SEC0196', 'Gudang & Persediaan - Departemen BU-SS - Cilegon'),
('7839e612-a2d3-4d5b-8f5c-6cbba1df67bd', '2cb61015-4370-453c-ae38-869a715a255c', 'SEC0197', 'Administrasi - Departemen BU-SS - Duri'),
('fc466325-ec08-4a7d-bfc0-8f0b3ed52b40', 'd02817e1-ebbe-4005-ac9a-bc116a6ed99f', 'SEC0198', 'Quality Control - Departemen BU-SS - Tanjung Enim'),
('cd546a6d-4219-4224-aa9d-b586af839ddf', '659ee0eb-61e0-40c7-8a67-c392566f91d1', 'SEC0199', 'Quality Control - Departemen BU-SS - Palembang'),
('824f2215-0eaa-4383-9956-ca442e0cf05c', '963b57e1-8dee-404f-8b0b-99af326ad55f', 'SEC0200', 'Lapangan - Departemen BU-SS - Pekanbaru'),
('ef2a60c2-9e18-4872-a9be-e38891ecdd9a', '89e16a01-3868-4267-bfb7-1124e5baccad', 'SEC0201', 'Lapangan - Departemen BU-SS - Timika'),
('b54f5ce3-05ed-4349-9a3a-923576bf3a8a', '89e16a01-3868-4267-bfb7-1124e5baccad', 'SEC0202', 'Lapangan - Departemen BU-SS - Timika'),
('83e0da33-e173-4316-b1f1-4f25591c8667', '7f87214c-37d2-4921-a1fd-8595e51214ba', 'SEC0203', 'Quality Control - Departemen BU-SS - Dumai'),
('1a37adfb-8d82-4b30-99c7-4df672b914ae', '98be9663-2494-4f23-822a-71acd393bcc1', 'SEC0204', 'Operasional Harian - Departemen BU-SS - Bojonegoro'),
('86ca22e6-e482-4251-9461-871bd6a04a6d', 'fafe39e1-eb30-482b-be51-25d3c3bcb464', 'SEC0205', 'Gudang & Persediaan - Departemen BU-SS - Samarinda'),
('6717ed81-2c54-415b-95d9-7e1022e3dcc5', 'fafe39e1-eb30-482b-be51-25d3c3bcb464', 'SEC0206', 'Administrasi - Departemen BU-SS - Samarinda'),
('f7b72dd0-5cd9-47ca-be06-7a8d97f36324', '1b30cfd4-70c2-4904-912c-b9369223437a', 'SEC0207', 'Lapangan - Departemen BU-SS - Tanjung Enim'),
('3ce93920-dd50-4e3e-9c5b-ca41fdafe6ad', 'c8af59f0-e40d-4351-be36-4439e66fe5ae', 'SEC0208', 'Lapangan - Departemen BU-SS - Pekanbaru'),
('42d2411b-fe21-4a52-b65e-9c6dbcedf1ab', 'c8af59f0-e40d-4351-be36-4439e66fe5ae', 'SEC0209', 'Operasional Harian - Departemen BU-SS - Pekanbaru'),
('af40a436-bd2a-4aa9-927a-3032cea53f52', 'e788ceac-4a94-4e11-88f7-35cc03400ed9', 'SEC0210', 'Lapangan - Departemen BU-SS - Sorong'),
('bbf8ff35-2b52-47ae-bd13-bfaa585cd30b', 'ab2fb947-6a46-46bf-9905-18bb6b37177f', 'SEC0211', 'Quality Control - Departemen BU-SS - Banjarmasin'),
('54cd3650-1a9e-4e2f-8fd3-5b23e8eca34f', 'a0e7c235-c05a-4438-8569-26bc921f4a38', 'SEC0212', 'Administrasi - Departemen BU-SS - Berau'),
('582bb231-237b-4d64-8aee-44f99146cdc5', 'a0e7c235-c05a-4438-8569-26bc921f4a38', 'SEC0213', 'Administrasi - Departemen BU-SS - Berau'),
('ee22784a-c2b4-4852-90af-ec7930ac0edc', '4f47d21d-3534-4e5e-981e-4cd9c825c031', 'SEC0214', 'Lapangan - Departemen BU-SS - Dumai'),
('cc5182a0-34ca-4430-a5a5-945f1a02b67c', '3589dfb2-edba-4407-8cf6-88e3c606932a', 'SEC0215', 'Administrasi - Departemen BU-SS - Jakarta Timur'),
('da14b5a1-49bd-4462-90c9-eda514ccb700', '8cd41807-f195-4c66-8e26-01d4451fadc2', 'SEC0216', 'Gudang & Persediaan - Departemen Human Resources'),
('f8a91e66-2d98-4749-9f77-e1d5b6972bbf', 'd824cfdd-96c5-47e7-a756-9ca68fa98cd7', 'SEC0217', 'Administrasi - Departemen Finance & Accounting'),
('dcbd21df-9e0d-4c0b-ba57-f1aeef39afaa', '2f8ee256-7cef-475e-b427-c0d4197a5050', 'SEC0218', 'Lapangan - Departemen Legal & Compliance'),
('9a6922fe-27a3-4f0e-9d38-dfc9b2ce2c77', '6c40d195-c5bb-4ae2-bbaf-efbc5853bbf4', 'SEC0219', 'Operasional Harian - Departemen IT & Systems'),
('91ce4672-2a69-486b-8145-f8f73d7ed69d', '7839f398-a8db-4ed5-aa49-a7ba68b4ac38', 'SEC0220', 'Quality Control - Departemen Corporate Affairs');

insert into job_grades (id, code, name, level_order, base_salary_min, base_salary_max) values
('3575c918-02eb-4a65-9cf6-c4c60d48614e', 'G1', 'Staff Junior', 1, 4500000, 5500000),
('d54647ae-fc5a-4ffd-970b-fefd39323a1c', 'G2', 'Staff', 2, 5000000, 6500000),
('3ccc3699-735a-4b23-9744-580e57af4b31', 'G3', 'Staff Senior', 3, 6000000, 7800000),
('d25b0cad-5b89-4ce5-a3be-e0318c8d2a1d', 'G4', 'Supervisor', 4, 7500000, 10000000),
('1b497877-4451-473a-b46b-1562bd5b1997', 'G5', 'Senior Supervisor', 5, 9500000, 12500000),
('ab04cb1e-16d5-4851-85df-6a96dca477b6', 'G6', 'Assistant Manager', 6, 12000000, 16000000),
('98abe63c-da9d-4327-a722-1346c42baf4b', 'G7', 'Manager', 7, 16000000, 22000000),
('7c395a9e-5904-40a7-9736-5b58cd8407cd', 'G8', 'Senior Manager', 8, 21000000, 28000000),
('3c3bb1aa-f9f3-4199-b2fd-8b1684e46944', 'G9', 'General Manager', 9, 28000000, 38000000),
('4e5b07e4-35d7-40ce-a3bb-60ac0ed57e14', 'G10', 'Vice President', 10, 38000000, 52000000),
('2312be40-bcb3-47e5-8353-bc73f3ac0af4', 'G11', 'Director', 11, 52000000, 75000000),
('cda4c4c0-33ce-41c6-a91b-17012ab56ef3', 'G12', 'C-Level', 12, 75000000, 120000000);

insert into positions (id, section_id, department_id, job_grade_id, code, title, is_managerial) values
('cd3f0e7e-936d-44c9-bf2f-a8f3b86e8df8', '637efca1-c2cc-420b-8454-2bc075d601c5', 'e4375338-30ab-4ad8-8c0a-59fde0268094', 'd25b0cad-5b89-4ce5-a3be-e0318c8d2a1d', 'POS0001', 'Supervisor Housekeeping', true),
('1279b714-40dc-4dc5-a8c0-9d0ff748c7d7', 'e54631cb-4b91-4401-b6ab-2cf6b3e89d50', '4206be2d-25bc-4ac0-9251-9d50d8f51487', 'd25b0cad-5b89-4ce5-a3be-e0318c8d2a1d', 'POS0002', 'Supervisor Kitchen', true),
('2c20dff6-bfb2-4402-8733-dab7ff4fa8dc', '75af798a-09be-4759-bdbd-a27f13d0646f', '294fe2e9-ef11-42a4-8ee7-d476e3cd027c', 'd25b0cad-5b89-4ce5-a3be-e0318c8d2a1d', 'POS0003', 'Supervisor Kitchen', true),
('18c70364-7b1e-42af-8f94-626336ad9832', 'a08be017-5755-437f-bc07-0d1d7043d44b', 'd1f2cd51-f298-4698-a221-a44e6875d153', '3ccc3699-735a-4b23-9744-580e57af4b31', 'POS0004', 'Chef de Partie', false),
('88f98bd0-f0b0-46df-b075-42ac7950cc56', '28d13e61-7c6c-4d14-b7fc-86810361693e', '80a02912-91b6-4e1b-9b5b-db6afb429c4d', '3575c918-02eb-4a65-9cf6-c4c60d48614e', 'POS0005', 'Laundry Operator', false),
('293930d0-5715-4c6d-b551-4f1aba63474f', '54fa4995-d801-4044-bd0f-75d8a319b316', '10d06c2f-0dbf-46a3-86d2-52c4019fb72f', 'd54647ae-fc5a-4ffd-970b-fefd39323a1c', 'POS0006', 'Waiter/Waitress', false),
('ae63f909-5de8-4d6d-83e1-3e9f0a0fbd27', '349c7b3b-0ce3-4e6a-bb68-e849cf0adc6b', '269660b5-bb4a-4f51-949f-7cb31bf7b7a6', '3ccc3699-735a-4b23-9744-580e57af4b31', 'POS0007', 'Senior Technician', false),
('b4692f59-f05d-42b2-828b-7dfcd2ff4053', '8456cf4e-e2b0-43d5-a50e-68c28c3c00ab', '2d6e4777-351a-414e-b239-ff6e173fb63d', 'd54647ae-fc5a-4ffd-970b-fefd39323a1c', 'POS0008', 'Driver', false),
('6e73f32b-2092-4666-8e85-8165269a2af0', '8456cf4e-e2b0-43d5-a50e-68c28c3c00ab', '2d6e4777-351a-414e-b239-ff6e173fb63d', 'd54647ae-fc5a-4ffd-970b-fefd39323a1c', 'POS0009', 'Security Officer', false),
('208b14d3-009b-43c1-bbcb-e7c138672c58', '2160fb36-98be-4144-a4d3-461509027894', '43b9f9de-933f-417f-a40d-b844e7db3845', 'd25b0cad-5b89-4ce5-a3be-e0318c8d2a1d', 'POS0010', 'HR Supervisor', true),
('bb995d65-de18-47d8-bae3-16c957a9100a', '3d4b877a-205a-40d8-887c-20bfa6730df5', '43b9f9de-933f-417f-a40d-b844e7db3845', '3575c918-02eb-4a65-9cf6-c4c60d48614e', 'POS0011', 'Laundry Operator', false),
('e5eb3b82-0fc3-400b-8102-4ae52a221a4c', 'edc2c9e2-c3c1-4c4d-aff0-3d5ec1c326cf', '5df4aaf1-a358-4c0e-89f4-54bdbe8e4e52', '3ccc3699-735a-4b23-9744-580e57af4b31', 'POS0012', 'Payroll Officer', false),
('9034ab89-3d6d-46a7-8d9c-55618012702a', 'c02c6383-cd83-4be3-af43-f4eab3369cf3', '029788eb-c3f1-4582-af72-96b06b940606', '1b497877-4451-473a-b46b-1562bd5b1997', 'POS0013', 'Senior Supervisor Operasional', true),
('d4048696-c4ad-4b48-aad3-6127725c06d5', 'b6163410-2bcd-4046-819f-d27ea5f0fda5', '029788eb-c3f1-4582-af72-96b06b940606', '3575c918-02eb-4a65-9cf6-c4c60d48614e', 'POS0014', 'Admin Junior', false),
('3de9ec5b-165e-43f7-b473-86c02deb9626', 'ac93ebc9-637b-4078-8e24-0f5b63be9d3a', 'dfedbd9f-91f6-45d4-a509-c242f9dfaef2', 'd54647ae-fc5a-4ffd-970b-fefd39323a1c', 'POS0015', 'Storeman', false),
('cc3b5bdd-dfe2-406d-a6c0-3edf2f52b9df', '8828664f-b003-4abb-8b87-bb78fb723370', 'e77d1b63-e57a-4481-9bd8-3dc95e08967f', 'd54647ae-fc5a-4ffd-970b-fefd39323a1c', 'POS0016', 'Waiter/Waitress', false),
('2817dd56-544a-4ea3-a5f7-e8e09e492d8b', '4166131a-1059-4499-9f40-49313d8b96bd', '993c91cd-da7d-4327-aebe-657f562b8d0d', 'ab04cb1e-16d5-4851-85df-6a96dca477b6', 'POS0017', 'Assistant Site Manager', true),
('350ec758-774a-46ff-b448-597725ba2281', '35d2f8e8-2446-4965-932c-4d982a8a71d8', 'e040904b-ab2b-452b-b6f0-bb29e67b3396', 'd54647ae-fc5a-4ffd-970b-fefd39323a1c', 'POS0018', 'Security Officer', false),
('fdea8884-d040-4ea7-9f5c-421a8ab26dff', '16e51fad-f22e-43c2-aa6c-792554d6dd1d', '8980c40f-5e1b-420d-bda5-02e4b25e3e18', 'd54647ae-fc5a-4ffd-970b-fefd39323a1c', 'POS0019', 'Cook', false),
('8228c59e-f8be-4909-acf4-772ac817a69b', 'e88c4a3a-f500-4a4c-83e5-4b5ce933599d', '6ef275f9-a759-4e92-89d8-818361897714', 'ab04cb1e-16d5-4851-85df-6a96dca477b6', 'POS0020', 'Assistant HR Manager', true),
('69b7324b-97c3-4f03-93ca-312c443008b7', 'de09f940-2909-4aeb-9f5f-5da3c8d44676', '6ef275f9-a759-4e92-89d8-818361897714', '3575c918-02eb-4a65-9cf6-c4c60d48614e', 'POS0021', 'Staff Kebersihan', false),
('7a49bfae-7a28-48df-8fd1-8064d01ab07b', 'dc3f3b22-f167-404a-9d49-8b56159ddb79', '24eaddfa-e4de-4a96-8b17-bd1bbcc269b4', '1b497877-4451-473a-b46b-1562bd5b1997', 'POS0022', 'Quality Control Supervisor', true),
('fd515691-9d4e-4077-ab5f-c12559cfc019', '860028fc-c3ed-4f69-9f66-87564b261aae', '443e58e4-f320-4df3-97a4-60a6c22368a0', 'd25b0cad-5b89-4ce5-a3be-e0318c8d2a1d', 'POS0023', 'Camp Boss', true),
('c2129a9b-f199-494c-b060-1aea8207f7bf', 'e0fa3eda-ea94-4db2-82b9-dfabe82a541a', '8fc83712-8cf0-48a9-ab02-8ffbf6c4375f', 'd54647ae-fc5a-4ffd-970b-fefd39323a1c', 'POS0024', 'Steward', false),
('d3aaa9ff-953e-4c62-9a87-5d3e55294ac9', 'e0fa3eda-ea94-4db2-82b9-dfabe82a541a', '8fc83712-8cf0-48a9-ab02-8ffbf6c4375f', 'd54647ae-fc5a-4ffd-970b-fefd39323a1c', 'POS0025', 'Storeman', false),
('a1c52def-c69a-4398-aa15-da1120505683', 'c16b33cc-0587-4f43-bc06-f8f8b7f608cc', '91001c1e-4ddb-4107-adfb-e13ad5aca683', 'd25b0cad-5b89-4ce5-a3be-e0318c8d2a1d', 'POS0026', 'Supervisor Housekeeping', true),
('fef306af-3859-4dee-9c23-64fcadfb72f4', 'bffdfe7a-c844-4c74-a03d-7f580f8c49f0', '69d45d4b-2cb8-474a-a72d-d7a3b82c18ab', 'd25b0cad-5b89-4ce5-a3be-e0318c8d2a1d', 'POS0027', 'Supervisor Kitchen', true),
('32ce6c0e-902b-45c6-af3a-ee9006f97472', 'cf0e29c8-1f50-4d5c-ab75-c854a317c83f', '69d45d4b-2cb8-474a-a72d-d7a3b82c18ab', 'd54647ae-fc5a-4ffd-970b-fefd39323a1c', 'POS0028', 'Security Officer', false),
('eab0421e-0a20-4d04-8e2f-81ad4f4b566b', '7adf7daa-587a-464d-ab41-3de5884f6303', '343633eb-2e8f-4318-b071-ab8f254cf87d', 'd54647ae-fc5a-4ffd-970b-fefd39323a1c', 'POS0029', 'Steward', false),
('98507170-27aa-40dc-8f1c-f220d741592c', '7adf7daa-587a-464d-ab41-3de5884f6303', '343633eb-2e8f-4318-b071-ab8f254cf87d', 'd54647ae-fc5a-4ffd-970b-fefd39323a1c', 'POS0030', 'Steward', false),
('272912fc-b636-40f4-bc52-47ec7210cdda', '1d432ba3-bd94-4031-b08f-e71b97449b30', 'b23209ec-59df-418f-ba13-aeeafe4f9d55', 'd25b0cad-5b89-4ce5-a3be-e0318c8d2a1d', 'POS0031', 'Supervisor Housekeeping', true),
('2d93bf41-e068-4a11-8e23-7cf12e5aaaf4', '1d432ba3-bd94-4031-b08f-e71b97449b30', 'b23209ec-59df-418f-ba13-aeeafe4f9d55', 'd25b0cad-5b89-4ce5-a3be-e0318c8d2a1d', 'POS0032', 'HR Supervisor', true),
('84fcfabc-46c4-4d7e-80b7-867d366998f6', 'ed5368d2-a60e-4239-9441-0439f69b3d18', '812a0fde-fd29-40d9-a9c9-9f33235400ec', '1b497877-4451-473a-b46b-1562bd5b1997', 'POS0033', 'Site Coordinator', true),
('4223e4d2-7f2d-4e80-bb27-5bb93d88413f', '2db54050-31c7-484f-bb33-0cadef88f8e1', 'fc7069bc-9ef4-4338-89d2-75534eb0dfa0', '1b497877-4451-473a-b46b-1562bd5b1997', 'POS0034', 'Quality Control Supervisor', true),
('6b8599fd-5138-43b2-ad66-d858c18d03bc', '4e75340b-4398-419a-864c-b09c7aef5e07', 'a5ee3f7b-392c-4c48-9ec7-9f531d2986c1', '1b497877-4451-473a-b46b-1562bd5b1997', 'POS0035', 'Quality Control Supervisor', true),
('e7fe0bc9-4e5e-49cc-9244-a5c31ab64857', '3d63f86f-e307-4ecc-9969-ada7d5a15c09', 'ee22873a-f475-46ea-81c9-127591c1c953', 'd25b0cad-5b89-4ce5-a3be-e0318c8d2a1d', 'POS0036', 'Supervisor Kitchen', true),
('505cbf5f-4173-4df3-a8d3-d502907030da', '5624161e-dd8c-414e-9579-c62631660ac1', 'c458db91-8d51-45ad-8197-8d3a2eb26ac1', '3ccc3699-735a-4b23-9744-580e57af4b31', 'POS0037', 'Senior Technician', false),
('c3f0445d-0d7e-4dac-a7f9-d93f75d72c4c', '5624161e-dd8c-414e-9579-c62631660ac1', 'c458db91-8d51-45ad-8197-8d3a2eb26ac1', '3ccc3699-735a-4b23-9744-580e57af4b31', 'POS0038', 'Payroll Officer', false),
('fd132426-4606-4acb-aa75-ea8c6694b9b7', '69585d05-8364-4290-be29-bfbc4d666f1c', '9a5d27c1-f6e9-4f2e-a4b0-e345e3eeff33', 'ab04cb1e-16d5-4851-85df-6a96dca477b6', 'POS0039', 'Assistant HR Manager', true),
('66c6ffbd-e8ca-4727-9664-3a0e39484ae0', '512da80f-e9ca-4a2a-aceb-373a448fb933', '0431ba36-b335-4b79-8b7e-dfd864fab9fd', '3575c918-02eb-4a65-9cf6-c4c60d48614e', 'POS0040', 'Laundry Operator', false),
('c610a258-437c-4907-a91d-9f1ac16e3d8d', '016b7c20-afb6-41aa-8c5b-b90dc1b549cd', 'd22c0d8b-8581-48d1-9ee0-6b44518c3caa', '3ccc3699-735a-4b23-9744-580e57af4b31', 'POS0041', 'HSE Officer', false),
('7f487e6d-172c-40d8-ae6a-631c61d397ff', 'dd38f55c-f4f7-42e3-8708-4d9325c48fa9', 'd22c0d8b-8581-48d1-9ee0-6b44518c3caa', '3ccc3699-735a-4b23-9744-580e57af4b31', 'POS0042', 'HSE Officer', false),
('760ebafb-a1f4-4eea-abf8-3e9f0127e28c', 'd31537c2-266b-407e-85c5-54406cd5a35d', '4b2c9e6c-1633-419d-a97a-494f2902b59f', '3575c918-02eb-4a65-9cf6-c4c60d48614e', 'POS0043', 'Staff Kebersihan', false),
('054effce-fae2-4a5d-a9ab-1d8230411c1b', '5ff07f1c-981a-401a-985a-0357ba0c6088', '087cf459-ffe7-4a20-8727-721b5ed1ee1c', 'd25b0cad-5b89-4ce5-a3be-e0318c8d2a1d', 'POS0044', 'Camp Boss', true),
('47c5e3b9-d649-43fd-b462-a4991e0fc94f', '2ce667d8-5c9f-4ae5-b916-28f696e14736', '52b1941a-c414-4559-b575-144c3850be23', '1b497877-4451-473a-b46b-1562bd5b1997', 'POS0045', 'Senior Supervisor Operasional', true),
('f527a3bd-ff33-44df-abda-1824bb714ee3', '79b349ae-7c48-4fcf-83f0-9c5c19b34e61', '258ff320-30f9-484f-9632-a8c5fcd24ee9', 'd25b0cad-5b89-4ce5-a3be-e0318c8d2a1d', 'POS0046', 'Camp Boss', true),
('0515225f-2d7d-467b-84e2-8ba15fbff3c1', '81183be8-b52e-446b-b162-d9ca78896ce5', 'a723f7cc-a306-4e36-9ff5-2aa837a110e7', 'd25b0cad-5b89-4ce5-a3be-e0318c8d2a1d', 'POS0047', 'Supervisor Kitchen', true),
('4a762c77-c221-4fb1-a3a9-50bc24006d6b', '81183be8-b52e-446b-b162-d9ca78896ce5', 'a723f7cc-a306-4e36-9ff5-2aa837a110e7', 'd25b0cad-5b89-4ce5-a3be-e0318c8d2a1d', 'POS0048', 'Supervisor Kitchen', true),
('1ef67559-9118-48bf-af11-b59188ac097e', '9a0d8eb1-3271-4fa5-b5fb-0ae61b762e66', '7a661e78-6754-40af-ba6d-ec9e537539ad', 'd54647ae-fc5a-4ffd-970b-fefd39323a1c', 'POS0049', 'Cook', false),
('0fc161d2-b3d5-41fa-915c-68f9966f1137', 'e8bac907-07c5-449a-8eea-68b7d1bffef7', '7a661e78-6754-40af-ba6d-ec9e537539ad', 'd54647ae-fc5a-4ffd-970b-fefd39323a1c', 'POS0050', 'Driver', false),
('df7e96fc-8595-4948-83f5-0266f33690d9', '611f32ce-9c29-4e7c-bf97-02980784bcc2', '1ae5d050-6958-48c4-be7b-0f4949fa0f0a', '3ccc3699-735a-4b23-9744-580e57af4b31', 'POS0051', 'Recruitment Officer', false),
('0cb77a7e-5b28-4061-8eee-c3291fadf15e', '84959cae-d094-4e27-9e62-1b25ea42e9f3', 'f055c05b-4ee4-41fd-9377-0f8b81d2dee3', '3ccc3699-735a-4b23-9744-580e57af4b31', 'POS0052', 'Senior Technician', false),
('65046481-1dc7-46dc-891f-19f45abe5fbc', 'ffdbc601-16ce-4bb8-994b-589ff5c28637', 'f055c05b-4ee4-41fd-9377-0f8b81d2dee3', '1b497877-4451-473a-b46b-1562bd5b1997', 'POS0053', 'Quality Control Supervisor', true),
('a1bf66f2-4208-4b5f-8c82-3df2c2c3c73e', '36af58fb-631f-4b59-99b8-680b741cf75b', '458906dd-38fb-405d-89e6-6a5a586fb159', 'd25b0cad-5b89-4ce5-a3be-e0318c8d2a1d', 'POS0054', 'Camp Boss', true),
('eacb219e-b718-44b8-9943-07a51d6dec87', '1e86608b-69ee-4e3d-9e6d-3fa295f845ba', 'a397aaa7-4b1f-48f1-9e68-1b8001d0530c', '3575c918-02eb-4a65-9cf6-c4c60d48614e', 'POS0055', 'Warehouse Helper', false),
('f35c2771-37d4-41a4-b04e-b4afa59af9af', '6ad60317-da77-48a4-afae-08b366037c09', '206a0496-c81a-4082-8f8b-f14221f3b5c7', '3ccc3699-735a-4b23-9744-580e57af4b31', 'POS0056', 'HSE Officer', false),
('7c5bbbca-a273-44d3-8224-2fb176531866', 'c8e3f47c-2504-4cb3-9d0a-6fb06a55dd27', '1b5f70e0-2929-4688-a40d-b91808752d68', '3575c918-02eb-4a65-9cf6-c4c60d48614e', 'POS0057', 'Admin Junior', false),
('b426b8ed-4088-4800-af5f-eaed81fed0a7', 'f8968d4f-e879-40f7-8867-1cd69e4745c4', '1d1c462b-69bb-4f90-8e40-dfc6645f2b85', '1b497877-4451-473a-b46b-1562bd5b1997', 'POS0058', 'Senior Supervisor Operasional', true),
('8cfecd6a-87c0-4b15-a985-12296a8d4d92', '2bad3bf3-d130-4f0f-82e7-049f997db6d6', '37b1aea4-64b9-4a9b-9293-1bbec7ac81fd', 'd54647ae-fc5a-4ffd-970b-fefd39323a1c', 'POS0059', 'Cook', false),
('f1e6fc32-af17-4b4e-8a7d-4befa84287fe', '2bad3bf3-d130-4f0f-82e7-049f997db6d6', '37b1aea4-64b9-4a9b-9293-1bbec7ac81fd', 'd54647ae-fc5a-4ffd-970b-fefd39323a1c', 'POS0060', 'Driver', false),
('1d95dbd2-3413-46b9-bb13-38e4e0e312fb', '86208e94-15c1-4e74-ac67-c60dda27b131', 'ba620fc6-1f67-4f0e-afa3-66aa522e664f', '3575c918-02eb-4a65-9cf6-c4c60d48614e', 'POS0061', 'Admin Junior', false),
('180f5ba8-952a-4297-8822-a3fd87f9ae5a', '0a2eb864-7002-4967-8c0b-719a13e011e3', '4b2f72f6-f41d-49b8-882c-63174dfed9be', 'ab04cb1e-16d5-4851-85df-6a96dca477b6', 'POS0062', 'Assistant HR Manager', true),
('0b45487e-285b-45d9-bf98-31b7a1684604', '0a2eb864-7002-4967-8c0b-719a13e011e3', '4b2f72f6-f41d-49b8-882c-63174dfed9be', 'ab04cb1e-16d5-4851-85df-6a96dca477b6', 'POS0063', 'Assistant Site Manager', true),
('f21eaf40-5014-4d18-93e3-f133516cfa0a', '435bff3e-1f76-474b-b1b6-13ad4576cab2', '0804d602-e47b-4669-90fb-0b69edb65252', 'ab04cb1e-16d5-4851-85df-6a96dca477b6', 'POS0064', 'Assistant Site Manager', true),
('4da48009-0530-40a0-b71f-6e1c3300a8f2', '42d7fcc8-b1a7-4382-81f6-444006018d2a', '735ba9dc-1d4d-435c-af47-7c029bf1b9fd', '3575c918-02eb-4a65-9cf6-c4c60d48614e', 'POS0065', 'Helper Dapur', false),
('6c6edc58-c208-4c70-b52c-64a3eb9f8e0c', '4854ba3d-1ac1-4d3c-b3da-0fc3889241b3', '4ab23f08-3dae-47f0-b0fa-513cd94fcaa0', '3ccc3699-735a-4b23-9744-580e57af4b31', 'POS0066', 'Senior Technician', false),
('be71fd43-ea61-4379-8d2f-ab3f36b977e1', 'cda3ba8e-6eff-420e-add6-d23caeafe7f8', '73c6ed33-60e0-45d4-a687-a9d985b452f6', 'd54647ae-fc5a-4ffd-970b-fefd39323a1c', 'POS0067', 'Security Officer', false),
('18b6ed6a-0a3d-4359-b3ef-7d61aabb37fd', 'cda3ba8e-6eff-420e-add6-d23caeafe7f8', '73c6ed33-60e0-45d4-a687-a9d985b452f6', 'd54647ae-fc5a-4ffd-970b-fefd39323a1c', 'POS0068', 'Cook', false),
('37b922ff-9d35-4756-bb78-e5133153dbdd', 'efd50db7-1af4-41dc-a618-96460c675eb8', 'ee18e44b-00e3-49c9-910d-6721ae0fe74e', 'd54647ae-fc5a-4ffd-970b-fefd39323a1c', 'POS0069', 'Waiter/Waitress', false),
('ccc0df9e-bad4-4541-b74c-1872203615cb', 'd2cee2e1-4ab5-4944-8b57-872e8721d1f4', '3e2b64af-8d2a-4188-873d-3cfca839d232', '3ccc3699-735a-4b23-9744-580e57af4b31', 'POS0070', 'Chef de Partie', false),
('cf7e9a8f-e50e-4643-a6ae-258fc7adba73', 'c8764278-ecb0-49e2-8f3d-0a5fc3cf355f', '8dd59bb9-a3c5-4d98-88e4-91428d50df6a', 'd25b0cad-5b89-4ce5-a3be-e0318c8d2a1d', 'POS0071', 'Supervisor Kitchen', true),
('a37c124d-1891-4810-a8ed-c338750e3cfe', 'c8764278-ecb0-49e2-8f3d-0a5fc3cf355f', '8dd59bb9-a3c5-4d98-88e4-91428d50df6a', 'd25b0cad-5b89-4ce5-a3be-e0318c8d2a1d', 'POS0072', 'Camp Boss', true),
('4762e399-0399-4b31-af51-8c97dd134c5d', '5828ccb4-97ea-4ff1-95bf-1108af95c7c3', '596080c1-607e-403c-96e1-6ebcc3c3aab9', 'd25b0cad-5b89-4ce5-a3be-e0318c8d2a1d', 'POS0073', 'Camp Boss', true),
('4305a4dd-a27f-44ad-baf9-8b6d75816bbc', '73483559-4d4d-480c-92af-a295cda57e2f', '32d3692d-ac9e-4813-9fa5-3580a238ccb0', '3575c918-02eb-4a65-9cf6-c4c60d48614e', 'POS0074', 'Helper Dapur', false),
('d1f5c846-ae80-4d66-b858-d3a38164e833', '98fe40eb-79bf-4e14-91ef-a55bf25a818d', 'e7976637-f23c-415a-a508-bdacf7268e3f', 'd25b0cad-5b89-4ce5-a3be-e0318c8d2a1d', 'POS0075', 'Supervisor Kitchen', true),
('91c1cb76-bcdc-4f47-9c78-15462605a47b', '7aacb970-7318-45ef-9333-0c0341efbef5', '78c8ba68-aba0-4682-8266-16c8279079cb', '3ccc3699-735a-4b23-9744-580e57af4b31', 'POS0076', 'Recruitment Officer', false),
('9f884c9b-337d-4938-88f3-5ae70c020a15', '7250ea42-5c8e-4884-9cea-7f0d25c7081a', '17e2bf7a-c492-4f2b-b193-5797a04c29c6', '3ccc3699-735a-4b23-9744-580e57af4b31', 'POS0077', 'Senior Technician', false),
('7fbab871-a823-4066-b05a-c44eeb1d069c', '206c23b6-f45f-42e8-9ac9-21e088c696dc', 'dd8f0aea-f58a-42fb-b504-77b6f5c34f36', 'ab04cb1e-16d5-4851-85df-6a96dca477b6', 'POS0078', 'Assistant Finance Manager', true),
('6c342906-f950-46bc-9848-0ad827db9cd0', '206c23b6-f45f-42e8-9ac9-21e088c696dc', 'dd8f0aea-f58a-42fb-b504-77b6f5c34f36', 'ab04cb1e-16d5-4851-85df-6a96dca477b6', 'POS0079', 'Assistant Finance Manager', true),
('c40041bf-003a-47ab-8d09-735e513aea1f', '7b2556a7-9691-48b9-9ffe-c92e7a023236', 'bf0a792b-f4b4-470e-a96d-33899f71e254', 'd54647ae-fc5a-4ffd-970b-fefd39323a1c', 'POS0080', 'Cook', false),
('e21e3ea3-97bb-44f7-8d4c-40358fe949f5', '603d303d-e1c4-4bae-91a6-d0b40ce9f79a', '38d7da0c-ef47-4091-9a6a-26722a061275', '3575c918-02eb-4a65-9cf6-c4c60d48614e', 'POS0081', 'Warehouse Helper', false),
('a578dd5d-864f-4639-bff1-0d499bb9b000', '52fb766b-10b2-45e4-a23e-6f7aaf26e571', '5d6b35bf-8221-44db-bf2d-5ad54313fae6', '3ccc3699-735a-4b23-9744-580e57af4b31', 'POS0082', 'Payroll Officer', false),
('998bc4a6-53a8-4238-a2af-596f1b06a98a', '52fb766b-10b2-45e4-a23e-6f7aaf26e571', '5d6b35bf-8221-44db-bf2d-5ad54313fae6', '3ccc3699-735a-4b23-9744-580e57af4b31', 'POS0083', 'Chef de Partie', false),
('13022b9a-c8c5-425c-8c9a-accfde29669e', 'd869a7b5-d28e-4b20-8cba-1a53b88a8a57', '5d6b35bf-8221-44db-bf2d-5ad54313fae6', '1b497877-4451-473a-b46b-1562bd5b1997', 'POS0084', 'Senior Supervisor Operasional', true),
('9486d012-79b3-4269-b1a3-e6fb5e98fc8a', 'a5a65b3e-4a64-4bc3-8b61-3c4c80e7d2ba', '0e38e7eb-5575-4dd3-8fb7-20d3f179ec6a', '3575c918-02eb-4a65-9cf6-c4c60d48614e', 'POS0085', 'Admin Junior', false),
('4811b821-7946-421d-956d-b4d1d77ff1e3', '42a00125-8450-46f2-82b0-2f32e4cd582c', '2589d519-ffe9-414c-aa67-31ee2a27e0bb', '3ccc3699-735a-4b23-9744-580e57af4b31', 'POS0086', 'Recruitment Officer', false),
('0c5bbcc3-c3fe-4664-aa82-985660172504', 'e5870703-7929-4705-84c6-39435b38f6a2', 'a5725b9d-04e7-4a83-b249-ce07907a50ba', '3ccc3699-735a-4b23-9744-580e57af4b31', 'POS0087', 'Recruitment Officer', false),
('68ca6705-b273-4dc7-82e5-f5e2ab3e8dbc', '7ea277f3-85bc-4f5d-9a4e-2023a84aa23d', 'ed9928f4-5644-4683-9d41-1fed1ba01df8', '3ccc3699-735a-4b23-9744-580e57af4b31', 'POS0088', 'Chef de Partie', false),
('36fbc8df-a5ef-4b7e-ae00-d77539d249ae', 'ccbe9865-980f-4dcc-894a-ab9d721408e2', '69d2e519-8c46-4e18-b09f-eef5ded6ace7', '1b497877-4451-473a-b46b-1562bd5b1997', 'POS0089', 'Site Coordinator', true),
('500e0775-a7bc-477c-9316-f20f7c981ac6', '187c6e4b-b84a-4818-8c43-b6a987355ca8', '4c3fe9f5-82c1-4146-b07b-c3a0bf372df6', 'd25b0cad-5b89-4ce5-a3be-e0318c8d2a1d', 'POS0090', 'Foreman Maintenance', true),
('46bd0aed-1dfe-4edb-81e1-c146d94d35a3', 'c9fa83fd-ed17-4daf-ad63-4c3ee87d0b80', '4456ea9a-be3c-49ab-85dc-f8ab2ed675d2', '1b497877-4451-473a-b46b-1562bd5b1997', 'POS0091', 'Quality Control Supervisor', true),
('a638ce9b-2884-4476-bc2a-469e24cb7cbd', '90a52870-d4bb-4eed-9827-b546c9881c0b', 'f3eae7a3-448e-4c61-a6f6-afbc81c9280a', 'd54647ae-fc5a-4ffd-970b-fefd39323a1c', 'POS0092', 'Steward', false),
('953943f3-c2d5-41a6-8b89-74a579134521', 'f82ad6f9-e6a4-4c6d-a750-35a85e4f02d8', 'a097c654-f643-47b3-a177-df0c882eb81f', '3ccc3699-735a-4b23-9744-580e57af4b31', 'POS0093', 'HSE Officer', false),
('e777e108-550f-49fd-b25f-73aa25295a7d', 'b00710c5-a8ec-4936-8ddc-4020f36bd201', '0816fb2b-0f6e-4e96-a74b-f06bbe94e3fd', 'ab04cb1e-16d5-4851-85df-6a96dca477b6', 'POS0094', 'Assistant HR Manager', true),
('d1463020-f406-44cf-bb2c-9df9a01e667a', '30d0a3fe-459c-4384-917c-f76fdb7422e5', '1fd1b519-f8c3-448b-a207-1231c93ed64c', '3575c918-02eb-4a65-9cf6-c4c60d48614e', 'POS0095', 'Staff Kebersihan', false),
('3f4e8539-67ae-4662-8e38-7927b51ea25a', 'ea83ee6d-631c-43b7-95fa-fef33b5181a1', '40deab7e-2d85-4ae5-ab1b-dd53e122677b', '3ccc3699-735a-4b23-9744-580e57af4b31', 'POS0096', 'HSE Officer', false),
('a568dca0-0859-4968-8872-fa9ac5a3d8d6', '193d0ecd-2a16-4faf-9643-b18187f45f90', '010ac045-5cb0-4742-80f3-39ee69147f9f', '1b497877-4451-473a-b46b-1562bd5b1997', 'POS0097', 'Site Coordinator', true),
('034e151d-696c-48ed-a33d-a68989cefd57', 'ba875ea8-8476-451c-ad05-3ce868374e2c', '3c3e9c3d-ed83-4a87-a5bb-78354da7066a', 'ab04cb1e-16d5-4851-85df-6a96dca477b6', 'POS0098', 'Assistant Finance Manager', true),
('bace4712-05a1-41a9-bbdb-1efe5aad2417', 'cb397791-1071-480c-94bc-2d1b1d1e21a2', '48510894-5194-4974-a417-3efa0956bd3c', '3575c918-02eb-4a65-9cf6-c4c60d48614e', 'POS0099', 'Warehouse Helper', false),
('aefdd427-cca9-48e8-a732-c9f634fbe38e', '59654918-faa2-43a4-8862-5fada8b24df4', '80b6b975-f764-40a8-9db5-a25e8ac3d32a', '1b497877-4451-473a-b46b-1562bd5b1997', 'POS0100', 'Quality Control Supervisor', true),
('8b6fd797-e219-4065-8521-b3f2069cfcf7', '5a271b5a-0d4f-49a0-8b56-cc531892a4b0', '8ab0699a-e621-43ef-8129-9589461719be', 'd25b0cad-5b89-4ce5-a3be-e0318c8d2a1d', 'POS0101', 'HR Supervisor', true),
('808a9455-9b28-40a1-9ac8-a61d8857cc55', '0ad23f75-6f17-4552-8960-9bb18d84f922', '8ab0699a-e621-43ef-8129-9589461719be', '3ccc3699-735a-4b23-9744-580e57af4b31', 'POS0102', 'Payroll Officer', false),
('53221a10-6629-4c11-b6ed-4d4c602b7d0c', '0ad23f75-6f17-4552-8960-9bb18d84f922', '8ab0699a-e621-43ef-8129-9589461719be', '3ccc3699-735a-4b23-9744-580e57af4b31', 'POS0103', 'Senior Technician', false),
('5d9ad30b-d2d8-4105-bc63-a13d34aa8e9d', '3a2fd4d6-105c-4955-b639-ef1f954f55d6', '761898de-8f87-4146-afcd-e7f623cafd38', '1b497877-4451-473a-b46b-1562bd5b1997', 'POS0104', 'Site Coordinator', true),
('3f970d93-d26a-4edd-ac00-f68830319867', '5c2a2a26-0921-4d33-a1cc-9be751c21dc6', '9602e96f-2f6a-473d-9ec0-a688064c55d3', 'd54647ae-fc5a-4ffd-970b-fefd39323a1c', 'POS0105', 'Security Officer', false),
('b5e41508-d53a-4252-b5e9-29897e6b2023', '0ed98d16-ae9a-44dc-9a34-d679add7245d', 'b57067af-2996-4e4d-84bd-fd535ad2269d', 'd54647ae-fc5a-4ffd-970b-fefd39323a1c', 'POS0106', 'Security Officer', false),
('7ba8aeb5-4719-4f4b-be44-49359016e837', 'd37ea4e2-c2a5-48a3-83f2-6b999c968274', 'b57067af-2996-4e4d-84bd-fd535ad2269d', 'ab04cb1e-16d5-4851-85df-6a96dca477b6', 'POS0107', 'Assistant Finance Manager', true),
('53976d16-6ecd-48e7-9af9-b03ee8831ebc', '5b031043-afdc-45e1-b7d2-44afc6097f2f', '008a1e6d-2799-4bed-b52f-53496e7cb822', 'd25b0cad-5b89-4ce5-a3be-e0318c8d2a1d', 'POS0108', 'HR Supervisor', true),
('c502740e-fdea-4fd5-8de4-546b252809c2', 'd425fe23-2613-4b4e-a10c-ca449265cef4', 'eca27bf2-e5d7-4bec-8f57-abdf75cef1d7', 'ab04cb1e-16d5-4851-85df-6a96dca477b6', 'POS0109', 'Assistant HR Manager', true),
('b140ad88-ea7c-4acc-8029-534d85a51751', '358e8b1d-ce3a-43f7-aeb0-220a9d01c949', 'dc13c1cc-10cc-4234-b0c5-9c83da36d893', '3575c918-02eb-4a65-9cf6-c4c60d48614e', 'POS0110', 'Laundry Operator', false),
('aa5f7687-a132-46eb-a0dc-663480f1b889', 'ab1f8c4b-ac69-43f0-be6d-3d7503a68ebb', '4cbd1b55-67ff-40f9-8175-5bf4bc9d6d90', 'ab04cb1e-16d5-4851-85df-6a96dca477b6', 'POS0111', 'Assistant Site Manager', true),
('d9a225b6-6d88-4c2e-a185-b95327d01729', 'cbf7f5aa-eb8a-4c48-9d2e-b5d2c7376d9c', 'e86d7ba1-dfb9-40df-a7cc-00363039f84c', '1b497877-4451-473a-b46b-1562bd5b1997', 'POS0112', 'Quality Control Supervisor', true),
('f74da61d-99a9-47de-9344-816307ae4803', '90d777fa-2240-43a3-9582-24723f04ca26', 'e86d7ba1-dfb9-40df-a7cc-00363039f84c', '3575c918-02eb-4a65-9cf6-c4c60d48614e', 'POS0113', 'Staff Kebersihan', false),
('9bf53b5a-3cfe-4623-9e37-8d17f1379c20', '36a78cb6-80e1-41a5-a0df-2cfd7eaae5f4', '512e98e8-9b44-4555-9633-411ededc4567', '3575c918-02eb-4a65-9cf6-c4c60d48614e', 'POS0114', 'Warehouse Helper', false),
('b4213927-cbca-4bb6-8ac2-d207e194f7b3', 'f8b97db0-8395-4873-9d9c-6b360f1ac98b', '7424a3f9-ef3f-4af0-bbd6-340b8f85ce75', '3ccc3699-735a-4b23-9744-580e57af4b31', 'POS0115', 'HSE Officer', false),
('4cc08baf-b784-4ed0-848a-04c10f2e896b', 'd64c2dd9-039f-4d77-8d39-576e91d80967', '60117341-b02c-43c6-882a-7cb5c573b8c2', 'd54647ae-fc5a-4ffd-970b-fefd39323a1c', 'POS0116', 'Security Officer', false),
('db1bcfa5-35c6-4b11-8776-273d950cb708', '2e4c69ee-e9dc-477e-9541-faab87022494', 'c72f6a55-5c73-4833-89a7-d688e91e888c', '3ccc3699-735a-4b23-9744-580e57af4b31', 'POS0117', 'Senior Technician', false),
('b9344160-f05b-4b6d-a384-4580277a46f1', '02dba342-858a-4973-a3db-f77eb86e3ab8', '4822bb7b-25c9-495d-ad7b-7038d015d124', 'd54647ae-fc5a-4ffd-970b-fefd39323a1c', 'POS0118', 'Storeman', false),
('ba81b419-1c8f-4cc7-85b1-57bbd5ac22ba', '25ceec52-8a98-481c-97f7-1e39ec1f3b01', '6306ef58-5c34-4944-bb24-cbe7acc10fd0', '3575c918-02eb-4a65-9cf6-c4c60d48614e', 'POS0119', 'Warehouse Helper', false),
('69233c3a-d8e3-4f02-aed1-f1e72ab8ad47', 'cbf9b3e6-52cb-43bf-81f5-a0b3cc20a957', 'fc542e59-b8dc-474b-9b7d-848b134dd2b1', '3ccc3699-735a-4b23-9744-580e57af4b31', 'POS0120', 'HSE Officer', false),
('9ba49fb7-d5ee-4588-941e-a3619a4196ab', '20be4bea-fd67-4a12-874b-ea5c7307d197', '4899273e-36eb-4e12-9e40-69ecbb1957e1', 'd54647ae-fc5a-4ffd-970b-fefd39323a1c', 'POS0121', 'Steward', false),
('b1154353-5ffc-4012-8c9d-25f4de38d348', 'c0f89c62-4dc9-4adc-864b-a7199dfed78d', '44640542-2c31-403d-a5a9-37e04ef6133d', '3ccc3699-735a-4b23-9744-580e57af4b31', 'POS0122', 'Recruitment Officer', false),
('30b3434c-7005-4a81-b234-db05bad87280', '4fdf8f0f-7229-421d-8041-77ac2090688d', '2dab3861-bf96-4504-ab59-d11b82248995', '3ccc3699-735a-4b23-9744-580e57af4b31', 'POS0123', 'Chef de Partie', false),
('72ff479c-e06b-4d32-b5ce-c62fc9dfd700', '50eb71a0-01d6-453e-b5d3-acad83468027', '709d368e-3bd5-4d0d-a691-e4d6472ae533', 'd54647ae-fc5a-4ffd-970b-fefd39323a1c', 'POS0124', 'Cook', false),
('24c859b6-5262-401a-9b1f-0561dabbba6c', 'c9c8b485-70b2-4f09-b840-66b49066d2f7', '08a4e14d-30c1-45da-911a-5bf92e817a1b', '3575c918-02eb-4a65-9cf6-c4c60d48614e', 'POS0125', 'Helper Dapur', false),
('a933c68a-5f0c-4531-872f-b0644b1f73c4', '049c8f12-6911-409e-9f9e-adbd6efaae89', 'b748483e-8dc9-46c1-9eb7-e5e329c8fa85', 'd25b0cad-5b89-4ce5-a3be-e0318c8d2a1d', 'POS0126', 'Camp Boss', true),
('4cf2648a-957f-412c-b67e-a92ed6095e6f', 'e67ba31c-cd68-432e-af73-e7152dc61a61', '53f3393a-0038-4819-876b-0e2c60b5af2d', 'd54647ae-fc5a-4ffd-970b-fefd39323a1c', 'POS0127', 'Storeman', false),
('fed70adc-0f05-494f-aff8-e89049e2ca91', 'e67ba31c-cd68-432e-af73-e7152dc61a61', '53f3393a-0038-4819-876b-0e2c60b5af2d', 'd54647ae-fc5a-4ffd-970b-fefd39323a1c', 'POS0128', 'Driver', false),
('242e8e4e-ee79-4114-868d-2447f5d4f499', '965c4eec-3c9b-4e0f-ad3d-720499172378', 'e12deecb-cd7b-4da1-a05c-b8d503fafde2', 'd54647ae-fc5a-4ffd-970b-fefd39323a1c', 'POS0129', 'Storeman', false),
('4d58cc1b-5b2d-4d92-a991-60b1eeb7f34b', '9784ada9-4165-4455-9607-fa7a5b3036ab', '92b3c0cc-fb29-400e-b860-7c1ca9c89ddc', 'd54647ae-fc5a-4ffd-970b-fefd39323a1c', 'POS0130', 'Storeman', false),
('28550df2-1beb-4ee9-9b16-e48708b93d39', 'a2a2080c-a27d-47e2-93c2-48e914c3727e', '641c19d4-5b63-4715-99c6-73033f44e557', '1b497877-4451-473a-b46b-1562bd5b1997', 'POS0131', 'Site Coordinator', true),
('c7cf80d5-4ee7-4336-aa57-084e681da997', 'a2a2080c-a27d-47e2-93c2-48e914c3727e', '641c19d4-5b63-4715-99c6-73033f44e557', '1b497877-4451-473a-b46b-1562bd5b1997', 'POS0132', 'Senior Supervisor Operasional', true),
('61cb92aa-7d35-4949-bbc1-704c52988512', 'd60ef434-c5f0-40ed-af00-3979e4703aee', '934aeef6-1496-41f3-a31a-920e320be1ac', '3ccc3699-735a-4b23-9744-580e57af4b31', 'POS0133', 'Chef de Partie', false),
('8fa565e3-7af2-40a1-8489-437847009347', 'c5c3d4db-4940-40b1-ae37-2edbfc48c1c1', '934aeef6-1496-41f3-a31a-920e320be1ac', '1b497877-4451-473a-b46b-1562bd5b1997', 'POS0134', 'Site Coordinator', true),
('d5609eda-1f24-4740-bcde-b0d90b74edf5', 'dc4f77aa-07ed-4714-beb6-6af1d2c28d73', '4537912a-6b05-45ea-8d13-b035f7bb14ab', '3ccc3699-735a-4b23-9744-580e57af4b31', 'POS0135', 'HSE Officer', false),
('6e5e2a3c-95c2-4632-97bb-d1e8c5ade058', '48e1f3c5-b335-41f0-80bf-56b46b9db44e', '75057f3b-17a4-415a-89e5-289010ecc063', '3575c918-02eb-4a65-9cf6-c4c60d48614e', 'POS0136', 'Laundry Operator', false),
('ac689a15-fa1c-403a-8248-daa6671ac79b', '48e1f3c5-b335-41f0-80bf-56b46b9db44e', '75057f3b-17a4-415a-89e5-289010ecc063', '3575c918-02eb-4a65-9cf6-c4c60d48614e', 'POS0137', 'Helper Dapur', false),
('1366f584-01c4-4f8e-91dd-735f2e9efa17', '888d6f39-cee1-4c88-b100-5be5eef631e9', '4317d1ed-ae86-4243-b40b-cab3d843e43e', '1b497877-4451-473a-b46b-1562bd5b1997', 'POS0138', 'Site Coordinator', true),
('2947e864-4bab-4885-a9e6-105a66c3ffbd', '68b214d8-e2ac-4301-95d3-81e9033d6a04', 'f9e1ae5f-1110-41a0-8368-b07b70c0677a', '1b497877-4451-473a-b46b-1562bd5b1997', 'POS0139', 'Senior Supervisor Operasional', true),
('f5b3b15b-7d0a-457a-8ecb-44bb671aba51', '68b214d8-e2ac-4301-95d3-81e9033d6a04', 'f9e1ae5f-1110-41a0-8368-b07b70c0677a', '1b497877-4451-473a-b46b-1562bd5b1997', 'POS0140', 'Senior Supervisor Operasional', true),
('96ff87a0-963c-4ae7-a75f-26e252e31162', '4b2be62f-129f-4df8-93d6-55b1a3c570fa', '73b5c1b6-73af-438d-886b-bc60d1289afa', '3ccc3699-735a-4b23-9744-580e57af4b31', 'POS0141', 'Chef de Partie', false),
('522774f4-5be4-4503-9c8c-e9f99237c2b6', '92e25eb0-2047-41a1-861b-e45eb303278c', '73b5c1b6-73af-438d-886b-bc60d1289afa', 'd54647ae-fc5a-4ffd-970b-fefd39323a1c', 'POS0142', 'Steward', false),
('817e9481-9279-46bf-8376-c4167c16490c', '7f961aad-1910-481a-93ef-99505ad11ce9', '51cdfd0d-9602-4bd0-953b-aa8b5d16165e', 'd54647ae-fc5a-4ffd-970b-fefd39323a1c', 'POS0143', 'Cook', false),
('617560d0-2347-45e4-8e86-94eff92cac55', 'e80a3f31-dee7-47b5-a9d8-edd91b4aea2a', 'b233d9d6-0e76-4580-b4b4-6b1872236e8e', '3ccc3699-735a-4b23-9744-580e57af4b31', 'POS0144', 'Recruitment Officer', false),
('352c6696-7369-43f4-aebd-f3686ef32e7e', 'e80a3f31-dee7-47b5-a9d8-edd91b4aea2a', 'b233d9d6-0e76-4580-b4b4-6b1872236e8e', '3ccc3699-735a-4b23-9744-580e57af4b31', 'POS0145', 'Senior Technician', false),
('4088532c-519c-4462-aef7-977ffd22254b', 'dfbd3dbd-05b2-445f-85af-3ea592d79ebd', 'c0b44e91-5982-4844-b2bf-d84f835a6133', '1b497877-4451-473a-b46b-1562bd5b1997', 'POS0146', 'Site Coordinator', true),
('d48a0b5f-cd4e-4037-b63d-3450c1f34e19', '59722461-51ff-4d73-be23-ff6d90b077b7', '604d504b-5d00-4ccf-b1f4-f4af3747f4b5', 'ab04cb1e-16d5-4851-85df-6a96dca477b6', 'POS0147', 'Assistant Site Manager', true),
('869ab615-76f9-47cc-9cc2-8f0f0bdee112', '9da285c0-3021-4926-ad55-75c8a92fd3ed', '57755677-d274-452b-aa0f-a324d9c9e0ef', 'd54647ae-fc5a-4ffd-970b-fefd39323a1c', 'POS0148', 'Waiter/Waitress', false),
('a1bbf4a0-1908-43ef-aff3-29fa303b6e8f', '9da285c0-3021-4926-ad55-75c8a92fd3ed', '57755677-d274-452b-aa0f-a324d9c9e0ef', 'd54647ae-fc5a-4ffd-970b-fefd39323a1c', 'POS0149', 'Waiter/Waitress', false),
('45680112-4b87-4388-ac58-4ce68c411111', '0ea77983-3246-4e8f-9b74-990d5ad9d8ff', '1467612f-0a62-4dd7-848e-794a83215351', 'd25b0cad-5b89-4ce5-a3be-e0318c8d2a1d', 'POS0150', 'Supervisor Kitchen', true),
('4974bf1e-f05d-4b87-9a2d-4dae26e246e0', '6a0731c7-c53c-4284-b913-6035aff646b7', '1467612f-0a62-4dd7-848e-794a83215351', 'd54647ae-fc5a-4ffd-970b-fefd39323a1c', 'POS0151', 'Driver', false),
('b35d5bd3-2ec0-4d39-80b0-f78b551d408b', '164c4d13-8637-459e-8752-4cdc0ab977ec', 'c5a86225-e043-4f58-9bc3-768f40e9d471', '3ccc3699-735a-4b23-9744-580e57af4b31', 'POS0152', 'Recruitment Officer', false),
('f656e9e4-9765-48a6-ae5e-289df5cba698', '5f516674-d28b-4dff-8b6d-1e33ea02ca8c', '3bfdb817-edcb-402e-80c9-76a4d657d969', '3ccc3699-735a-4b23-9744-580e57af4b31', 'POS0153', 'Recruitment Officer', false),
('942511e4-32c9-48c1-9858-40ad1b1e5d47', '0776dbfb-384f-4e21-bfc9-b3cac04f85da', 'b8656e1d-9f33-43df-a4f1-8ad4f391eebb', 'd25b0cad-5b89-4ce5-a3be-e0318c8d2a1d', 'POS0154', 'Camp Boss', true),
('14e1a1b4-90dd-4592-8f79-639957a825d6', '0f9819e1-3b5d-46be-963d-55750a841c14', 'b8656e1d-9f33-43df-a4f1-8ad4f391eebb', '1b497877-4451-473a-b46b-1562bd5b1997', 'POS0155', 'Senior Supervisor Operasional', true),
('e78200ad-d787-4567-a60b-92bbaef35220', 'bd7ed7b8-6c92-4def-8ada-403af4327d2f', 'c581eccb-0ade-4cdb-83c6-14d823f3f42d', '3ccc3699-735a-4b23-9744-580e57af4b31', 'POS0156', 'HSE Officer', false),
('6d400951-bc02-4b5d-b5fc-c89c7d096219', '4712bd44-c697-4568-a90d-e6d3b82530fd', '2291ea4d-c6c6-4efb-bacd-c3e892e433b5', 'd25b0cad-5b89-4ce5-a3be-e0318c8d2a1d', 'POS0157', 'Camp Boss', true),
('7b11a32c-0cf9-4dcb-a38c-5dfa756cf661', '6bd8d4c3-2487-43ac-b9c6-edfa4f032e9e', '4306dfe4-1716-48b9-a31e-626c7c61635b', '3ccc3699-735a-4b23-9744-580e57af4b31', 'POS0158', 'Payroll Officer', false),
('0949272c-401c-4064-a4cd-e016d56502bf', '0569aaac-ddbf-46b0-80b1-252f5647a979', '4306dfe4-1716-48b9-a31e-626c7c61635b', '3575c918-02eb-4a65-9cf6-c4c60d48614e', 'POS0159', 'Laundry Operator', false),
('ebbd32e7-d1eb-43fc-90af-3603200195fa', '9fb8c20e-2489-49d8-a63a-52b020e664df', '52e0d77d-f512-4c0e-ad32-921d11215d6b', '3575c918-02eb-4a65-9cf6-c4c60d48614e', 'POS0160', 'Staff Kebersihan', false),
('8adbb8b0-b31a-4c26-95fb-bf491ed7e698', '37e8f979-f4bc-4f14-8c55-f0eb1e94b3ad', '9e7fa879-39ab-495f-93c1-1c56924737a5', 'd25b0cad-5b89-4ce5-a3be-e0318c8d2a1d', 'POS0161', 'Foreman Maintenance', true),
('48d41785-5903-4d14-9756-ba3044340640', 'a2cda5c8-2b98-42f4-9913-78c9109c1297', '0fe81d12-4353-4548-854b-de0cb82b4a5b', '3ccc3699-735a-4b23-9744-580e57af4b31', 'POS0162', 'Chef de Partie', false),
('09fe88d6-133e-4b26-8d1c-13693797917b', '8c034770-44cf-426c-b347-bf4fb869513b', 'abf88730-6544-4e6d-a23f-e38008865bf0', '3ccc3699-735a-4b23-9744-580e57af4b31', 'POS0163', 'Senior Technician', false),
('014cd3a6-50b4-487e-bf92-304ace7e7d78', '230d0793-3907-4b72-9ebe-46783eaa001c', 'ae724057-8b2b-46d7-bfc7-5fa7c0547456', 'd54647ae-fc5a-4ffd-970b-fefd39323a1c', 'POS0164', 'Waiter/Waitress', false),
('62b309cf-dd10-4282-8843-163ba11ddfe1', '259d3d32-e35e-43af-83ab-984735d3bf0f', 'd2b19cbc-073e-4aa9-a9de-cf95a0b2634d', 'ab04cb1e-16d5-4851-85df-6a96dca477b6', 'POS0165', 'Assistant HR Manager', true),
('c92096fe-1f84-45d5-932d-2d9287c18518', '7732802c-1dc8-4b38-a8b8-1e96473a70e6', '60c2a91e-1915-42aa-8008-e5b27a0e9ba4', 'ab04cb1e-16d5-4851-85df-6a96dca477b6', 'POS0166', 'Assistant Finance Manager', true),
('9ec175af-2c24-4ec5-8ebd-4a0c7d5cc115', '7732802c-1dc8-4b38-a8b8-1e96473a70e6', '60c2a91e-1915-42aa-8008-e5b27a0e9ba4', 'ab04cb1e-16d5-4851-85df-6a96dca477b6', 'POS0167', 'Assistant Site Manager', true),
('7fee45e0-ac35-4811-b57a-4ad1b7ba112e', 'a04cf21d-fa8c-47d8-99fa-99e2c4f2dbe2', 'd474c0b7-e425-495d-86b8-3d09349236b5', '3575c918-02eb-4a65-9cf6-c4c60d48614e', 'POS0168', 'Warehouse Helper', false),
('debee998-948c-42a3-84ca-29364f723010', 'e7e6d35e-cd88-4d99-bf24-ec7e6205fad4', '2b52d40d-87d6-4e64-9198-b9ac78a8c116', '3ccc3699-735a-4b23-9744-580e57af4b31', 'POS0169', 'HSE Officer', false),
('1a4f4540-9b37-46cb-a5d8-c591c842f830', '1648fd02-5078-4881-9732-bb190ae42f18', 'a68d52f8-bf6d-4174-9209-0e0fcb1fd972', 'd54647ae-fc5a-4ffd-970b-fefd39323a1c', 'POS0170', 'Driver', false),
('1197d8a4-c835-4c48-b047-26df2e67c6dd', 'f0eb95dc-edc4-49c7-bb35-3e0216842499', '54796db0-a2a6-4408-9a03-765d8787d64f', 'd25b0cad-5b89-4ce5-a3be-e0318c8d2a1d', 'POS0171', 'Supervisor Kitchen', true),
('a4ada3d4-bc94-41bf-9a9c-4353423e9efd', 'a3d2e491-b899-401b-8beb-b4be0191d9f6', '52ee8bd3-d15e-4000-a661-1db04bfd7d43', 'd25b0cad-5b89-4ce5-a3be-e0318c8d2a1d', 'POS0172', 'Supervisor Kitchen', true),
('2e204ea5-6d3c-4bd6-aead-63e9c7c61f8b', 'c9da913a-e74f-411f-ace0-978be2a114ca', 'ed9cd5a7-2ac1-431a-b620-204ba6400f41', 'd54647ae-fc5a-4ffd-970b-fefd39323a1c', 'POS0173', 'Driver', false),
('0e2d8c5f-7faa-4e7c-8c10-bda120f64b38', 'e5d4c589-a9c3-4a47-bc4c-bba495bfdfb4', 'a49c4137-60ba-4c4a-87e7-f01fcf9a0aea', 'd54647ae-fc5a-4ffd-970b-fefd39323a1c', 'POS0174', 'Storeman', false),
('3be56823-beab-44ce-8385-455ddf8f8b44', '518c0729-2719-475d-882f-f05d2aec9add', 'd56aa084-dbbf-4b08-a96b-d63313c56380', 'ab04cb1e-16d5-4851-85df-6a96dca477b6', 'POS0175', 'Assistant Site Manager', true),
('39bf6881-b770-4020-8cdc-6327ea7204e5', 'd27081d5-9df1-474f-9dbe-4e0343309008', '1885e981-cd7f-448d-877e-0a754ad788b7', 'd54647ae-fc5a-4ffd-970b-fefd39323a1c', 'POS0176', 'Waiter/Waitress', false),
('6d563a19-8ca7-4399-b082-3b9e36886f91', 'cf51689b-6411-48d7-a6b2-5b31a8932ba3', '769be7bd-541c-4d81-aab1-a897fa2a3464', '1b497877-4451-473a-b46b-1562bd5b1997', 'POS0177', 'Site Coordinator', true),
('e2a434d5-250e-40f3-85c6-2a439e49e5a7', '3331b027-8c6b-4c4a-a8c8-3cda51e82b02', '72ae83ca-9ccc-4822-924c-ab0ff099bbe2', 'd25b0cad-5b89-4ce5-a3be-e0318c8d2a1d', 'POS0178', 'HR Supervisor', true),
('83b32394-a192-4538-9c37-01600e11d785', '798a5b11-0af0-431c-a7e9-3ff68aa28957', '72ae83ca-9ccc-4822-924c-ab0ff099bbe2', 'd25b0cad-5b89-4ce5-a3be-e0318c8d2a1d', 'POS0179', 'HR Supervisor', true),
('0cbc7f72-c09e-4834-b999-d6a30d494313', '798a5b11-0af0-431c-a7e9-3ff68aa28957', '72ae83ca-9ccc-4822-924c-ab0ff099bbe2', 'd25b0cad-5b89-4ce5-a3be-e0318c8d2a1d', 'POS0180', 'Foreman Maintenance', true),
('05ee5e7b-c048-4df4-a7f4-8317a41db12c', '02b25111-5f26-4fd9-80ac-b375af1e49de', 'f005cfe4-7444-4ae0-8184-880cc852346e', 'd25b0cad-5b89-4ce5-a3be-e0318c8d2a1d', 'POS0181', 'Supervisor Housekeeping', true),
('b940f9e5-9a94-4ad1-ba4f-97755c0d88a7', 'a81c0645-3f0a-42e7-9f8e-f78977112ea5', 'f1fdc054-ba0b-4043-903a-71f0fff62abe', 'd25b0cad-5b89-4ce5-a3be-e0318c8d2a1d', 'POS0182', 'HR Supervisor', true),
('c2ed7bc0-5743-4073-a036-b67bf0c9335f', '5ddccf71-ca4f-4c50-9a1b-f732fe938cff', 'ddb9c5cf-c4ad-4a57-8eb3-f299e1bf356a', '3575c918-02eb-4a65-9cf6-c4c60d48614e', 'POS0183', 'Admin Junior', false),
('48ca433f-e7ca-4ef3-88b3-4f8f4a904a2c', '9ea56223-086f-403b-a9d2-21c987607080', '96b2d11e-6e1c-4ece-8d77-05d1e062d218', 'd54647ae-fc5a-4ffd-970b-fefd39323a1c', 'POS0184', 'Waiter/Waitress', false),
('fb6a4d72-7e8b-4d54-a77e-ecfff9b04330', '404a5d79-1517-48e9-8dba-51a815740439', '94c2097e-7585-43f1-8acc-c6bc0b2a43a3', 'ab04cb1e-16d5-4851-85df-6a96dca477b6', 'POS0185', 'Assistant HR Manager', true),
('065a0d02-0483-42ea-8863-3bb384bcdba1', '413daa5e-64d7-4273-9264-f7b00e3e337a', '91aff33a-29ad-4430-bc25-1ff2079840f6', 'd54647ae-fc5a-4ffd-970b-fefd39323a1c', 'POS0186', 'Waiter/Waitress', false),
('fd88f637-4e23-45ec-aded-5021edbabf7b', 'ec9d63fe-97ba-4365-80af-ee72ed1fa675', '7e09772e-7e76-449a-9a9d-b1f7b05f5b20', '3575c918-02eb-4a65-9cf6-c4c60d48614e', 'POS0187', 'Staff Kebersihan', false),
('a74efdef-d9c3-478d-9cdd-6b6f5cc9c7ea', 'e7ad4911-46ef-4268-8764-56f368a15c25', 'd972d55b-4db9-4e4b-857a-fd76c6e00b56', '3ccc3699-735a-4b23-9744-580e57af4b31', 'POS0188', 'Recruitment Officer', false),
('124fa4ca-3d9c-49f7-a4dd-5e4bc4181883', '2074eddd-a242-4bcb-aaa2-67be417c7e9a', '9c23191e-7c2b-4a5b-8eea-c6b4c66c2e38', '3575c918-02eb-4a65-9cf6-c4c60d48614e', 'POS0189', 'Admin Junior', false),
('fdf60161-ef61-4816-b4a3-309afd2e8daa', '591e8d36-fa16-409c-bf07-e0477233e984', '3ec84690-dd65-4ff7-8d92-5d51fd139a8b', '3575c918-02eb-4a65-9cf6-c4c60d48614e', 'POS0190', 'Helper Dapur', false),
('2c561946-c522-42be-ad77-e69485dc92da', '728ffe5a-9b32-4c6b-90ed-7c2ab3e8fc71', '3ec84690-dd65-4ff7-8d92-5d51fd139a8b', 'd54647ae-fc5a-4ffd-970b-fefd39323a1c', 'POS0191', 'Security Officer', false),
('a1414ab7-eded-46ca-b568-1babe3cecf08', 'ad3a2417-01e1-45bd-a901-46bc56d7b439', '82a5139e-5430-4016-adb6-5be45703aa98', '1b497877-4451-473a-b46b-1562bd5b1997', 'POS0192', 'Quality Control Supervisor', true),
('964eae40-6ee5-427f-a4e7-a2db59330a93', 'ad3a2417-01e1-45bd-a901-46bc56d7b439', '82a5139e-5430-4016-adb6-5be45703aa98', '1b497877-4451-473a-b46b-1562bd5b1997', 'POS0193', 'Senior Supervisor Operasional', true),
('6c6f0cd1-4869-4f51-8014-9e8cf1f8d6ee', '118e216b-2a87-427b-a655-202227583de3', 'e898a3cf-0f28-42d8-9cc6-433fbbb516e6', '3ccc3699-735a-4b23-9744-580e57af4b31', 'POS0194', 'Senior Technician', false),
('85f18cc2-fa31-4cec-9803-38877a8236f9', 'd2aece5f-3364-44c5-9ec0-ba811070868c', 'e898a3cf-0f28-42d8-9cc6-433fbbb516e6', 'ab04cb1e-16d5-4851-85df-6a96dca477b6', 'POS0195', 'Assistant Finance Manager', true),
('b0ba5a97-707e-4070-9ecf-21978e34fc8a', '70bac0d0-3b26-4d19-bfc2-c2694ffe20a7', 'ed169a7c-4d07-4ae1-8fd1-db5d7ece6720', 'd25b0cad-5b89-4ce5-a3be-e0318c8d2a1d', 'POS0196', 'Supervisor Housekeeping', true),
('63420d4b-4531-4373-8c46-4b59fcd7ade0', 'db95de07-1177-4951-a752-f8f78a4781a8', '50f8600f-ae85-4893-9af3-ceccd420805b', 'd54647ae-fc5a-4ffd-970b-fefd39323a1c', 'POS0197', 'Driver', false),
('0b8095be-94ac-414a-827f-6408017b1255', 'fd93e303-49aa-4171-a5d2-c2a8285ceaed', '512748c6-0568-45b1-9560-b7182736dfe8', '1b497877-4451-473a-b46b-1562bd5b1997', 'POS0198', 'Site Coordinator', true),
('d1436fe0-8abc-4a40-907e-dd98e4d9baeb', 'fd93e303-49aa-4171-a5d2-c2a8285ceaed', '512748c6-0568-45b1-9560-b7182736dfe8', '1b497877-4451-473a-b46b-1562bd5b1997', 'POS0199', 'Site Coordinator', true),
('7c6ddf4f-873f-462c-ba0d-dc1fa9aa2a2c', 'af4a4d3a-af74-4d02-a04d-e2e5c26a75f0', '08dbe1ab-1c7a-41f7-badc-19cfc7422ad1', 'ab04cb1e-16d5-4851-85df-6a96dca477b6', 'POS0200', 'Assistant HR Manager', true),
('d02354f0-bed2-4b5e-9e95-d5b79f169551', '5fc9fc5f-57a2-4f86-b246-f77c06e3afdc', 'a1395bdb-2de7-4e68-b83b-b81f4fd8960a', 'd25b0cad-5b89-4ce5-a3be-e0318c8d2a1d', 'POS0201', 'Foreman Maintenance', true),
('fee01f69-9dbd-4f55-9756-a71a3953627a', '0c93810a-61ff-4a37-9766-5a787e024f7c', '0edd7a09-6329-4ed9-acc7-e904d0db46cd', 'ab04cb1e-16d5-4851-85df-6a96dca477b6', 'POS0202', 'Assistant Finance Manager', true),
('f2bb22a9-5483-47ba-8e67-79210b12e5f6', '277e9b1e-b618-4762-a757-cef75fae199f', '896682ce-2ef9-4a58-9c15-43bfad238b81', '3575c918-02eb-4a65-9cf6-c4c60d48614e', 'POS0203', 'Warehouse Helper', false),
('e2cbac0c-594b-46c0-acf2-862b7f25ad50', 'c87c8f8e-3437-473f-8d89-e7fca0089e37', '219cc7c5-18d6-4a98-9df3-871ef33d155a', '1b497877-4451-473a-b46b-1562bd5b1997', 'POS0204', 'Senior Supervisor Operasional', true),
('ab579acb-4648-4fa5-9340-af80a30dd826', '0a574e80-efa5-4cdf-a788-8834d5c0bdf6', '41662202-fe57-448b-9811-435530a2d882', 'd25b0cad-5b89-4ce5-a3be-e0318c8d2a1d', 'POS0205', 'Supervisor Kitchen', true),
('2ec1e6b5-9534-4fe5-b99a-c88060e8665e', 'fcaeb5d7-df0c-45ab-bfe6-342a72e3701b', '4c5986ab-93c0-4d54-a9ad-ddaacb6ec1cc', 'd54647ae-fc5a-4ffd-970b-fefd39323a1c', 'POS0206', 'Steward', false),
('7f53a35c-eed6-44ff-931f-620df0ebec6b', 'da581e3e-04f7-41b7-9006-a72d36c6e383', '91b8e925-bcb0-4aa5-9e99-bf3bc370c46d', '3ccc3699-735a-4b23-9744-580e57af4b31', 'POS0207', 'Payroll Officer', false),
('8dc28308-97d0-435f-a24a-1be69da3f74d', '99f9fa97-01ca-4b84-8d48-14b25caed501', 'f8fc9cc3-da4a-467f-98d2-2942fc43cdac', '3575c918-02eb-4a65-9cf6-c4c60d48614e', 'POS0208', 'Warehouse Helper', false),
('013b451a-0f26-465d-af3e-b471061c2fa8', '6ee520db-68f8-40da-b8a3-bb5ffde179da', '4816f805-8ba0-4b3c-9847-6ce7274539a1', '1b497877-4451-473a-b46b-1562bd5b1997', 'POS0209', 'Quality Control Supervisor', true),
('8315d5f9-fafb-4df5-8905-202c4604184e', '85a4029a-c70a-4f2d-8d8f-7925cec138cc', 'a3997e8a-5ec1-48df-8c5e-198cfe170ceb', '3575c918-02eb-4a65-9cf6-c4c60d48614e', 'POS0210', 'Helper Dapur', false),
('783552e0-26d0-4dbf-93ad-28462e811843', '50483429-e74e-4878-b0d2-a5cf00dc1226', '0115a7c8-7753-4511-9941-497e98ec80f4', 'd54647ae-fc5a-4ffd-970b-fefd39323a1c', 'POS0211', 'Waiter/Waitress', false),
('5ab4e599-325e-43a4-9173-848dfa685945', '50483429-e74e-4878-b0d2-a5cf00dc1226', '0115a7c8-7753-4511-9941-497e98ec80f4', 'd54647ae-fc5a-4ffd-970b-fefd39323a1c', 'POS0212', 'Cook', false),
('e8077633-717f-42a6-8866-c73d9554d016', 'ceb58da2-d721-4b6c-a2f5-9ac5a1491fb3', '16a04ce2-6cdc-408e-9e31-90ea42ec596a', 'd54647ae-fc5a-4ffd-970b-fefd39323a1c', 'POS0213', 'Storeman', false),
('f0bb56e8-c6e3-4836-818f-828ae213cf5b', 'ceb58da2-d721-4b6c-a2f5-9ac5a1491fb3', '16a04ce2-6cdc-408e-9e31-90ea42ec596a', 'd54647ae-fc5a-4ffd-970b-fefd39323a1c', 'POS0214', 'Storeman', false),
('58062952-3430-457f-bd1f-cea70cc8d52b', '63b38675-e8b8-40fb-b7da-317d0aa65563', '0b1a2cc0-0514-4d01-ad39-b7149c64c2bf', 'd54647ae-fc5a-4ffd-970b-fefd39323a1c', 'POS0215', 'Cook', false),
('f044b1cd-6c99-480c-9791-48bfcd9db428', '63b38675-e8b8-40fb-b7da-317d0aa65563', '0b1a2cc0-0514-4d01-ad39-b7149c64c2bf', 'd54647ae-fc5a-4ffd-970b-fefd39323a1c', 'POS0216', 'Steward', false),
('f6f45988-6df5-4b43-b637-3219b1973893', '6476b5de-be58-4263-a2e6-2a7bf31fe582', '19750a90-d219-49f3-98ab-8d2f9ac9a8d0', '1b497877-4451-473a-b46b-1562bd5b1997', 'POS0217', 'Senior Supervisor Operasional', true),
('7a65ccf3-3f74-4b88-ac0a-a424d8017710', '7aa12840-1684-4195-89d9-c07193c3f6fc', 'b4427d06-8fcf-42f8-a648-91fe5949cc9b', 'd25b0cad-5b89-4ce5-a3be-e0318c8d2a1d', 'POS0218', 'HR Supervisor', true),
('4ba309be-c121-4fc5-a670-ac3d4b383d80', 'ff322f85-0e59-4157-9cb8-721f75b3fb2e', '25a1cef2-3b0f-4527-bf22-5659542c9a7f', '3575c918-02eb-4a65-9cf6-c4c60d48614e', 'POS0219', 'Laundry Operator', false),
('088a9092-f603-41bd-971d-3c0fdc9f4eaf', 'ff322f85-0e59-4157-9cb8-721f75b3fb2e', '25a1cef2-3b0f-4527-bf22-5659542c9a7f', '3575c918-02eb-4a65-9cf6-c4c60d48614e', 'POS0220', 'Helper Dapur', false),
('f2383481-b855-420b-a407-047fcaabb68b', '37272266-4e35-4da0-8b86-df0f87eaf2ef', '44400680-84f0-46ae-874e-657542340ff0', '1b497877-4451-473a-b46b-1562bd5b1997', 'POS0221', 'Site Coordinator', true),
('2d923a7b-ee06-4aa3-b4e1-a84a684b0035', 'dc6c0f78-75ce-44bd-aa64-99def0859308', '63d95ddd-d8a4-4b60-934d-3205ca14d921', 'd25b0cad-5b89-4ce5-a3be-e0318c8d2a1d', 'POS0222', 'Camp Boss', true),
('101d3747-427b-4b15-9381-b41197a649c9', 'eb8fbb49-442e-40a0-aa83-a4bfae377f95', '3f67e92e-c9d5-4c1e-b5ae-d64b12d1dfa1', 'd54647ae-fc5a-4ffd-970b-fefd39323a1c', 'POS0223', 'Waiter/Waitress', false),
('3176cb73-ec60-4830-b70f-20530a83e9ef', 'eb8fbb49-442e-40a0-aa83-a4bfae377f95', '3f67e92e-c9d5-4c1e-b5ae-d64b12d1dfa1', 'd54647ae-fc5a-4ffd-970b-fefd39323a1c', 'POS0224', 'Driver', false),
('87ff9b6c-8d27-4eff-a893-056fbe736856', '7839e612-a2d3-4d5b-8f5c-6cbba1df67bd', '2cb61015-4370-453c-ae38-869a715a255c', 'd25b0cad-5b89-4ce5-a3be-e0318c8d2a1d', 'POS0225', 'Supervisor Kitchen', true),
('c4530282-d4dd-4ce9-8420-76383caf27b5', 'fc466325-ec08-4a7d-bfc0-8f0b3ed52b40', 'd02817e1-ebbe-4005-ac9a-bc116a6ed99f', '3575c918-02eb-4a65-9cf6-c4c60d48614e', 'POS0226', 'Admin Junior', false),
('a76fd256-1a1f-4df4-8fcc-27c26cc75df6', 'cd546a6d-4219-4224-aa9d-b586af839ddf', '659ee0eb-61e0-40c7-8a67-c392566f91d1', '3ccc3699-735a-4b23-9744-580e57af4b31', 'POS0227', 'Recruitment Officer', false),
('09cb5f78-abbe-4381-bd41-ec46b381583a', '824f2215-0eaa-4383-9956-ca442e0cf05c', '963b57e1-8dee-404f-8b0b-99af326ad55f', 'd54647ae-fc5a-4ffd-970b-fefd39323a1c', 'POS0228', 'Driver', false),
('68169b30-79bb-43c8-bf74-85c9cb204dec', '824f2215-0eaa-4383-9956-ca442e0cf05c', '963b57e1-8dee-404f-8b0b-99af326ad55f', 'd54647ae-fc5a-4ffd-970b-fefd39323a1c', 'POS0229', 'Cook', false),
('19cf90ec-76a5-4f8b-8725-e3c982c52a67', 'ef2a60c2-9e18-4872-a9be-e38891ecdd9a', '89e16a01-3868-4267-bfb7-1124e5baccad', 'd25b0cad-5b89-4ce5-a3be-e0318c8d2a1d', 'POS0230', 'Foreman Maintenance', true),
('12714f8c-15fb-40c3-aaa0-3754851a9655', 'b54f5ce3-05ed-4349-9a3a-923576bf3a8a', '89e16a01-3868-4267-bfb7-1124e5baccad', 'd54647ae-fc5a-4ffd-970b-fefd39323a1c', 'POS0231', 'Security Officer', false),
('bf110391-48d7-49e1-b5bc-0b5c28d539d3', '83e0da33-e173-4316-b1f1-4f25591c8667', '7f87214c-37d2-4921-a1fd-8595e51214ba', 'ab04cb1e-16d5-4851-85df-6a96dca477b6', 'POS0232', 'Assistant Finance Manager', true),
('2218f794-c1f8-4c2f-ad8a-aee76792bb32', '83e0da33-e173-4316-b1f1-4f25591c8667', '7f87214c-37d2-4921-a1fd-8595e51214ba', 'ab04cb1e-16d5-4851-85df-6a96dca477b6', 'POS0233', 'Assistant Finance Manager', true),
('1f9a6b06-6a62-48e5-ae16-9007b504d103', '1a37adfb-8d82-4b30-99c7-4df672b914ae', '98be9663-2494-4f23-822a-71acd393bcc1', '3ccc3699-735a-4b23-9744-580e57af4b31', 'POS0234', 'Recruitment Officer', false),
('8669856c-e817-43a6-8601-45efdc7945da', '86ca22e6-e482-4251-9461-871bd6a04a6d', 'fafe39e1-eb30-482b-be51-25d3c3bcb464', '3575c918-02eb-4a65-9cf6-c4c60d48614e', 'POS0235', 'Staff Kebersihan', false),
('fbf3a304-8257-485c-a46b-436ea4497f08', '6717ed81-2c54-415b-95d9-7e1022e3dcc5', 'fafe39e1-eb30-482b-be51-25d3c3bcb464', 'd25b0cad-5b89-4ce5-a3be-e0318c8d2a1d', 'POS0236', 'Camp Boss', true),
('f74a4ec7-2d90-41f0-85e3-98c1ab0095ec', 'f7b72dd0-5cd9-47ca-be06-7a8d97f36324', '1b30cfd4-70c2-4904-912c-b9369223437a', 'd25b0cad-5b89-4ce5-a3be-e0318c8d2a1d', 'POS0237', 'Supervisor Kitchen', true),
('038877d4-ff06-496f-a3db-5d8b83447129', '3ce93920-dd50-4e3e-9c5b-ca41fdafe6ad', 'c8af59f0-e40d-4351-be36-4439e66fe5ae', 'd54647ae-fc5a-4ffd-970b-fefd39323a1c', 'POS0238', 'Storeman', false),
('24f6d588-f514-49ec-a37c-0c2a7407fb25', '42d2411b-fe21-4a52-b65e-9c6dbcedf1ab', 'c8af59f0-e40d-4351-be36-4439e66fe5ae', '3575c918-02eb-4a65-9cf6-c4c60d48614e', 'POS0239', 'Laundry Operator', false),
('d2e0ee88-791b-45fa-a781-a0a534b759d7', 'af40a436-bd2a-4aa9-927a-3032cea53f52', 'e788ceac-4a94-4e11-88f7-35cc03400ed9', '3575c918-02eb-4a65-9cf6-c4c60d48614e', 'POS0240', 'Laundry Operator', false),
('70c9b7fb-fff3-4348-b416-7140275beee5', 'bbf8ff35-2b52-47ae-bd13-bfaa585cd30b', 'ab2fb947-6a46-46bf-9905-18bb6b37177f', '1b497877-4451-473a-b46b-1562bd5b1997', 'POS0241', 'Site Coordinator', true),
('9ab0383e-f800-47e0-b7d9-c7fac5001325', 'bbf8ff35-2b52-47ae-bd13-bfaa585cd30b', 'ab2fb947-6a46-46bf-9905-18bb6b37177f', '1b497877-4451-473a-b46b-1562bd5b1997', 'POS0242', 'Quality Control Supervisor', true),
('6efb755b-88bc-4394-b6b2-664f41a960dc', '54cd3650-1a9e-4e2f-8fd3-5b23e8eca34f', 'a0e7c235-c05a-4438-8569-26bc921f4a38', 'ab04cb1e-16d5-4851-85df-6a96dca477b6', 'POS0243', 'Assistant Site Manager', true),
('6d9a94f7-0ef4-417d-bea5-31c949fcc812', '582bb231-237b-4d64-8aee-44f99146cdc5', 'a0e7c235-c05a-4438-8569-26bc921f4a38', '1b497877-4451-473a-b46b-1562bd5b1997', 'POS0244', 'Quality Control Supervisor', true),
('392aa3f6-ec90-45d3-9045-aa0ab9d9827f', '582bb231-237b-4d64-8aee-44f99146cdc5', 'a0e7c235-c05a-4438-8569-26bc921f4a38', '1b497877-4451-473a-b46b-1562bd5b1997', 'POS0245', 'Senior Supervisor Operasional', true),
('c98fe517-54c7-4988-a17b-f8fada912ef5', 'ee22784a-c2b4-4852-90af-ec7930ac0edc', '4f47d21d-3534-4e5e-981e-4cd9c825c031', 'd54647ae-fc5a-4ffd-970b-fefd39323a1c', 'POS0246', 'Waiter/Waitress', false),
('822ed16e-0a77-47c7-9f4d-6346618d944e', 'ee22784a-c2b4-4852-90af-ec7930ac0edc', '4f47d21d-3534-4e5e-981e-4cd9c825c031', 'd54647ae-fc5a-4ffd-970b-fefd39323a1c', 'POS0247', 'Cook', false),
('a3638198-b2ff-405d-b9c1-ea36ce45a288', 'cc5182a0-34ca-4430-a5a5-945f1a02b67c', '3589dfb2-edba-4407-8cf6-88e3c606932a', 'd54647ae-fc5a-4ffd-970b-fefd39323a1c', 'POS0248', 'Driver', false),
('87cb40e3-9484-49ff-ace7-f8ad2dcab5dc', 'da14b5a1-49bd-4462-90c9-eda514ccb700', '8cd41807-f195-4c66-8e26-01d4451fadc2', 'ab04cb1e-16d5-4851-85df-6a96dca477b6', 'POS0249', 'Assistant HR Manager', true),
('f257bb5a-fee8-4067-b1f4-32024f622b48', 'f8a91e66-2d98-4749-9f77-e1d5b6972bbf', 'd824cfdd-96c5-47e7-a756-9ca68fa98cd7', '3575c918-02eb-4a65-9cf6-c4c60d48614e', 'POS0250', 'Laundry Operator', false),
('01fb2155-8d59-4c53-b455-bdc528304a0f', 'dcbd21df-9e0d-4c0b-ba57-f1aeef39afaa', '2f8ee256-7cef-475e-b427-c0d4197a5050', 'd54647ae-fc5a-4ffd-970b-fefd39323a1c', 'POS0251', 'Storeman', false),
('fa64dcc1-2e0a-4cf9-9bde-5facbcca96a3', '9a6922fe-27a3-4f0e-9d38-dfc9b2ce2c77', '6c40d195-c5bb-4ae2-bbaf-efbc5853bbf4', 'd54647ae-fc5a-4ffd-970b-fefd39323a1c', 'POS0252', 'Steward', false),
('ddd5969d-e778-462b-bc96-007dd7f2f18a', '9a6922fe-27a3-4f0e-9d38-dfc9b2ce2c77', '6c40d195-c5bb-4ae2-bbaf-efbc5853bbf4', 'd54647ae-fc5a-4ffd-970b-fefd39323a1c', 'POS0253', 'Driver', false),
('ba5c0a4f-d3f1-41dc-8da7-3a4b3f5f8192', '91ce4672-2a69-486b-8145-f8f73d7ed69d', '7839f398-a8db-4ed5-aa49-a7ba68b4ac38', '1b497877-4451-473a-b46b-1562bd5b1997', 'POS0254', 'Quality Control Supervisor', true),
('9a5093d6-a812-447a-9df1-c1116c0aec22', '637efca1-c2cc-420b-8454-2bc075d601c5', 'e4375338-30ab-4ad8-8c0a-59fde0268094', '98abe63c-da9d-4327-a722-1346c42baf4b', 'POS0255', 'Finance Manager', true),
('939203b9-b192-4466-88ca-6190f872233b', '637efca1-c2cc-420b-8454-2bc075d601c5', 'e4375338-30ab-4ad8-8c0a-59fde0268094', '3c3bb1aa-f9f3-4199-b2fd-8b1684e46944', 'POS0256', 'General Manager Operasional', true),
('6e861c74-ba26-49f4-9f47-6f34d0fc45a9', 'e54631cb-4b91-4401-b6ab-2cf6b3e89d50', '4206be2d-25bc-4ac0-9251-9d50d8f51487', '98abe63c-da9d-4327-a722-1346c42baf4b', 'POS0257', 'Operations Manager', true),
('e6a14b32-95e1-437b-a9bc-a801222477dc', 'e54631cb-4b91-4401-b6ab-2cf6b3e89d50', '4206be2d-25bc-4ac0-9251-9d50d8f51487', '3c3bb1aa-f9f3-4199-b2fd-8b1684e46944', 'POS0258', 'General Manager Support', true),
('f6c1bc54-b6ea-4ba2-8daf-131cd7f50c09', '75af798a-09be-4759-bdbd-a27f13d0646f', '294fe2e9-ef11-42a4-8ee7-d476e3cd027c', '98abe63c-da9d-4327-a722-1346c42baf4b', 'POS0259', 'Finance Manager', true),
('56a92aaa-b4ce-4ca6-a887-8d9ac04bfc01', '75af798a-09be-4759-bdbd-a27f13d0646f', '294fe2e9-ef11-42a4-8ee7-d476e3cd027c', '3c3bb1aa-f9f3-4199-b2fd-8b1684e46944', 'POS0260', 'General Manager Support', true),
('afee666f-35d8-4074-b688-a7198fad0e6a', 'a08be017-5755-437f-bc07-0d1d7043d44b', 'd1f2cd51-f298-4698-a221-a44e6875d153', '98abe63c-da9d-4327-a722-1346c42baf4b', 'POS0261', 'Site Manager', true),
('cc83892b-0be6-4fff-9daf-7193c284bc67', 'a08be017-5755-437f-bc07-0d1d7043d44b', 'd1f2cd51-f298-4698-a221-a44e6875d153', '3c3bb1aa-f9f3-4199-b2fd-8b1684e46944', 'POS0262', 'General Manager Support', true),
('27b9b196-cd91-4162-8880-5d27a24aa3c3', '28d13e61-7c6c-4d14-b7fc-86810361693e', '80a02912-91b6-4e1b-9b5b-db6afb429c4d', '98abe63c-da9d-4327-a722-1346c42baf4b', 'POS0263', 'Site Manager', true),
('a53dddc7-d98a-4db1-8fbb-6afdf9ec2046', '28d13e61-7c6c-4d14-b7fc-86810361693e', '80a02912-91b6-4e1b-9b5b-db6afb429c4d', '3c3bb1aa-f9f3-4199-b2fd-8b1684e46944', 'POS0264', 'General Manager Support', true),
('93af52b6-b697-4279-b5a0-ba005085b659', '54fa4995-d801-4044-bd0f-75d8a319b316', '10d06c2f-0dbf-46a3-86d2-52c4019fb72f', '98abe63c-da9d-4327-a722-1346c42baf4b', 'POS0265', 'Procurement Manager', true),
('4e014cfb-0c80-45e6-ae05-0ac9a304865f', '54fa4995-d801-4044-bd0f-75d8a319b316', '10d06c2f-0dbf-46a3-86d2-52c4019fb72f', '3c3bb1aa-f9f3-4199-b2fd-8b1684e46944', 'POS0266', 'General Manager Operasional', true),
('2343632f-96c7-48dd-b038-51b389bc96bf', '349c7b3b-0ce3-4e6a-bb68-e849cf0adc6b', '269660b5-bb4a-4f51-949f-7cb31bf7b7a6', '98abe63c-da9d-4327-a722-1346c42baf4b', 'POS0267', 'Procurement Manager', true),
('5345c836-1cc5-43fa-8c3f-a6f5ca425487', '349c7b3b-0ce3-4e6a-bb68-e849cf0adc6b', '269660b5-bb4a-4f51-949f-7cb31bf7b7a6', '3c3bb1aa-f9f3-4199-b2fd-8b1684e46944', 'POS0268', 'General Manager Support', true),
('4c0ea999-8b3b-4506-bc5e-85c5b4a3a039', '8456cf4e-e2b0-43d5-a50e-68c28c3c00ab', '2d6e4777-351a-414e-b239-ff6e173fb63d', '98abe63c-da9d-4327-a722-1346c42baf4b', 'POS0269', 'Finance Manager', true),
('39f3ef3b-50e1-4945-ad1a-eb3a0009aeb0', '8456cf4e-e2b0-43d5-a50e-68c28c3c00ab', '2d6e4777-351a-414e-b239-ff6e173fb63d', '3c3bb1aa-f9f3-4199-b2fd-8b1684e46944', 'POS0270', 'General Manager Operasional', true),
('adfac2f8-e59f-488b-a901-18fd6c534523', '2160fb36-98be-4144-a4d3-461509027894', '43b9f9de-933f-417f-a40d-b844e7db3845', '98abe63c-da9d-4327-a722-1346c42baf4b', 'POS0271', 'Site Manager', true),
('0e484d05-2325-4531-a2d4-c1284327a087', '2160fb36-98be-4144-a4d3-461509027894', '43b9f9de-933f-417f-a40d-b844e7db3845', '3c3bb1aa-f9f3-4199-b2fd-8b1684e46944', 'POS0272', 'General Manager Support', true),
('16e8ce80-6da1-4cc3-a755-e4e5a64731af', 'edc2c9e2-c3c1-4c4d-aff0-3d5ec1c326cf', '5df4aaf1-a358-4c0e-89f4-54bdbe8e4e52', '98abe63c-da9d-4327-a722-1346c42baf4b', 'POS0273', 'Finance Manager', true),
('d82ca99f-cf37-403d-8011-bc8b7856801a', 'edc2c9e2-c3c1-4c4d-aff0-3d5ec1c326cf', '5df4aaf1-a358-4c0e-89f4-54bdbe8e4e52', '3c3bb1aa-f9f3-4199-b2fd-8b1684e46944', 'POS0274', 'General Manager Support', true),
('30afb68d-b5b3-4e73-acc5-128a943bd383', 'c02c6383-cd83-4be3-af43-f4eab3369cf3', '029788eb-c3f1-4582-af72-96b06b940606', '98abe63c-da9d-4327-a722-1346c42baf4b', 'POS0275', 'Operations Manager', true),
('fce272ea-8562-4a6a-bbb7-30e9bf815a51', 'c02c6383-cd83-4be3-af43-f4eab3369cf3', '029788eb-c3f1-4582-af72-96b06b940606', '3c3bb1aa-f9f3-4199-b2fd-8b1684e46944', 'POS0276', 'General Manager Support', true),
('982d0e53-5c05-4d7b-bea9-a10ca0b6119b', 'ac93ebc9-637b-4078-8e24-0f5b63be9d3a', 'dfedbd9f-91f6-45d4-a509-c242f9dfaef2', '98abe63c-da9d-4327-a722-1346c42baf4b', 'POS0277', 'HR Manager', true),
('08fc2a16-450a-4627-90b3-57f44134dc4f', 'ac93ebc9-637b-4078-8e24-0f5b63be9d3a', 'dfedbd9f-91f6-45d4-a509-c242f9dfaef2', '3c3bb1aa-f9f3-4199-b2fd-8b1684e46944', 'POS0278', 'General Manager Support', true),
('dd9ee122-c5ba-4304-9ea7-501f3b91cee8', '8828664f-b003-4abb-8b87-bb78fb723370', 'e77d1b63-e57a-4481-9bd8-3dc95e08967f', '98abe63c-da9d-4327-a722-1346c42baf4b', 'POS0279', 'Finance Manager', true),
('586ab03e-347b-48fd-bdd3-72e1c105d46a', '8828664f-b003-4abb-8b87-bb78fb723370', 'e77d1b63-e57a-4481-9bd8-3dc95e08967f', '3c3bb1aa-f9f3-4199-b2fd-8b1684e46944', 'POS0280', 'General Manager Support', true),
('6c588c7b-ef19-45e7-b916-8f67e20be79a', '4166131a-1059-4499-9f40-49313d8b96bd', '993c91cd-da7d-4327-aebe-657f562b8d0d', '98abe63c-da9d-4327-a722-1346c42baf4b', 'POS0281', 'Site Manager', true),
('1b273de3-998c-4d7c-b381-efe0bb48501f', '4166131a-1059-4499-9f40-49313d8b96bd', '993c91cd-da7d-4327-aebe-657f562b8d0d', '3c3bb1aa-f9f3-4199-b2fd-8b1684e46944', 'POS0282', 'General Manager Support', true),
('f2c62f68-b352-48b1-83ce-916f9047cb58', '35d2f8e8-2446-4965-932c-4d982a8a71d8', 'e040904b-ab2b-452b-b6f0-bb29e67b3396', '98abe63c-da9d-4327-a722-1346c42baf4b', 'POS0283', 'Procurement Manager', true),
('9020de28-3ac3-42d8-bd4c-5b9ab2ae836e', '35d2f8e8-2446-4965-932c-4d982a8a71d8', 'e040904b-ab2b-452b-b6f0-bb29e67b3396', '3c3bb1aa-f9f3-4199-b2fd-8b1684e46944', 'POS0284', 'General Manager Support', true),
('5f79f5e9-28e3-4688-b613-42cf6079624e', '16e51fad-f22e-43c2-aa6c-792554d6dd1d', '8980c40f-5e1b-420d-bda5-02e4b25e3e18', '98abe63c-da9d-4327-a722-1346c42baf4b', 'POS0285', 'Finance Manager', true),
('a72bb61b-f81a-447a-a1b6-255f5cd1944f', '16e51fad-f22e-43c2-aa6c-792554d6dd1d', '8980c40f-5e1b-420d-bda5-02e4b25e3e18', '3c3bb1aa-f9f3-4199-b2fd-8b1684e46944', 'POS0286', 'General Manager Operasional', true),
('2e15c779-2e38-4be0-9882-5f7d61bad70d', 'e88c4a3a-f500-4a4c-83e5-4b5ce933599d', '6ef275f9-a759-4e92-89d8-818361897714', '98abe63c-da9d-4327-a722-1346c42baf4b', 'POS0287', 'Site Manager', true),
('b85b628a-03ea-4fc9-be97-027bed3d9600', 'e88c4a3a-f500-4a4c-83e5-4b5ce933599d', '6ef275f9-a759-4e92-89d8-818361897714', '3c3bb1aa-f9f3-4199-b2fd-8b1684e46944', 'POS0288', 'General Manager Support', true),
('f1dd07ad-a965-4c19-912a-3533dd608956', 'dc3f3b22-f167-404a-9d49-8b56159ddb79', '24eaddfa-e4de-4a96-8b17-bd1bbcc269b4', '98abe63c-da9d-4327-a722-1346c42baf4b', 'POS0289', 'Finance Manager', true),
('c6563d3d-e5f8-44ea-9544-c89089e1cf0d', 'dc3f3b22-f167-404a-9d49-8b56159ddb79', '24eaddfa-e4de-4a96-8b17-bd1bbcc269b4', '3c3bb1aa-f9f3-4199-b2fd-8b1684e46944', 'POS0290', 'General Manager Operasional', true),
('0bd0a0b3-b30e-46b1-827e-2a1416ab61da', '860028fc-c3ed-4f69-9f66-87564b261aae', '443e58e4-f320-4df3-97a4-60a6c22368a0', '98abe63c-da9d-4327-a722-1346c42baf4b', 'POS0291', 'Site Manager', true),
('45c272c0-7e39-4ff3-af86-aceeae27a224', '860028fc-c3ed-4f69-9f66-87564b261aae', '443e58e4-f320-4df3-97a4-60a6c22368a0', '3c3bb1aa-f9f3-4199-b2fd-8b1684e46944', 'POS0292', 'General Manager Operasional', true),
('6489acf8-e54e-4e30-9663-e54caf9a7489', 'e0fa3eda-ea94-4db2-82b9-dfabe82a541a', '8fc83712-8cf0-48a9-ab02-8ffbf6c4375f', '98abe63c-da9d-4327-a722-1346c42baf4b', 'POS0293', 'Procurement Manager', true),
('608609fe-2040-49e5-b1b4-2f09774f2a36', 'e0fa3eda-ea94-4db2-82b9-dfabe82a541a', '8fc83712-8cf0-48a9-ab02-8ffbf6c4375f', '3c3bb1aa-f9f3-4199-b2fd-8b1684e46944', 'POS0294', 'General Manager Support', true),
('9a98119f-60f0-4788-b4a6-1361d3826f72', 'c16b33cc-0587-4f43-bc06-f8f8b7f608cc', '91001c1e-4ddb-4107-adfb-e13ad5aca683', '98abe63c-da9d-4327-a722-1346c42baf4b', 'POS0295', 'Site Manager', true),
('d5f8786d-e5b1-495f-ab59-7b1f6f0bc40f', 'c16b33cc-0587-4f43-bc06-f8f8b7f608cc', '91001c1e-4ddb-4107-adfb-e13ad5aca683', '3c3bb1aa-f9f3-4199-b2fd-8b1684e46944', 'POS0296', 'General Manager Operasional', true),
('817b94e4-6b01-463a-b5eb-3c2efaa1c1bb', 'bffdfe7a-c844-4c74-a03d-7f580f8c49f0', '69d45d4b-2cb8-474a-a72d-d7a3b82c18ab', '98abe63c-da9d-4327-a722-1346c42baf4b', 'POS0297', 'Site Manager', true),
('576a97e1-a8b4-4ca3-96d8-d77f1fdfebb4', 'bffdfe7a-c844-4c74-a03d-7f580f8c49f0', '69d45d4b-2cb8-474a-a72d-d7a3b82c18ab', '3c3bb1aa-f9f3-4199-b2fd-8b1684e46944', 'POS0298', 'General Manager Operasional', true),
('a6509656-f7ba-41da-82b1-146ccc14666f', '7adf7daa-587a-464d-ab41-3de5884f6303', '343633eb-2e8f-4318-b071-ab8f254cf87d', '98abe63c-da9d-4327-a722-1346c42baf4b', 'POS0299', 'Finance Manager', true),
('a67a70b1-4176-4c7b-a034-0768f7536303', '7adf7daa-587a-464d-ab41-3de5884f6303', '343633eb-2e8f-4318-b071-ab8f254cf87d', '3c3bb1aa-f9f3-4199-b2fd-8b1684e46944', 'POS0300', 'General Manager Support', true),
('417ff0e3-d92d-4d87-91d2-72541b5e378b', 'da14b5a1-49bd-4462-90c9-eda514ccb700', '8cd41807-f195-4c66-8e26-01d4451fadc2', 'cda4c4c0-33ce-41c6-a91b-17012ab56ef3', 'POS0301', 'Chief Executive Officer', true),
('cd3e1ecb-7a87-4797-970e-e2c9d009c040', 'da14b5a1-49bd-4462-90c9-eda514ccb700', '8cd41807-f195-4c66-8e26-01d4451fadc2', 'cda4c4c0-33ce-41c6-a91b-17012ab56ef3', 'POS0302', 'Chief Operating Officer', true),
('9d1bcb60-1355-424a-8044-5b3d852dc6ad', 'da14b5a1-49bd-4462-90c9-eda514ccb700', '8cd41807-f195-4c66-8e26-01d4451fadc2', 'cda4c4c0-33ce-41c6-a91b-17012ab56ef3', 'POS0303', 'Chief Financial Officer', true);

insert into employment_types (id, code, name, is_permanent) values
('c69be3f3-7b30-4291-bfcf-bd6fd969cc52', 'TETAP', 'Karyawan Tetap', true),
('5439745e-5c72-4ea5-9e76-906367e4bc9f', 'KONTRAK', 'Karyawan Kontrak (PKWT)', false),
('83a39fbe-222d-4cdd-ab5c-6b99f640522f', 'HARIAN', 'Harian Lepas', false),
('84a92bfb-951e-4213-92ce-6e64dbb1b38c', 'MAGANG', 'Magang', false),
('7bbb2261-6be4-46cc-ad96-601ceb64321c', 'OUTSOURCE', 'Outsource', false);

insert into shifts (id, code, name, start_time, end_time, is_overnight, tolerance_minutes) values
('352548b6-9088-4995-9b84-4ced70c3d734', 'SFT-PAGI-01', 'Shift Pagi 1', '06:00', '14:00', false, 15),
('defa51df-4651-4d41-afb0-a513cbe4a8d4', 'SFT-PAGI-02', 'Shift Pagi 2', '06:00', '14:00', false, 15),
('1e762041-a343-47e9-a350-ad0b8a7c7e90', 'SFT-PAGI-03', 'Shift Pagi 3', '06:00', '14:00', false, 15),
('6cde643d-896d-4e08-a277-563e9de24fb1', 'SFT-PAGI-04', 'Shift Pagi 4', '06:00', '14:00', false, 15),
('38d527f5-d662-4fa6-8ef0-858569efefff', 'SFT-PAGI-05', 'Shift Pagi 5', '06:00', '14:00', false, 15),
('5614f591-abdb-43f1-861d-c4eccf91446a', 'SFT-PAGI-06', 'Shift Pagi 6', '06:00', '14:00', false, 15),
('512369df-0b98-469a-9808-4db21e204873', 'SFT-PAGI-07', 'Shift Pagi 7', '06:00', '14:00', false, 15),
('ff9e5b27-32c1-4cf9-a178-7c87661683da', 'SFT-PAGI-08', 'Shift Pagi 8', '06:00', '14:00', false, 15),
('f0b1fe11-d3e2-4d1c-9c63-a94442c58712', 'SFT-PAGI-09', 'Shift Pagi 9', '06:00', '14:00', false, 15),
('9f6b32b8-2080-480c-9562-25db82456656', 'SFT-PAGI-10', 'Shift Pagi 10', '06:00', '14:00', false, 15),
('fbf64087-6232-4a7c-b286-49d2088caf07', 'SFT-SIANG-01', 'Shift Siang 1', '14:00', '22:00', false, 15),
('154c8b31-f023-46c0-a4de-d7be4bf89c99', 'SFT-SIANG-02', 'Shift Siang 2', '14:00', '22:00', false, 15),
('2042a9ca-fcea-4c47-a676-d6a76c0b4020', 'SFT-SIANG-03', 'Shift Siang 3', '14:00', '22:00', false, 15),
('3994f96e-abc5-41b4-b7ca-ee61909011fb', 'SFT-SIANG-04', 'Shift Siang 4', '14:00', '22:00', false, 15),
('371d7334-e8d7-4ac7-a82a-7e78fa9e0278', 'SFT-SIANG-05', 'Shift Siang 5', '14:00', '22:00', false, 15),
('32cb56fc-49f0-42cc-9365-1cc520d71f83', 'SFT-SIANG-06', 'Shift Siang 6', '14:00', '22:00', false, 15),
('b86ace58-2754-443c-a254-9612b9ca7952', 'SFT-SIANG-07', 'Shift Siang 7', '14:00', '22:00', false, 15),
('0148d1d0-ac0e-4b84-ac2b-5766d941ab30', 'SFT-SIANG-08', 'Shift Siang 8', '14:00', '22:00', false, 15),
('c233aa7d-7a67-4335-9514-4a3cd3bf429e', 'SFT-SIANG-09', 'Shift Siang 9', '14:00', '22:00', false, 15),
('3659c885-1dc2-4503-9a24-7c47064ef36b', 'SFT-SIANG-10', 'Shift Siang 10', '14:00', '22:00', false, 15),
('8de11ec2-2af8-4e8d-bc9d-4eb3e5583818', 'SFT-MALAM-01', 'Shift Malam 1', '22:00', '06:00', true, 15),
('8b12dfa0-eeba-42ad-8cf3-37e8a4a047ca', 'SFT-MALAM-02', 'Shift Malam 2', '22:00', '06:00', true, 15),
('daafec89-759d-4558-b5f4-052c1e9df3a2', 'SFT-MALAM-03', 'Shift Malam 3', '22:00', '06:00', true, 15),
('bef299b3-cc97-459b-a042-56cae8114942', 'SFT-MALAM-04', 'Shift Malam 4', '22:00', '06:00', true, 15),
('e1887aaf-1b57-4c03-a1bc-8daeb42f4c1e', 'SFT-MALAM-05', 'Shift Malam 5', '22:00', '06:00', true, 15),
('26f95401-49f0-4232-9cf2-c5d745973933', 'SFT-MALAM-06', 'Shift Malam 6', '22:00', '06:00', true, 15),
('9b39d31a-d553-4a23-876b-a91401f00ce5', 'SFT-MALAM-07', 'Shift Malam 7', '22:00', '06:00', true, 15),
('317a0a2b-01d9-4b56-88fd-8bf92d88bf25', 'SFT-MALAM-08', 'Shift Malam 8', '22:00', '06:00', true, 15),
('a7141ba9-9d38-4e18-a287-8e4592b03301', 'SFT-MALAM-09', 'Shift Malam 9', '22:00', '06:00', true, 15),
('40058e73-5a5b-4abc-9276-1475e1277b4c', 'SFT-MALAM-10', 'Shift Malam 10', '22:00', '06:00', true, 15),
('90a52a4f-787a-4c7a-95a2-c5b7c03a547a', 'SFT-NON-01', 'Non-Shift (Reguler) 1', '08:00', '17:00', false, 15),
('28076aa0-6412-46b2-ae7e-04f6f17c4833', 'SFT-NON-02', 'Non-Shift (Reguler) 2', '08:00', '17:00', false, 15),
('df6c6a2e-f435-4dd4-b38f-84baa8d1fcbd', 'SFT-NON-03', 'Non-Shift (Reguler) 3', '08:00', '17:00', false, 15),
('130f8084-2fbb-4264-bb42-171260fb7419', 'SFT-NON-04', 'Non-Shift (Reguler) 4', '08:00', '17:00', false, 15),
('497e3727-1836-4fcb-be5d-2134a91c9bf5', 'SFT-NON-05', 'Non-Shift (Reguler) 5', '08:00', '17:00', false, 15),
('55ed712b-b26d-4712-bd87-afa40a6379a7', 'SFT-NON-06', 'Non-Shift (Reguler) 6', '08:00', '17:00', false, 15),
('3c47a331-6d72-4efb-a7b7-8f72dccfc28c', 'SFT-NON-07', 'Non-Shift (Reguler) 7', '08:00', '17:00', false, 15),
('1a824035-c24c-44c2-b02b-e95a1d627fac', 'SFT-NON-08', 'Non-Shift (Reguler) 8', '08:00', '17:00', false, 15),
('5cee0b45-b0b3-49dc-92cb-b375d912cabb', 'SFT-NON-09', 'Non-Shift (Reguler) 9', '08:00', '17:00', false, 15),
('d411a92c-bf0d-4a85-84ca-249722d75bf6', 'SFT-NON-10', 'Non-Shift (Reguler) 10', '08:00', '17:00', false, 15),
('e67f1f37-da99-40d3-9f0f-0c982f6b44e4', 'SFT-DAPUR-PAGI-01', 'Shift Dapur Pagi 1', '04:00', '12:00', false, 15),
('e883e265-5685-4b13-8bc0-41f8a031e54c', 'SFT-DAPUR-PAGI-02', 'Shift Dapur Pagi 2', '04:00', '12:00', false, 15),
('17fb659f-5078-4192-ab3f-f87aed0def78', 'SFT-DAPUR-PAGI-03', 'Shift Dapur Pagi 3', '04:00', '12:00', false, 15),
('e7406c12-5ed7-44f3-89d5-bc6d307ec3d9', 'SFT-DAPUR-PAGI-04', 'Shift Dapur Pagi 4', '04:00', '12:00', false, 15),
('c2621304-96cd-42f0-91da-ffac953c4e44', 'SFT-DAPUR-PAGI-05', 'Shift Dapur Pagi 5', '04:00', '12:00', false, 15),
('3782e54c-71f3-4151-9dce-5b704ab5b4f3', 'SFT-DAPUR-PAGI-06', 'Shift Dapur Pagi 6', '04:00', '12:00', false, 15),
('b8fcc809-3ea9-4094-b77f-7877e9699d44', 'SFT-DAPUR-PAGI-07', 'Shift Dapur Pagi 7', '04:00', '12:00', false, 15),
('faacc54d-f47e-40e2-8773-7b0c3459c731', 'SFT-DAPUR-PAGI-08', 'Shift Dapur Pagi 8', '04:00', '12:00', false, 15),
('1ffb442a-714e-4926-8af4-9c43c1fc3c8e', 'SFT-DAPUR-PAGI-09', 'Shift Dapur Pagi 9', '04:00', '12:00', false, 15),
('8ad92b27-5ec0-4542-ba2b-384ff01153bc', 'SFT-DAPUR-PAGI-10', 'Shift Dapur Pagi 10', '04:00', '12:00', false, 15),
('17848595-5e40-41e4-9cef-e835808b4fd2', 'SFT-DAPUR-SORE-01', 'Shift Dapur Sore 1', '12:00', '20:00', false, 15),
('79c47ac1-f004-4a99-b275-d9e8276922ee', 'SFT-DAPUR-SORE-02', 'Shift Dapur Sore 2', '12:00', '20:00', false, 15),
('b736e6b7-e71d-4289-81d4-6adf6d265687', 'SFT-DAPUR-SORE-03', 'Shift Dapur Sore 3', '12:00', '20:00', false, 15),
('bdbdab9b-fe13-4567-b160-e7965033c3df', 'SFT-DAPUR-SORE-04', 'Shift Dapur Sore 4', '12:00', '20:00', false, 15),
('c6c1b563-e0eb-4b28-a233-cfe69c55f23d', 'SFT-DAPUR-SORE-05', 'Shift Dapur Sore 5', '12:00', '20:00', false, 15),
('017efbb1-9611-478a-b99b-6275bd1f3f7a', 'SFT-DAPUR-SORE-06', 'Shift Dapur Sore 6', '12:00', '20:00', false, 15),
('d04d26d9-1839-4b13-afe5-0dea25f94084', 'SFT-DAPUR-SORE-07', 'Shift Dapur Sore 7', '12:00', '20:00', false, 15),
('801c30fc-aadb-456f-801a-2aad463dffe4', 'SFT-DAPUR-SORE-08', 'Shift Dapur Sore 8', '12:00', '20:00', false, 15),
('ed68fa30-d413-4e24-8b1d-3b8411156076', 'SFT-DAPUR-SORE-09', 'Shift Dapur Sore 9', '12:00', '20:00', false, 15),
('444a7d94-d69d-48c6-a263-4ff13efc8e5d', 'SFT-DAPUR-SORE-10', 'Shift Dapur Sore 10', '12:00', '20:00', false, 15);

insert into shift_patterns (id, code, name, cycle_days, description) values
('10333c55-c0c0-4765-b8e1-3041f856dd5b', 'REGULER', 'Reguler 5-2', 7, 'Kerja Senin-Jumat, libur Sabtu-Minggu'),
('a91435e0-7c1f-4206-a64f-77dff188a851', 'ROT_6_2', 'Rotasi 6-2', 8, '6 hari kerja, 2 hari libur - site non-remote'),
('ff946459-75e2-4222-b385-3972f483e5f5', 'ROT_14_14', 'Rotasi 14-14', 28, '14 hari kerja di site, 14 hari libur - remote camp'),
('cf098360-85d2-4970-b8db-a7b22bf99708', 'ROT_20_10', 'Rotasi 20-10', 30, '20 hari kerja, 10 hari libur - remote project');

insert into work_calendars (id, branch_id, year, name) values
('d42c2d41-5009-4e3c-bbcc-b0fca191d763', '1bdd6e60-1847-44f9-bd8c-524470b5b897', 2024, 'Kalender Kerja Kantor Pusat Jakarta 2024'),
('127f3ede-8cfb-4c74-86ba-c3c8b083a9dd', '1bdd6e60-1847-44f9-bd8c-524470b5b897', 2025, 'Kalender Kerja Kantor Pusat Jakarta 2025'),
('5d7993d3-b1f8-4877-b9f8-6c03ee314232', '1bdd6e60-1847-44f9-bd8c-524470b5b897', 2026, 'Kalender Kerja Kantor Pusat Jakarta 2026'),
('2dbc945e-880a-4732-9039-889357d71688', 'd4d7dc6e-69d1-494b-88ea-925d3eff6a96', 2024, 'Kalender Kerja Site Duri 2024'),
('912776dc-2503-496f-918f-ae20b0a23dd3', 'd4d7dc6e-69d1-494b-88ea-925d3eff6a96', 2025, 'Kalender Kerja Site Duri 2025'),
('ecbf3f4f-c4b5-4ef5-8fb5-ff9bcc2c080c', 'd4d7dc6e-69d1-494b-88ea-925d3eff6a96', 2026, 'Kalender Kerja Site Duri 2026'),
('75f66f83-bf39-4604-836d-063ebeb884d3', 'c905ef69-46a9-44fd-ac54-3fc5ba85bd54', 2024, 'Kalender Kerja Site Batam 2024'),
('e0dc4628-6796-4995-85c2-ae707e51c4a3', 'c905ef69-46a9-44fd-ac54-3fc5ba85bd54', 2025, 'Kalender Kerja Site Batam 2025'),
('24cfbe3d-8bd8-4f06-9a32-0060b98b5cf6', 'c905ef69-46a9-44fd-ac54-3fc5ba85bd54', 2026, 'Kalender Kerja Site Batam 2026'),
('6a27d804-3baf-4228-99fe-ebd7052bd511', 'dc47d499-98c3-4e0e-ad20-927e71358802', 2024, 'Kalender Kerja Site Cepu 2024'),
('ed8ed79f-d42c-4869-9884-3a2ebf168739', 'dc47d499-98c3-4e0e-ad20-927e71358802', 2025, 'Kalender Kerja Site Cepu 2025'),
('5a7e06a5-63cc-4116-b02d-70128406cb38', 'dc47d499-98c3-4e0e-ad20-927e71358802', 2026, 'Kalender Kerja Site Cepu 2026'),
('431a0dcc-588e-471e-bd54-79e3f2875f65', '9121a3cd-0983-4342-9070-c58d59abd041', 2024, 'Kalender Kerja Site Sangatta 2024'),
('744595c6-5fd1-48c4-bda1-870edd86a148', '9121a3cd-0983-4342-9070-c58d59abd041', 2025, 'Kalender Kerja Site Sangatta 2025'),
('730c231c-be52-41e6-a433-c190c6edc5f1', '9121a3cd-0983-4342-9070-c58d59abd041', 2026, 'Kalender Kerja Site Sangatta 2026'),
('7e17b299-2773-4e09-b851-8822aade783c', '9ba02386-af62-4262-a974-2360c43ea890', 2024, 'Kalender Kerja Site Tembagapura 2024'),
('eb5895c0-f774-47ee-94c9-52f712e7624a', '9ba02386-af62-4262-a974-2360c43ea890', 2025, 'Kalender Kerja Site Tembagapura 2025'),
('305d8088-9933-43c3-9c05-3236dace6526', '9ba02386-af62-4262-a974-2360c43ea890', 2026, 'Kalender Kerja Site Tembagapura 2026'),
('1dab48d4-f310-4dab-8af2-fd5ba1d73ca4', '31c34f14-6473-41bd-b8fa-837d4f14bdd9', 2024, 'Kalender Kerja Site Gresik 2024'),
('11bae8f7-d0af-4f87-8c9d-3824043e3bb7', '31c34f14-6473-41bd-b8fa-837d4f14bdd9', 2025, 'Kalender Kerja Site Gresik 2025'),
('8d99a193-f7e4-4434-a87a-59cc61bc27c3', '31c34f14-6473-41bd-b8fa-837d4f14bdd9', 2026, 'Kalender Kerja Site Gresik 2026'),
('ea66b392-089e-483e-8c6e-6ed2980ba9ce', '0424463d-cdff-4198-b879-8becddf52825', 2024, 'Kalender Kerja Site Bontang 2024'),
('23270d22-e9b3-4808-a4b5-048b6ce21b1f', '0424463d-cdff-4198-b879-8becddf52825', 2025, 'Kalender Kerja Site Bontang 2025'),
('f06a5dde-a4d1-476d-915b-dcb936e96cd3', '0424463d-cdff-4198-b879-8becddf52825', 2026, 'Kalender Kerja Site Bontang 2026'),
('3e406e1a-251e-46e3-894b-19ad4907b32c', '82cc7234-18dc-40dc-9445-174c24d49f61', 2024, 'Kalender Kerja Site Surabaya 2024'),
('6e731f34-2ac6-4d08-86a7-50c65c5b1433', '82cc7234-18dc-40dc-9445-174c24d49f61', 2025, 'Kalender Kerja Site Surabaya 2025'),
('4925f0cf-bc16-4508-a5cf-209e958990cc', '82cc7234-18dc-40dc-9445-174c24d49f61', 2026, 'Kalender Kerja Site Surabaya 2026'),
('a763894b-cc97-46c8-9a5a-6f6f9b2512f2', '49a68424-56de-4197-8020-d06b3e66e3e0', 2024, 'Kalender Kerja Site Jakarta Selatan 2024'),
('7d7ae0bd-a617-4535-ad86-636f08a7858e', '49a68424-56de-4197-8020-d06b3e66e3e0', 2025, 'Kalender Kerja Site Jakarta Selatan 2025'),
('2bb357fc-d464-43c9-b5a8-d096deccad01', '49a68424-56de-4197-8020-d06b3e66e3e0', 2026, 'Kalender Kerja Site Jakarta Selatan 2026'),
('80f3d364-6ef1-4df0-9b0e-27a4b21b0bc4', 'ef59079a-e0c6-4042-b684-ed6e8f4dd5a2', 2024, 'Kalender Kerja Site Samarinda 2024'),
('cc2e2569-cacb-488c-bbc3-fd1dcc15ba4f', 'ef59079a-e0c6-4042-b684-ed6e8f4dd5a2', 2025, 'Kalender Kerja Site Samarinda 2025'),
('53ef65f4-1248-4ebb-a6d9-a4180d96414a', 'ef59079a-e0c6-4042-b684-ed6e8f4dd5a2', 2026, 'Kalender Kerja Site Samarinda 2026'),
('ee60c097-c029-460e-a70d-2b056233b8e6', 'b44ed9e2-98a8-4620-82bd-cee25c6cd36d', 2024, 'Kalender Kerja Site Balikpapan 2024'),
('65f4fc3f-b4d9-405e-973d-a8bad7bd5fb0', 'b44ed9e2-98a8-4620-82bd-cee25c6cd36d', 2025, 'Kalender Kerja Site Balikpapan 2025'),
('f14b7392-4788-41a0-9f2d-254e27cb2de3', 'b44ed9e2-98a8-4620-82bd-cee25c6cd36d', 2026, 'Kalender Kerja Site Balikpapan 2026'),
('b25fefb9-d499-491a-a089-983f065508aa', 'd6f2aacc-7969-4ced-8c6a-01351d124e13', 2024, 'Kalender Kerja Site Bojonegoro 2024'),
('48489440-b224-46d8-bdd6-f31b29a9f3a7', 'd6f2aacc-7969-4ced-8c6a-01351d124e13', 2025, 'Kalender Kerja Site Bojonegoro 2025'),
('b868a141-a591-4f20-b88d-6182ebd82b5c', 'd6f2aacc-7969-4ced-8c6a-01351d124e13', 2026, 'Kalender Kerja Site Bojonegoro 2026'),
('b1ba681f-f7f3-47eb-ad93-65b19ca4619f', 'e415f6b9-0aa8-42ea-a7ef-b6fdff10ff1d', 2024, 'Kalender Kerja Site Pekanbaru 2024'),
('67ce1e85-c44a-4eb2-8b9b-4727124778af', 'e415f6b9-0aa8-42ea-a7ef-b6fdff10ff1d', 2025, 'Kalender Kerja Site Pekanbaru 2025'),
('0e6db4ee-954b-4005-a0d2-82631931f49b', 'e415f6b9-0aa8-42ea-a7ef-b6fdff10ff1d', 2026, 'Kalender Kerja Site Pekanbaru 2026'),
('17169168-0653-4879-9801-9f7e6413df3d', 'ca50d8e1-5b2c-4f6e-ab54-193c2f98c47d', 2024, 'Kalender Kerja Site Sorong 2024'),
('a97e527e-d716-4d32-a1bc-da7836300f99', 'ca50d8e1-5b2c-4f6e-ab54-193c2f98c47d', 2025, 'Kalender Kerja Site Sorong 2025'),
('b94c5568-1b65-4d2c-bd4e-15c2c24d3866', 'ca50d8e1-5b2c-4f6e-ab54-193c2f98c47d', 2026, 'Kalender Kerja Site Sorong 2026'),
('1143106c-d544-4227-a09f-ee70b1c91c9b', '869ddc3e-c8ae-4cd1-8862-b32ba6bb33bb', 2024, 'Kalender Kerja Site Bontang 2024'),
('e920fe49-4473-4bd7-b1be-3045e7ac19dd', '869ddc3e-c8ae-4cd1-8862-b32ba6bb33bb', 2025, 'Kalender Kerja Site Bontang 2025'),
('4db6580a-0114-4c59-a8be-176617bdbb2a', '869ddc3e-c8ae-4cd1-8862-b32ba6bb33bb', 2026, 'Kalender Kerja Site Bontang 2026'),
('32f70b50-1d0e-46f4-b151-6faf0bbe3752', 'c1bfcaa8-f7fe-4ff0-8030-05609c985ffa', 2024, 'Kalender Kerja Site Timika 2024'),
('410571e2-0703-4b47-a04c-8a4f4596c40c', 'c1bfcaa8-f7fe-4ff0-8030-05609c985ffa', 2025, 'Kalender Kerja Site Timika 2025'),
('01376b57-26f7-4a07-adc6-cef9ea5275b4', 'c1bfcaa8-f7fe-4ff0-8030-05609c985ffa', 2026, 'Kalender Kerja Site Timika 2026'),
('43be00b4-844d-4fe8-9dce-843ff05148c1', '11fde58b-043d-469e-beef-3d71114cb2fb', 2024, 'Kalender Kerja Site Jambi 2024'),
('fb7d8d29-3176-43ef-8d21-c115d42986aa', '11fde58b-043d-469e-beef-3d71114cb2fb', 2025, 'Kalender Kerja Site Jambi 2025'),
('a7877f45-3589-49cb-a83a-c10422c80bfc', '11fde58b-043d-469e-beef-3d71114cb2fb', 2026, 'Kalender Kerja Site Jambi 2026'),
('78af1dc9-2ed9-42cc-ac22-6bfdc8a76a5d', '5a89a992-a913-450f-b268-29612401fb21', 2024, 'Kalender Kerja Site Banjarmasin 2024'),
('1b1da876-aa42-4701-9c69-c6ca22f4314f', '5a89a992-a913-450f-b268-29612401fb21', 2025, 'Kalender Kerja Site Banjarmasin 2025'),
('08168408-2ad1-4aaa-9265-bb107d39fcb2', '5a89a992-a913-450f-b268-29612401fb21', 2026, 'Kalender Kerja Site Banjarmasin 2026'),
('9a3d2892-90df-4d40-8298-38b39c77e190', '793f961f-5f8f-4aef-a031-7c43843ffcba', 2024, 'Kalender Kerja Site Palembang 2024'),
('42059ca0-60af-4f81-a2ab-b0e4b210ad0b', '793f961f-5f8f-4aef-a031-7c43843ffcba', 2025, 'Kalender Kerja Site Palembang 2025'),
('3ead2bba-e86d-4f8b-aefe-06a448082c32', '793f961f-5f8f-4aef-a031-7c43843ffcba', 2026, 'Kalender Kerja Site Palembang 2026'),
('c2e6d5be-05a7-41ee-b7e4-d90d7ae50583', '24fae11f-0e14-4d5f-82d2-ca61ca741596', 2024, 'Kalender Kerja Site Jakarta Timur 2024'),
('2365af52-bef5-4ebf-8cd6-c42fe349a4de', '24fae11f-0e14-4d5f-82d2-ca61ca741596', 2025, 'Kalender Kerja Site Jakarta Timur 2025'),
('5daa94ff-fb16-4fad-880f-baeb599701a3', '24fae11f-0e14-4d5f-82d2-ca61ca741596', 2026, 'Kalender Kerja Site Jakarta Timur 2026'),
('589dec22-8567-48c0-a57a-ca64529a3a99', '790b6d92-4fc6-4c6e-ade5-3a358b702f3b', 2024, 'Kalender Kerja Site Karawang 2024'),
('0491676b-8f35-4168-80d7-a5876cb01972', '790b6d92-4fc6-4c6e-ade5-3a358b702f3b', 2025, 'Kalender Kerja Site Karawang 2025'),
('c0ad71b3-a1fd-4d97-8585-f3204519f5dd', '790b6d92-4fc6-4c6e-ade5-3a358b702f3b', 2026, 'Kalender Kerja Site Karawang 2026'),
('73e78cf2-5c18-434a-a8c4-3a9024f899de', 'ca022695-32a7-4055-9ecc-1dc3f6622efc', 2024, 'Kalender Kerja Site Muara Bungo 2024'),
('21e7d96f-f3d3-422b-94c4-ef1d40f70d40', 'ca022695-32a7-4055-9ecc-1dc3f6622efc', 2025, 'Kalender Kerja Site Muara Bungo 2025'),
('6f913a3c-c411-492d-ae7c-2464fa0062c9', 'ca022695-32a7-4055-9ecc-1dc3f6622efc', 2026, 'Kalender Kerja Site Muara Bungo 2026'),
('7bed2ec2-6198-446e-952d-14b17511feac', '534c7151-f844-4655-89ec-328d2834cb94', 2024, 'Kalender Kerja Site Cilegon 2024'),
('09e116fd-5da2-4e9b-8c0c-8523e0e67346', '534c7151-f844-4655-89ec-328d2834cb94', 2025, 'Kalender Kerja Site Cilegon 2025'),
('8168e866-d49a-4d78-af5a-9af4d073afe8', '534c7151-f844-4655-89ec-328d2834cb94', 2026, 'Kalender Kerja Site Cilegon 2026'),
('c284c7e3-fc68-47ae-b1ae-b1aff1ad681a', '2efa6914-c9a5-43d8-8ee7-b564a3140091', 2024, 'Kalender Kerja Site Berau 2024'),
('26438848-c7ea-49c1-9a24-8ab2b964ff76', '2efa6914-c9a5-43d8-8ee7-b564a3140091', 2025, 'Kalender Kerja Site Berau 2025'),
('a7fbf46a-bcf2-4a25-829d-22d6dbbd9c36', '2efa6914-c9a5-43d8-8ee7-b564a3140091', 2026, 'Kalender Kerja Site Berau 2026'),
('41f862ff-2025-48c5-82b0-399b76e2f428', 'e4ab58fd-db65-4253-8260-2784c0215642', 2024, 'Kalender Kerja Site Tanjung Enim 2024'),
('ad144411-ac85-4308-a3a1-2e675aed6897', 'e4ab58fd-db65-4253-8260-2784c0215642', 2025, 'Kalender Kerja Site Tanjung Enim 2025'),
('506452c7-bd5b-46d5-8556-5103cae93277', 'e4ab58fd-db65-4253-8260-2784c0215642', 2026, 'Kalender Kerja Site Tanjung Enim 2026'),
('d9119ce8-440d-43bf-b87b-ad6f9fb0cc8f', '77a17dbe-9650-437d-bb8e-c450310cc50b', 2024, 'Kalender Kerja Site Bekasi 2024'),
('f88dd133-bc9b-4e0b-9ab8-2d819ff3c9d9', '77a17dbe-9650-437d-bb8e-c450310cc50b', 2025, 'Kalender Kerja Site Bekasi 2025'),
('9747acad-63d7-47a3-bce1-5fa68447727b', '77a17dbe-9650-437d-bb8e-c450310cc50b', 2026, 'Kalender Kerja Site Bekasi 2026'),
('a5180e45-3771-436c-abe3-243fafaf56f3', '2ca20549-9819-4e7a-b4cd-7a024b5d3d59', 2024, 'Kalender Kerja Site Makassar 2024'),
('da37fa1c-5ae9-4318-909c-94e536d3b31c', '2ca20549-9819-4e7a-b4cd-7a024b5d3d59', 2025, 'Kalender Kerja Site Makassar 2025'),
('9a30e1de-fbd4-40c0-9c02-1a157fff5bf4', '2ca20549-9819-4e7a-b4cd-7a024b5d3d59', 2026, 'Kalender Kerja Site Makassar 2026'),
('d5fb716b-db68-4635-9b4a-28de49e98f99', '9761c40d-dfb3-4648-aaec-a68f53624043', 2024, 'Kalender Kerja Site Dumai 2024'),
('49d9ffa4-ffbf-4d2b-af23-689f2dba0fd6', '9761c40d-dfb3-4648-aaec-a68f53624043', 2025, 'Kalender Kerja Site Dumai 2025'),
('0a59c7d0-218f-45ea-9b14-4fe2220f77c9', '9761c40d-dfb3-4648-aaec-a68f53624043', 2026, 'Kalender Kerja Site Dumai 2026'),
('4eeb0bec-a11b-4a82-9bb2-96384e65dd46', 'f906fe86-6d52-4dad-a45c-660a69e05f55', 2024, 'Kalender Kerja Site Tarakan 2024'),
('db0dd317-18c1-47d8-b5a4-d275b8890c46', 'f906fe86-6d52-4dad-a45c-660a69e05f55', 2025, 'Kalender Kerja Site Tarakan 2025'),
('d37efbaa-8d80-438b-91e6-b9174c36d2ed', 'f906fe86-6d52-4dad-a45c-660a69e05f55', 2026, 'Kalender Kerja Site Tarakan 2026');

insert into holidays (id, work_calendar_id, holiday_date, name, is_national) values
('28ee94b5-f0d9-42df-8ded-d8b8ae19f2e0', 'd42c2d41-5009-4e3c-bbcc-b0fca191d763', '2024-01-01', 'Tahun Baru Masehi', true),
('21c3aed5-230b-4190-858d-21b9d018eb05', 'd42c2d41-5009-4e3c-bbcc-b0fca191d763', '2024-02-10', 'Tahun Baru Imlek', true),
('d2f40fc5-b4d6-4ba6-89b9-9581a26257b5', 'd42c2d41-5009-4e3c-bbcc-b0fca191d763', '2024-03-11', 'Isra Miraj', true),
('6e062bb5-c7f0-43a8-959f-ca6a43d76d93', 'd42c2d41-5009-4e3c-bbcc-b0fca191d763', '2024-03-29', 'Wafat Isa Almasih', true),
('ad64835d-acb6-40ea-ba18-81bbe946fdfe', 'd42c2d41-5009-4e3c-bbcc-b0fca191d763', '2024-04-10', 'Idul Fitri', true),
('d5ffd5dc-a18c-4bfc-8730-83a8c706e9f4', 'd42c2d41-5009-4e3c-bbcc-b0fca191d763', '2024-04-11', 'Idul Fitri', true),
('ebb16c76-3270-42e1-96cf-aa5ec2624fd8', 'd42c2d41-5009-4e3c-bbcc-b0fca191d763', '2024-05-01', 'Hari Buruh', true),
('d2b3c0e2-9fd5-4a80-b1fd-c9fa77242cb0', 'd42c2d41-5009-4e3c-bbcc-b0fca191d763', '2024-05-09', 'Kenaikan Isa Almasih', true),
('a2fbf6bc-f6f2-4dae-a8e9-7dbfbe441627', 'd42c2d41-5009-4e3c-bbcc-b0fca191d763', '2024-05-23', 'Hari Raya Waisak', true),
('424e4e3a-087a-4537-b7ad-fba9914fe0fc', 'd42c2d41-5009-4e3c-bbcc-b0fca191d763', '2024-06-01', 'Hari Lahir Pancasila', true),
('8986a3ed-9ea2-44c4-9aef-438b3c76d164', 'd42c2d41-5009-4e3c-bbcc-b0fca191d763', '2024-06-17', 'Idul Adha', true),
('44a62032-d215-4af8-b378-c3f1ecc1b4d8', 'd42c2d41-5009-4e3c-bbcc-b0fca191d763', '2024-07-07', 'Tahun Baru Islam', true),
('56188a5e-3c9f-4a28-9d9e-80dab7055f79', 'd42c2d41-5009-4e3c-bbcc-b0fca191d763', '2024-08-17', 'Hari Kemerdekaan RI', true),
('04564bc3-86b8-49c8-aeee-5f9feb29e3cd', 'd42c2d41-5009-4e3c-bbcc-b0fca191d763', '2024-09-16', 'Maulid Nabi', true),
('2d30ff45-dc66-4a4e-8483-7e052548d02c', 'd42c2d41-5009-4e3c-bbcc-b0fca191d763', '2024-12-25', 'Hari Raya Natal', true),
('164711be-9b0e-4288-ace2-70e61c277ff3', '127f3ede-8cfb-4c74-86ba-c3c8b083a9dd', '2025-01-01', 'Tahun Baru Masehi', true),
('894e7c31-5c10-441b-905b-cae695466521', '127f3ede-8cfb-4c74-86ba-c3c8b083a9dd', '2025-01-29', 'Tahun Baru Imlek', true),
('54ea0a88-66fd-4ede-9a0c-88e0fdba9d28', '127f3ede-8cfb-4c74-86ba-c3c8b083a9dd', '2025-03-29', 'Hari Raya Nyepi', true),
('c55447a6-5de1-4448-8e19-26914939f764', '127f3ede-8cfb-4c74-86ba-c3c8b083a9dd', '2025-03-31', 'Idul Fitri', true),
('989aed1c-0e14-4f26-92ae-85928e3036d1', '127f3ede-8cfb-4c74-86ba-c3c8b083a9dd', '2025-04-01', 'Idul Fitri', true),
('69bea749-aa2c-4687-a86b-f47065d14a7c', '127f3ede-8cfb-4c74-86ba-c3c8b083a9dd', '2025-04-18', 'Wafat Isa Almasih', true),
('166775d5-6212-4822-8e29-0521167ece72', '127f3ede-8cfb-4c74-86ba-c3c8b083a9dd', '2025-05-01', 'Hari Buruh', true),
('4175f7c1-e148-4f7f-9ba2-fa3477ab3a7a', '127f3ede-8cfb-4c74-86ba-c3c8b083a9dd', '2025-05-12', 'Hari Raya Waisak', true),
('00f14f38-70e6-4c9e-ba50-4784ed50320a', '127f3ede-8cfb-4c74-86ba-c3c8b083a9dd', '2025-05-29', 'Kenaikan Isa Almasih', true),
('e6d2ea5d-1fdb-4203-aa6f-166c7462de9c', '127f3ede-8cfb-4c74-86ba-c3c8b083a9dd', '2025-06-01', 'Hari Lahir Pancasila', true),
('386559b0-6c49-444d-9061-00ddfe614324', '127f3ede-8cfb-4c74-86ba-c3c8b083a9dd', '2025-06-06', 'Idul Adha', true),
('cf266da8-77d4-49ee-bdfd-2ab4eb356bdb', '127f3ede-8cfb-4c74-86ba-c3c8b083a9dd', '2025-06-27', 'Tahun Baru Islam', true),
('513bed3d-10ca-483c-a15f-58e8eb234f37', '127f3ede-8cfb-4c74-86ba-c3c8b083a9dd', '2025-08-17', 'Hari Kemerdekaan RI', true),
('31917f05-ca54-4669-8923-3971a516016c', '127f3ede-8cfb-4c74-86ba-c3c8b083a9dd', '2025-09-05', 'Maulid Nabi', true),
('6c177db5-c1ba-4273-a95f-cc25c8176b4e', '127f3ede-8cfb-4c74-86ba-c3c8b083a9dd', '2025-12-25', 'Hari Raya Natal', true),
('ea87203a-4a4b-4e6f-9b4b-0ef85aeea943', '5d7993d3-b1f8-4877-b9f8-6c03ee314232', '2026-01-01', 'Tahun Baru Masehi', true),
('acdff1a6-2446-4bf4-b53b-dfb93878c0c4', '5d7993d3-b1f8-4877-b9f8-6c03ee314232', '2026-02-17', 'Tahun Baru Imlek', true),
('6dfec615-77a3-44a8-91d4-537937419b48', '5d7993d3-b1f8-4877-b9f8-6c03ee314232', '2026-03-19', 'Hari Raya Nyepi', true),
('cf6102ad-b253-450f-9d2d-a2cd6c22f9c1', '5d7993d3-b1f8-4877-b9f8-6c03ee314232', '2026-03-20', 'Idul Fitri', true),
('dc5bcee8-e9dc-443d-a3b7-b2098cd37ba2', '5d7993d3-b1f8-4877-b9f8-6c03ee314232', '2026-03-21', 'Idul Fitri', true),
('d9d3e4cf-3c11-47f0-8dc3-c5379db56aff', '5d7993d3-b1f8-4877-b9f8-6c03ee314232', '2026-05-01', 'Hari Buruh', true),
('25e58dfe-fe89-4ea1-b62d-9ae8c6f314cf', '5d7993d3-b1f8-4877-b9f8-6c03ee314232', '2026-05-26', 'Idul Adha', true),
('5a7267c6-099c-45c8-a618-f8043b2581b2', '5d7993d3-b1f8-4877-b9f8-6c03ee314232', '2026-06-01', 'Hari Lahir Pancasila', true),
('0e896539-71d1-4c62-b179-0bd641a10ed8', '5d7993d3-b1f8-4877-b9f8-6c03ee314232', '2026-08-17', 'Hari Kemerdekaan RI', true),
('497323fc-4f7a-4944-95a8-a471c3665b1e', '5d7993d3-b1f8-4877-b9f8-6c03ee314232', '2026-12-25', 'Hari Raya Natal', true),
('c5da3e38-bf81-4414-b2a2-4b48beb46654', '2dbc945e-880a-4732-9039-889357d71688', '2024-01-01', 'Tahun Baru Masehi', true),
('a1dee67a-b71a-4c79-ba13-f16d29f301a0', '2dbc945e-880a-4732-9039-889357d71688', '2024-02-10', 'Tahun Baru Imlek', true),
('3a2d726f-39ba-468c-9796-71d325691a57', '2dbc945e-880a-4732-9039-889357d71688', '2024-03-11', 'Isra Miraj', true),
('fadaa597-edd7-4211-af6f-2b8b6d6d8902', '2dbc945e-880a-4732-9039-889357d71688', '2024-03-29', 'Wafat Isa Almasih', true),
('73807322-4f3b-458d-9820-556caa8d6d67', '2dbc945e-880a-4732-9039-889357d71688', '2024-04-10', 'Idul Fitri', true),
('49647640-f5b8-427b-aa67-e619c0853edb', '2dbc945e-880a-4732-9039-889357d71688', '2024-04-11', 'Idul Fitri', true),
('77e4b320-6e45-4f84-acaf-0601816b25b9', '2dbc945e-880a-4732-9039-889357d71688', '2024-05-01', 'Hari Buruh', true),
('746dbea9-97b8-4f7d-a747-9bf5de419b52', '2dbc945e-880a-4732-9039-889357d71688', '2024-05-09', 'Kenaikan Isa Almasih', true),
('9bee8ace-d8ad-4201-90e8-b80c28db5b30', '2dbc945e-880a-4732-9039-889357d71688', '2024-05-23', 'Hari Raya Waisak', true),
('bdbdbfe8-ab50-4c1a-9154-c72a92b3b0af', '2dbc945e-880a-4732-9039-889357d71688', '2024-06-01', 'Hari Lahir Pancasila', true),
('95e56bc5-7d1b-4593-9241-42a7bbee2f60', '2dbc945e-880a-4732-9039-889357d71688', '2024-06-17', 'Idul Adha', true),
('b62f4dc2-9155-48d2-bf34-0a46a3897758', '2dbc945e-880a-4732-9039-889357d71688', '2024-07-07', 'Tahun Baru Islam', true),
('47a9999a-7879-41f5-8b6c-ddcbe5407573', '2dbc945e-880a-4732-9039-889357d71688', '2024-08-17', 'Hari Kemerdekaan RI', true),
('093fae8c-50cd-4ed2-a7a9-02e30f6277d8', '2dbc945e-880a-4732-9039-889357d71688', '2024-09-16', 'Maulid Nabi', true),
('f508470f-9ca3-41d2-88a0-241733e809b7', '2dbc945e-880a-4732-9039-889357d71688', '2024-12-25', 'Hari Raya Natal', true),
('d10690fa-386a-4c82-b7d6-c984a7f4e319', '912776dc-2503-496f-918f-ae20b0a23dd3', '2025-01-01', 'Tahun Baru Masehi', true),
('7cf3664f-79d7-428e-90c5-7e7d85f39308', '912776dc-2503-496f-918f-ae20b0a23dd3', '2025-01-29', 'Tahun Baru Imlek', true),
('b18ca9d1-a5fa-4d8c-86bb-2c720a1070a7', '912776dc-2503-496f-918f-ae20b0a23dd3', '2025-03-29', 'Hari Raya Nyepi', true),
('3f3402e5-3821-4e49-8446-eab0dae1602d', '912776dc-2503-496f-918f-ae20b0a23dd3', '2025-03-31', 'Idul Fitri', true),
('f4b1bbed-d8e1-4742-b443-797cf0c75a5d', '912776dc-2503-496f-918f-ae20b0a23dd3', '2025-04-01', 'Idul Fitri', true),
('f8996a3a-d06d-4bb9-8f7c-05e62ee0ab05', '912776dc-2503-496f-918f-ae20b0a23dd3', '2025-04-18', 'Wafat Isa Almasih', true),
('0b6f4319-890b-4556-af27-b4dbc39f3141', '912776dc-2503-496f-918f-ae20b0a23dd3', '2025-05-01', 'Hari Buruh', true),
('a09d03ea-8005-4719-96de-645a4f801bdd', '912776dc-2503-496f-918f-ae20b0a23dd3', '2025-05-12', 'Hari Raya Waisak', true),
('9f4d3e16-8a8e-4178-8e3f-f76b4d5e4bae', '912776dc-2503-496f-918f-ae20b0a23dd3', '2025-05-29', 'Kenaikan Isa Almasih', true),
('3ddb8f22-0256-4afd-8c11-44a81d50637d', '912776dc-2503-496f-918f-ae20b0a23dd3', '2025-06-01', 'Hari Lahir Pancasila', true),
('8774b337-b884-40ca-a160-fcaab1e3c8f7', '912776dc-2503-496f-918f-ae20b0a23dd3', '2025-06-06', 'Idul Adha', true),
('5802d311-4b2c-4ecc-810e-364410074f17', '912776dc-2503-496f-918f-ae20b0a23dd3', '2025-06-27', 'Tahun Baru Islam', true),
('b2d4c203-feac-4a89-9f8d-b4951ca57b92', '912776dc-2503-496f-918f-ae20b0a23dd3', '2025-08-17', 'Hari Kemerdekaan RI', true),
('8ff4298d-b78d-4a29-8275-d3bc86e756ea', '912776dc-2503-496f-918f-ae20b0a23dd3', '2025-09-05', 'Maulid Nabi', true),
('58b4077e-afc9-44e9-a671-e8d3660cbca0', '912776dc-2503-496f-918f-ae20b0a23dd3', '2025-12-25', 'Hari Raya Natal', true),
('b6a6ab2b-7109-487b-a7db-eb87f04f452e', 'ecbf3f4f-c4b5-4ef5-8fb5-ff9bcc2c080c', '2026-01-01', 'Tahun Baru Masehi', true),
('8efb5bb3-b2cc-47d5-a618-4d258fde83cb', 'ecbf3f4f-c4b5-4ef5-8fb5-ff9bcc2c080c', '2026-02-17', 'Tahun Baru Imlek', true),
('95ad7e84-2d59-4978-b45f-c7371d1537f9', 'ecbf3f4f-c4b5-4ef5-8fb5-ff9bcc2c080c', '2026-03-19', 'Hari Raya Nyepi', true),
('9a04b098-9c46-4edf-99ff-7fe57c3b3871', 'ecbf3f4f-c4b5-4ef5-8fb5-ff9bcc2c080c', '2026-03-20', 'Idul Fitri', true),
('dd681ad8-f310-4932-a0bb-89d297adedf6', 'ecbf3f4f-c4b5-4ef5-8fb5-ff9bcc2c080c', '2026-03-21', 'Idul Fitri', true),
('f8fbeec8-bdf7-4026-bf4c-eec6d1eec52a', 'ecbf3f4f-c4b5-4ef5-8fb5-ff9bcc2c080c', '2026-05-01', 'Hari Buruh', true),
('4a185cc2-e255-470a-a171-8ce28029402d', 'ecbf3f4f-c4b5-4ef5-8fb5-ff9bcc2c080c', '2026-05-26', 'Idul Adha', true),
('f741b7c0-5e71-42f0-a941-083db9738ae0', 'ecbf3f4f-c4b5-4ef5-8fb5-ff9bcc2c080c', '2026-06-01', 'Hari Lahir Pancasila', true),
('24bed3b1-e7c2-440f-8c3c-ea1b5fd2494e', 'ecbf3f4f-c4b5-4ef5-8fb5-ff9bcc2c080c', '2026-08-17', 'Hari Kemerdekaan RI', true),
('305c670f-ed6e-4ce5-828e-e38d8241b986', 'ecbf3f4f-c4b5-4ef5-8fb5-ff9bcc2c080c', '2026-12-25', 'Hari Raya Natal', true),
('b52801ef-ad14-4807-8069-7810bd203c66', '75f66f83-bf39-4604-836d-063ebeb884d3', '2024-01-01', 'Tahun Baru Masehi', true),
('35abd955-c415-42fc-b7ae-e3f46def6dbb', '75f66f83-bf39-4604-836d-063ebeb884d3', '2024-02-10', 'Tahun Baru Imlek', true),
('c4817a4b-e1ce-4cc5-be93-08da769151c7', '75f66f83-bf39-4604-836d-063ebeb884d3', '2024-03-11', 'Isra Miraj', true),
('a107fc33-687a-4b6a-b52e-044326cddd8d', '75f66f83-bf39-4604-836d-063ebeb884d3', '2024-03-29', 'Wafat Isa Almasih', true),
('de315a2b-4ed0-4595-a990-51c16129eee7', '75f66f83-bf39-4604-836d-063ebeb884d3', '2024-04-10', 'Idul Fitri', true),
('19c390dd-6365-4fa7-b38c-d34de1e6c7cf', '75f66f83-bf39-4604-836d-063ebeb884d3', '2024-04-11', 'Idul Fitri', true),
('8d9a1679-a9be-4776-9d23-6dc55a458986', '75f66f83-bf39-4604-836d-063ebeb884d3', '2024-05-01', 'Hari Buruh', true),
('fb7388ed-2b8c-4c77-9f32-fd1916194b2f', '75f66f83-bf39-4604-836d-063ebeb884d3', '2024-05-09', 'Kenaikan Isa Almasih', true),
('10cdd6fe-8f2b-42ab-ad48-03e40379a79e', '75f66f83-bf39-4604-836d-063ebeb884d3', '2024-05-23', 'Hari Raya Waisak', true),
('8d785add-d94e-4b45-885d-893ee4a61015', '75f66f83-bf39-4604-836d-063ebeb884d3', '2024-06-01', 'Hari Lahir Pancasila', true),
('665c20e5-a37d-47e8-8263-ab92fcda3ca9', '75f66f83-bf39-4604-836d-063ebeb884d3', '2024-06-17', 'Idul Adha', true),
('845be1bb-52dc-4d2d-b73d-b8f54f8e6561', '75f66f83-bf39-4604-836d-063ebeb884d3', '2024-07-07', 'Tahun Baru Islam', true),
('156b599a-e9a9-4331-9289-8b9996328b2a', '75f66f83-bf39-4604-836d-063ebeb884d3', '2024-08-17', 'Hari Kemerdekaan RI', true),
('55685998-401d-4f14-973d-1de99fe9727e', '75f66f83-bf39-4604-836d-063ebeb884d3', '2024-09-16', 'Maulid Nabi', true),
('a254ddbb-7e83-46cf-a079-150cf915e1af', '75f66f83-bf39-4604-836d-063ebeb884d3', '2024-12-25', 'Hari Raya Natal', true),
('5bb9c599-0532-408f-869f-0096cbc5122b', 'e0dc4628-6796-4995-85c2-ae707e51c4a3', '2025-01-01', 'Tahun Baru Masehi', true),
('6158099d-bb26-45e1-9598-0748c22140ab', 'e0dc4628-6796-4995-85c2-ae707e51c4a3', '2025-01-29', 'Tahun Baru Imlek', true),
('e9b8e105-bbf5-4f60-b49c-911593f93412', 'e0dc4628-6796-4995-85c2-ae707e51c4a3', '2025-03-29', 'Hari Raya Nyepi', true),
('f5cf6688-0fc0-4aa7-93d3-2e0f0d4395c1', 'e0dc4628-6796-4995-85c2-ae707e51c4a3', '2025-03-31', 'Idul Fitri', true),
('de76ba17-a7bf-461c-b6b7-d149a321f3dc', 'e0dc4628-6796-4995-85c2-ae707e51c4a3', '2025-04-01', 'Idul Fitri', true),
('056a85bd-ea49-493e-ae34-b580e2cb6132', 'e0dc4628-6796-4995-85c2-ae707e51c4a3', '2025-04-18', 'Wafat Isa Almasih', true),
('a5ca204a-b204-42fd-959c-2217f646d970', 'e0dc4628-6796-4995-85c2-ae707e51c4a3', '2025-05-01', 'Hari Buruh', true),
('32756fab-d7c6-4e67-8dd3-0221d2283de3', 'e0dc4628-6796-4995-85c2-ae707e51c4a3', '2025-05-12', 'Hari Raya Waisak', true),
('ac6b3945-5b13-4994-b8b8-74146934c24e', 'e0dc4628-6796-4995-85c2-ae707e51c4a3', '2025-05-29', 'Kenaikan Isa Almasih', true),
('8dfb179f-e1fb-42ae-bed1-78980063bbf1', 'e0dc4628-6796-4995-85c2-ae707e51c4a3', '2025-06-01', 'Hari Lahir Pancasila', true),
('105654ce-03b9-4f1d-8db4-777160384a6e', 'e0dc4628-6796-4995-85c2-ae707e51c4a3', '2025-06-06', 'Idul Adha', true),
('defb2423-f8ba-4543-87b6-cad8cbfacce4', 'e0dc4628-6796-4995-85c2-ae707e51c4a3', '2025-06-27', 'Tahun Baru Islam', true),
('70325993-c462-4440-97b6-c4933214ba03', 'e0dc4628-6796-4995-85c2-ae707e51c4a3', '2025-08-17', 'Hari Kemerdekaan RI', true),
('9d5be968-11ad-4af4-9edd-6624412125a7', 'e0dc4628-6796-4995-85c2-ae707e51c4a3', '2025-09-05', 'Maulid Nabi', true),
('5178409f-0788-4c16-a723-f7a83e6d78fd', 'e0dc4628-6796-4995-85c2-ae707e51c4a3', '2025-12-25', 'Hari Raya Natal', true),
('08c1771c-44a7-46f2-a2bf-ae976c269681', '24cfbe3d-8bd8-4f06-9a32-0060b98b5cf6', '2026-01-01', 'Tahun Baru Masehi', true),
('d06db253-c94e-4bb0-a41d-769512963020', '24cfbe3d-8bd8-4f06-9a32-0060b98b5cf6', '2026-02-17', 'Tahun Baru Imlek', true),
('7c0a42fc-4bcc-425a-8f47-54c0067d3579', '24cfbe3d-8bd8-4f06-9a32-0060b98b5cf6', '2026-03-19', 'Hari Raya Nyepi', true),
('fee6f6f8-0795-4885-9b63-3d4f69524928', '24cfbe3d-8bd8-4f06-9a32-0060b98b5cf6', '2026-03-20', 'Idul Fitri', true),
('2fd96393-d029-41a0-a15b-c4af1270f9f1', '24cfbe3d-8bd8-4f06-9a32-0060b98b5cf6', '2026-03-21', 'Idul Fitri', true),
('3db33f92-ca5d-4d3c-a864-e7df918b4725', '24cfbe3d-8bd8-4f06-9a32-0060b98b5cf6', '2026-05-01', 'Hari Buruh', true),
('cb664a5b-040a-4af5-88e0-0cc51f1c2269', '24cfbe3d-8bd8-4f06-9a32-0060b98b5cf6', '2026-05-26', 'Idul Adha', true),
('15baace9-c5d1-4247-ab7b-3978ff9d0927', '24cfbe3d-8bd8-4f06-9a32-0060b98b5cf6', '2026-06-01', 'Hari Lahir Pancasila', true),
('ebba67f5-84ad-4b90-9a1e-61c014ad97f0', '24cfbe3d-8bd8-4f06-9a32-0060b98b5cf6', '2026-08-17', 'Hari Kemerdekaan RI', true),
('b2d9dad0-194d-4f78-8791-08bd6be21b44', '24cfbe3d-8bd8-4f06-9a32-0060b98b5cf6', '2026-12-25', 'Hari Raya Natal', true),
('5e931efa-0a92-48c4-a6d5-eb8558fb4092', '6a27d804-3baf-4228-99fe-ebd7052bd511', '2024-01-01', 'Tahun Baru Masehi', true),
('5eae757c-8923-4eec-9b80-f85f41fbd027', '6a27d804-3baf-4228-99fe-ebd7052bd511', '2024-02-10', 'Tahun Baru Imlek', true),
('64a39f2b-846f-47d7-b26f-90474d8bcd95', '6a27d804-3baf-4228-99fe-ebd7052bd511', '2024-03-11', 'Isra Miraj', true),
('a3f215fd-f6d5-484c-b3e5-befd0aafe761', '6a27d804-3baf-4228-99fe-ebd7052bd511', '2024-03-29', 'Wafat Isa Almasih', true),
('2d141f4c-ef5f-4115-b455-c4e264da721f', '6a27d804-3baf-4228-99fe-ebd7052bd511', '2024-04-10', 'Idul Fitri', true),
('04192500-8a21-421c-9a70-9d7881979ab0', '6a27d804-3baf-4228-99fe-ebd7052bd511', '2024-04-11', 'Idul Fitri', true),
('ee464a50-1779-40ed-8a08-6004f79bf400', '6a27d804-3baf-4228-99fe-ebd7052bd511', '2024-05-01', 'Hari Buruh', true),
('673002d7-fb96-4b2a-a9ee-343dad6493c4', '6a27d804-3baf-4228-99fe-ebd7052bd511', '2024-05-09', 'Kenaikan Isa Almasih', true),
('29f5e04d-1f2e-4cec-bffb-c5a5560ddf64', '6a27d804-3baf-4228-99fe-ebd7052bd511', '2024-05-23', 'Hari Raya Waisak', true),
('3577f4a7-392c-4c72-9b01-94e0b000b233', '6a27d804-3baf-4228-99fe-ebd7052bd511', '2024-06-01', 'Hari Lahir Pancasila', true),
('f1806585-5231-4336-bf1f-9ae3f6c93a7d', '6a27d804-3baf-4228-99fe-ebd7052bd511', '2024-06-17', 'Idul Adha', true),
('3a7ff95d-d706-4e88-a870-1d5a8d61313c', '6a27d804-3baf-4228-99fe-ebd7052bd511', '2024-07-07', 'Tahun Baru Islam', true),
('61a8ca4d-5ee7-4ed3-be51-5f1010d66e04', '6a27d804-3baf-4228-99fe-ebd7052bd511', '2024-08-17', 'Hari Kemerdekaan RI', true),
('e12255a3-fe02-47b8-b4e2-80c324f2b3af', '6a27d804-3baf-4228-99fe-ebd7052bd511', '2024-09-16', 'Maulid Nabi', true),
('ac694795-5ecf-4cdc-84e4-7cefc7d1beb0', '6a27d804-3baf-4228-99fe-ebd7052bd511', '2024-12-25', 'Hari Raya Natal', true),
('13f29cf0-619b-4700-b0e9-b03d83be720e', 'ed8ed79f-d42c-4869-9884-3a2ebf168739', '2025-01-01', 'Tahun Baru Masehi', true),
('b68d39d4-285c-4b6e-8271-7850c7473d8f', 'ed8ed79f-d42c-4869-9884-3a2ebf168739', '2025-01-29', 'Tahun Baru Imlek', true),
('f3e73327-7e35-4e37-bec0-f8b860b6cf51', 'ed8ed79f-d42c-4869-9884-3a2ebf168739', '2025-03-29', 'Hari Raya Nyepi', true),
('7129a695-42ea-4df6-9983-6fee15c61f43', 'ed8ed79f-d42c-4869-9884-3a2ebf168739', '2025-03-31', 'Idul Fitri', true),
('a1046c07-d7a5-4e28-aad0-47acb7e8cc80', 'ed8ed79f-d42c-4869-9884-3a2ebf168739', '2025-04-01', 'Idul Fitri', true),
('e22ea6c0-3dce-43c0-89d4-3bb59329bb91', 'ed8ed79f-d42c-4869-9884-3a2ebf168739', '2025-04-18', 'Wafat Isa Almasih', true),
('f104dc8b-963b-40de-a406-fff38c7ccd96', 'ed8ed79f-d42c-4869-9884-3a2ebf168739', '2025-05-01', 'Hari Buruh', true),
('b4114117-4ecf-4cb3-a846-d3ba271b7feb', 'ed8ed79f-d42c-4869-9884-3a2ebf168739', '2025-05-12', 'Hari Raya Waisak', true),
('0ea533b9-54bd-4636-8f42-886c81603411', 'ed8ed79f-d42c-4869-9884-3a2ebf168739', '2025-05-29', 'Kenaikan Isa Almasih', true),
('120ebb53-77ed-491c-96f9-6b3f1d29ce6a', 'ed8ed79f-d42c-4869-9884-3a2ebf168739', '2025-06-01', 'Hari Lahir Pancasila', true),
('65aad5fe-9852-44d9-958c-430541253157', 'ed8ed79f-d42c-4869-9884-3a2ebf168739', '2025-06-06', 'Idul Adha', true),
('ec2aca81-5fe1-427c-a7a2-b4aa41ba7e1c', 'ed8ed79f-d42c-4869-9884-3a2ebf168739', '2025-06-27', 'Tahun Baru Islam', true),
('48055108-47c2-4d88-935b-d6f024359197', 'ed8ed79f-d42c-4869-9884-3a2ebf168739', '2025-08-17', 'Hari Kemerdekaan RI', true),
('3fda1886-77e8-49da-b000-020d907cd4fb', 'ed8ed79f-d42c-4869-9884-3a2ebf168739', '2025-09-05', 'Maulid Nabi', true),
('e8ea509c-7c63-4699-859d-f91402afe3e3', 'ed8ed79f-d42c-4869-9884-3a2ebf168739', '2025-12-25', 'Hari Raya Natal', true),
('821a7c29-a0c9-41aa-966e-9dfd65d64f75', '5a7e06a5-63cc-4116-b02d-70128406cb38', '2026-01-01', 'Tahun Baru Masehi', true),
('97a60ac0-5491-44dd-b3ba-59fe5e8ef858', '5a7e06a5-63cc-4116-b02d-70128406cb38', '2026-02-17', 'Tahun Baru Imlek', true),
('bda2d2c9-2a7c-47f6-8e6e-ba2cb6056eb5', '5a7e06a5-63cc-4116-b02d-70128406cb38', '2026-03-19', 'Hari Raya Nyepi', true),
('1e91fb5a-e858-488d-a7f8-04765918530a', '5a7e06a5-63cc-4116-b02d-70128406cb38', '2026-03-20', 'Idul Fitri', true),
('94e05b05-4888-493a-a4dc-ab3fc2df59c2', '5a7e06a5-63cc-4116-b02d-70128406cb38', '2026-03-21', 'Idul Fitri', true),
('297fbeb5-7381-4c21-ae97-5ab30fbfb641', '5a7e06a5-63cc-4116-b02d-70128406cb38', '2026-05-01', 'Hari Buruh', true),
('3a22f4be-c4a8-4d52-b4b7-f2a25c63e5be', '5a7e06a5-63cc-4116-b02d-70128406cb38', '2026-05-26', 'Idul Adha', true),
('1d91e7a7-8eea-41c4-90c9-61782a826560', '5a7e06a5-63cc-4116-b02d-70128406cb38', '2026-06-01', 'Hari Lahir Pancasila', true),
('7e3b4327-868b-4ea3-9c0c-729d12422c73', '5a7e06a5-63cc-4116-b02d-70128406cb38', '2026-08-17', 'Hari Kemerdekaan RI', true),
('5162be33-2179-4c9a-bace-4534f2063658', '5a7e06a5-63cc-4116-b02d-70128406cb38', '2026-12-25', 'Hari Raya Natal', true),
('fb890eb5-ea33-4d3e-8c7f-41d01d44ae0b', '431a0dcc-588e-471e-bd54-79e3f2875f65', '2024-01-01', 'Tahun Baru Masehi', true),
('54637335-8ae5-4f53-b338-4da8194d1524', '431a0dcc-588e-471e-bd54-79e3f2875f65', '2024-02-10', 'Tahun Baru Imlek', true),
('30e068a3-ca05-4367-8fd3-d2a23caf5816', '431a0dcc-588e-471e-bd54-79e3f2875f65', '2024-03-11', 'Isra Miraj', true),
('afee5abd-c082-45fb-86b8-d65abe13b3ca', '431a0dcc-588e-471e-bd54-79e3f2875f65', '2024-03-29', 'Wafat Isa Almasih', true),
('0f18dcab-1727-4574-a361-f5fc4cba2ccf', '431a0dcc-588e-471e-bd54-79e3f2875f65', '2024-04-10', 'Idul Fitri', true),
('4d80cd4e-a443-4afd-bfb4-00f3cc229d9e', '431a0dcc-588e-471e-bd54-79e3f2875f65', '2024-04-11', 'Idul Fitri', true),
('0958880c-ad9a-4148-b115-131de19a5db4', '431a0dcc-588e-471e-bd54-79e3f2875f65', '2024-05-01', 'Hari Buruh', true),
('4f54d013-62d7-4184-9e60-4b56c410078f', '431a0dcc-588e-471e-bd54-79e3f2875f65', '2024-05-09', 'Kenaikan Isa Almasih', true),
('3e44d9a4-e31c-4b0a-bd3e-c36cc0346cdc', '431a0dcc-588e-471e-bd54-79e3f2875f65', '2024-05-23', 'Hari Raya Waisak', true),
('e7227684-c341-4d0e-8dc6-04f0a1eb9f6c', '431a0dcc-588e-471e-bd54-79e3f2875f65', '2024-06-01', 'Hari Lahir Pancasila', true),
('4effd8dc-a2ec-48a1-8d0e-aff92b3e1945', '431a0dcc-588e-471e-bd54-79e3f2875f65', '2024-06-17', 'Idul Adha', true),
('005ea8e6-ceca-4992-b55f-9ba7f3308b7c', '431a0dcc-588e-471e-bd54-79e3f2875f65', '2024-07-07', 'Tahun Baru Islam', true),
('afe8aef3-7796-48f7-b3a1-6e3b33f0772a', '431a0dcc-588e-471e-bd54-79e3f2875f65', '2024-08-17', 'Hari Kemerdekaan RI', true),
('c8dd07e8-fc74-44d6-9cff-24466a3a502a', '431a0dcc-588e-471e-bd54-79e3f2875f65', '2024-09-16', 'Maulid Nabi', true),
('f834a3d4-ea92-4c5b-bc5a-38d439f052af', '431a0dcc-588e-471e-bd54-79e3f2875f65', '2024-12-25', 'Hari Raya Natal', true),
('7b73d450-b4cd-44c7-b96c-ae482632ca56', '744595c6-5fd1-48c4-bda1-870edd86a148', '2025-01-01', 'Tahun Baru Masehi', true),
('13ab6b94-4172-4b33-b1b0-9be22e833e8e', '744595c6-5fd1-48c4-bda1-870edd86a148', '2025-01-29', 'Tahun Baru Imlek', true),
('f4be5a25-95af-4d5f-97b5-e206599045e0', '744595c6-5fd1-48c4-bda1-870edd86a148', '2025-03-29', 'Hari Raya Nyepi', true),
('4c2397c0-67b1-4cf8-937c-79d6ebeb0658', '744595c6-5fd1-48c4-bda1-870edd86a148', '2025-03-31', 'Idul Fitri', true),
('60ed66b9-754b-4137-9ddd-d5decb3b904e', '744595c6-5fd1-48c4-bda1-870edd86a148', '2025-04-01', 'Idul Fitri', true),
('86075ee8-ca18-495c-8c85-1bb41cc237d3', '744595c6-5fd1-48c4-bda1-870edd86a148', '2025-04-18', 'Wafat Isa Almasih', true),
('b69cb755-99f0-48c1-85ce-7fb40a100eb9', '744595c6-5fd1-48c4-bda1-870edd86a148', '2025-05-01', 'Hari Buruh', true),
('8aab20d1-01a1-44f5-8c4d-e796b550e9a9', '744595c6-5fd1-48c4-bda1-870edd86a148', '2025-05-12', 'Hari Raya Waisak', true),
('032ba373-d9c2-40cc-8f89-9b131db13b83', '744595c6-5fd1-48c4-bda1-870edd86a148', '2025-05-29', 'Kenaikan Isa Almasih', true),
('6dac7aa9-fb29-4761-bf74-17cbdf7b654b', '744595c6-5fd1-48c4-bda1-870edd86a148', '2025-06-01', 'Hari Lahir Pancasila', true),
('bbf65027-7965-47d5-ba4a-ea8e0f38fe4a', '744595c6-5fd1-48c4-bda1-870edd86a148', '2025-06-06', 'Idul Adha', true),
('cc7487e3-b626-4816-85ed-619f36b113b4', '744595c6-5fd1-48c4-bda1-870edd86a148', '2025-06-27', 'Tahun Baru Islam', true),
('3a92de6b-5cf9-4bfb-bb3c-6acea12b4420', '744595c6-5fd1-48c4-bda1-870edd86a148', '2025-08-17', 'Hari Kemerdekaan RI', true),
('62a96f4d-4f25-4a37-94bc-d37de588a6aa', '744595c6-5fd1-48c4-bda1-870edd86a148', '2025-09-05', 'Maulid Nabi', true),
('9cdf2029-a864-4b4b-aed6-277e083bb3a7', '744595c6-5fd1-48c4-bda1-870edd86a148', '2025-12-25', 'Hari Raya Natal', true),
('54f183cf-14f8-49b2-a755-83f9e6120730', '730c231c-be52-41e6-a433-c190c6edc5f1', '2026-01-01', 'Tahun Baru Masehi', true),
('2e9fd180-c60b-42b9-89c6-af04b716ef21', '730c231c-be52-41e6-a433-c190c6edc5f1', '2026-02-17', 'Tahun Baru Imlek', true),
('95c76723-c4e3-4701-af9c-d53aa03d729f', '730c231c-be52-41e6-a433-c190c6edc5f1', '2026-03-19', 'Hari Raya Nyepi', true),
('0a86b5c0-f53f-46bc-ba66-3acf722ad3ee', '730c231c-be52-41e6-a433-c190c6edc5f1', '2026-03-20', 'Idul Fitri', true),
('4e4f9a7a-0c85-4313-b97b-4cff71bcacb8', '730c231c-be52-41e6-a433-c190c6edc5f1', '2026-03-21', 'Idul Fitri', true),
('3eb4e04a-1b61-4060-be1d-ef82c0b21a8c', '730c231c-be52-41e6-a433-c190c6edc5f1', '2026-05-01', 'Hari Buruh', true),
('7cbeeb75-6242-49fc-962c-2c679d1f2216', '730c231c-be52-41e6-a433-c190c6edc5f1', '2026-05-26', 'Idul Adha', true),
('006098e6-62bb-4e4c-94a9-2c9214ca174d', '730c231c-be52-41e6-a433-c190c6edc5f1', '2026-06-01', 'Hari Lahir Pancasila', true),
('7a94d8b6-9959-456a-bdc5-da262f668157', '730c231c-be52-41e6-a433-c190c6edc5f1', '2026-08-17', 'Hari Kemerdekaan RI', true),
('1e6cb6ef-dc6a-4fab-9ee3-795129d3c48d', '730c231c-be52-41e6-a433-c190c6edc5f1', '2026-12-25', 'Hari Raya Natal', true),
('ded3633a-8e5a-4efb-b1ce-598b2f46e84e', '7e17b299-2773-4e09-b851-8822aade783c', '2024-01-01', 'Tahun Baru Masehi', true),
('50438a92-6c0e-4a21-a8f3-587cadddc295', '7e17b299-2773-4e09-b851-8822aade783c', '2024-02-10', 'Tahun Baru Imlek', true),
('cecc7df8-d650-4867-b9a1-6f249840174e', '7e17b299-2773-4e09-b851-8822aade783c', '2024-03-11', 'Isra Miraj', true),
('5aaa1a67-4238-411d-ad33-424be6bd2183', '7e17b299-2773-4e09-b851-8822aade783c', '2024-03-29', 'Wafat Isa Almasih', true),
('4befbfd3-a03d-4307-952d-9724963bc52c', '7e17b299-2773-4e09-b851-8822aade783c', '2024-04-10', 'Idul Fitri', true),
('0920e458-c9cc-4ace-855a-43480beb398a', '7e17b299-2773-4e09-b851-8822aade783c', '2024-04-11', 'Idul Fitri', true),
('28fe416d-aa6a-4c0d-9254-7dcaba1c7347', '7e17b299-2773-4e09-b851-8822aade783c', '2024-05-01', 'Hari Buruh', true),
('05e008aa-e69b-4772-b8e4-5dc55d741e5c', '7e17b299-2773-4e09-b851-8822aade783c', '2024-05-09', 'Kenaikan Isa Almasih', true),
('a27fcab3-dd75-438a-86c8-d48dfcc4f7e3', '7e17b299-2773-4e09-b851-8822aade783c', '2024-05-23', 'Hari Raya Waisak', true),
('592f08d8-56e2-43d6-a85c-9856297bcf04', '7e17b299-2773-4e09-b851-8822aade783c', '2024-06-01', 'Hari Lahir Pancasila', true),
('e0f27ee5-e225-4746-b0e4-602f0f56cae6', '7e17b299-2773-4e09-b851-8822aade783c', '2024-06-17', 'Idul Adha', true),
('86e97809-3edf-4336-8a02-bfba08fa4ae5', '7e17b299-2773-4e09-b851-8822aade783c', '2024-07-07', 'Tahun Baru Islam', true),
('63ed9d75-1c7b-4652-8cc2-6e995e48433b', '7e17b299-2773-4e09-b851-8822aade783c', '2024-08-17', 'Hari Kemerdekaan RI', true),
('ac71b9a2-2db1-4899-b7eb-41a238b4cdac', '7e17b299-2773-4e09-b851-8822aade783c', '2024-09-16', 'Maulid Nabi', true),
('de46dce5-6e93-4e66-824d-67227267ac55', '7e17b299-2773-4e09-b851-8822aade783c', '2024-12-25', 'Hari Raya Natal', true),
('49e6fbfd-a90a-4a9d-bb30-0524ba674cab', 'eb5895c0-f774-47ee-94c9-52f712e7624a', '2025-01-01', 'Tahun Baru Masehi', true),
('fc609579-cb3c-42ec-8025-d163f7a105ef', 'eb5895c0-f774-47ee-94c9-52f712e7624a', '2025-01-29', 'Tahun Baru Imlek', true),
('6a02c0d6-ab22-46a6-9a32-27fe73a498ea', 'eb5895c0-f774-47ee-94c9-52f712e7624a', '2025-03-29', 'Hari Raya Nyepi', true),
('0e81adcf-fa14-466d-bb79-05d8c09998b7', 'eb5895c0-f774-47ee-94c9-52f712e7624a', '2025-03-31', 'Idul Fitri', true),
('4109dc8d-77b5-4b60-958f-10486ab344a3', 'eb5895c0-f774-47ee-94c9-52f712e7624a', '2025-04-01', 'Idul Fitri', true),
('b36a8d95-e4a5-4693-ac41-5a9a44090592', 'eb5895c0-f774-47ee-94c9-52f712e7624a', '2025-04-18', 'Wafat Isa Almasih', true),
('4696971c-7ea5-4793-b791-686454b93f23', 'eb5895c0-f774-47ee-94c9-52f712e7624a', '2025-05-01', 'Hari Buruh', true),
('eeffd27a-85b3-4834-9c7d-6e4934e98ef1', 'eb5895c0-f774-47ee-94c9-52f712e7624a', '2025-05-12', 'Hari Raya Waisak', true),
('46ce2a05-f2da-4ce8-9303-52cf4802423e', 'eb5895c0-f774-47ee-94c9-52f712e7624a', '2025-05-29', 'Kenaikan Isa Almasih', true),
('687f368c-baa5-4b84-bc45-e5e45d9f85a5', 'eb5895c0-f774-47ee-94c9-52f712e7624a', '2025-06-01', 'Hari Lahir Pancasila', true),
('de81ee7b-4eaf-4447-9560-08ba4ca9f675', 'eb5895c0-f774-47ee-94c9-52f712e7624a', '2025-06-06', 'Idul Adha', true),
('cb7c22d7-fdd7-44ec-b759-408672aa8cf6', 'eb5895c0-f774-47ee-94c9-52f712e7624a', '2025-06-27', 'Tahun Baru Islam', true),
('068eeec4-5b21-49fc-ad16-8800c4489c58', 'eb5895c0-f774-47ee-94c9-52f712e7624a', '2025-08-17', 'Hari Kemerdekaan RI', true),
('a8f772bc-f09f-4c95-9c33-82ec3887264d', 'eb5895c0-f774-47ee-94c9-52f712e7624a', '2025-09-05', 'Maulid Nabi', true),
('2e3f8722-4989-47fb-97e9-5544cbd253f5', 'eb5895c0-f774-47ee-94c9-52f712e7624a', '2025-12-25', 'Hari Raya Natal', true),
('d277e49e-cb01-4168-bb45-23f2b8e9a09c', '305d8088-9933-43c3-9c05-3236dace6526', '2026-01-01', 'Tahun Baru Masehi', true),
('adf3a02a-6c9c-402c-b7a2-d4843b166dc8', '305d8088-9933-43c3-9c05-3236dace6526', '2026-02-17', 'Tahun Baru Imlek', true),
('7460dfae-3a98-451f-91fc-9816f66b4ef0', '305d8088-9933-43c3-9c05-3236dace6526', '2026-03-19', 'Hari Raya Nyepi', true),
('fdefc38d-246a-4def-a4e5-d04adf092760', '305d8088-9933-43c3-9c05-3236dace6526', '2026-03-20', 'Idul Fitri', true),
('97ca6d2b-f61f-4dda-aa93-c89c3b07cffc', '305d8088-9933-43c3-9c05-3236dace6526', '2026-03-21', 'Idul Fitri', true),
('0f6f35a3-f532-45de-92c0-870e2a3a1a15', '305d8088-9933-43c3-9c05-3236dace6526', '2026-05-01', 'Hari Buruh', true),
('38ae2f15-c1e9-4c6b-8142-65fbabe6938d', '305d8088-9933-43c3-9c05-3236dace6526', '2026-05-26', 'Idul Adha', true),
('a4f3a980-cc20-4441-95d4-0bba2b35bd75', '305d8088-9933-43c3-9c05-3236dace6526', '2026-06-01', 'Hari Lahir Pancasila', true),
('d4945ca2-bea2-498c-8e46-01b808168124', '305d8088-9933-43c3-9c05-3236dace6526', '2026-08-17', 'Hari Kemerdekaan RI', true),
('50769239-a6e8-4d8a-b661-6291f1abdd16', '305d8088-9933-43c3-9c05-3236dace6526', '2026-12-25', 'Hari Raya Natal', true),
('ef5e6b46-b7a9-4f9d-8c9f-533937ac0d51', '1dab48d4-f310-4dab-8af2-fd5ba1d73ca4', '2024-01-01', 'Tahun Baru Masehi', true),
('b34ea3a7-eb09-4bd4-bc3f-11eadfd210d2', '1dab48d4-f310-4dab-8af2-fd5ba1d73ca4', '2024-02-10', 'Tahun Baru Imlek', true),
('e4f3ef1d-8b07-43cb-83c2-220be098eb53', '1dab48d4-f310-4dab-8af2-fd5ba1d73ca4', '2024-03-11', 'Isra Miraj', true),
('965edf75-c290-4236-8c13-8e3a86b64a66', '1dab48d4-f310-4dab-8af2-fd5ba1d73ca4', '2024-03-29', 'Wafat Isa Almasih', true),
('c0ebbf66-81b2-47ce-af5c-3b4fb45f2557', '1dab48d4-f310-4dab-8af2-fd5ba1d73ca4', '2024-04-10', 'Idul Fitri', true),
('7f798022-0e4f-4b90-a250-a23ef33068bc', '1dab48d4-f310-4dab-8af2-fd5ba1d73ca4', '2024-04-11', 'Idul Fitri', true),
('5ed5eda8-cb0c-4fa8-976c-116c267bfaf6', '1dab48d4-f310-4dab-8af2-fd5ba1d73ca4', '2024-05-01', 'Hari Buruh', true),
('85709841-e8a9-4bd4-bb10-75329fd78937', '1dab48d4-f310-4dab-8af2-fd5ba1d73ca4', '2024-05-09', 'Kenaikan Isa Almasih', true),
('e316c463-77aa-435e-951f-127ada6029aa', '1dab48d4-f310-4dab-8af2-fd5ba1d73ca4', '2024-05-23', 'Hari Raya Waisak', true),
('7a730568-5c50-416f-a861-77550b1516a9', '1dab48d4-f310-4dab-8af2-fd5ba1d73ca4', '2024-06-01', 'Hari Lahir Pancasila', true),
('ae6fa8de-6e11-4a5f-88bd-ab2cc55d6a09', '1dab48d4-f310-4dab-8af2-fd5ba1d73ca4', '2024-06-17', 'Idul Adha', true),
('987f03e2-8ee4-4889-86ac-e979d55456cb', '1dab48d4-f310-4dab-8af2-fd5ba1d73ca4', '2024-07-07', 'Tahun Baru Islam', true),
('cca1a0cf-0bb8-46e0-b479-c9e1346304e8', '1dab48d4-f310-4dab-8af2-fd5ba1d73ca4', '2024-08-17', 'Hari Kemerdekaan RI', true),
('bfea8014-e057-4b00-86fc-3531d4e681ab', '1dab48d4-f310-4dab-8af2-fd5ba1d73ca4', '2024-09-16', 'Maulid Nabi', true),
('54f60393-7bb4-4879-8a7e-6a1552959faa', '1dab48d4-f310-4dab-8af2-fd5ba1d73ca4', '2024-12-25', 'Hari Raya Natal', true),
('c21f4f0b-c5b9-4635-90b0-3cf087d8aeb4', '11bae8f7-d0af-4f87-8c9d-3824043e3bb7', '2025-01-01', 'Tahun Baru Masehi', true),
('60933a32-c787-4b0e-a242-8d0672483b71', '11bae8f7-d0af-4f87-8c9d-3824043e3bb7', '2025-01-29', 'Tahun Baru Imlek', true),
('2e5cffa6-f8df-46a4-a8c4-211859794596', '11bae8f7-d0af-4f87-8c9d-3824043e3bb7', '2025-03-29', 'Hari Raya Nyepi', true),
('9d1a12cb-b940-4a6b-9ff3-aa02dd2ec129', '11bae8f7-d0af-4f87-8c9d-3824043e3bb7', '2025-03-31', 'Idul Fitri', true),
('ae6d2123-3bd9-4490-8b32-d64563325f6a', '11bae8f7-d0af-4f87-8c9d-3824043e3bb7', '2025-04-01', 'Idul Fitri', true),
('4989d2a6-0e95-459e-b9e8-6744875c490a', '11bae8f7-d0af-4f87-8c9d-3824043e3bb7', '2025-04-18', 'Wafat Isa Almasih', true),
('e637cc59-df6a-406b-993f-c85dd31c4f90', '11bae8f7-d0af-4f87-8c9d-3824043e3bb7', '2025-05-01', 'Hari Buruh', true),
('376eb5f6-9098-4b67-9157-6eb3187bd660', '11bae8f7-d0af-4f87-8c9d-3824043e3bb7', '2025-05-12', 'Hari Raya Waisak', true),
('d670c7e3-63a9-41a0-a9e4-21cb8807cb60', '11bae8f7-d0af-4f87-8c9d-3824043e3bb7', '2025-05-29', 'Kenaikan Isa Almasih', true),
('0d85fbfb-7214-4397-aec9-144097da0457', '11bae8f7-d0af-4f87-8c9d-3824043e3bb7', '2025-06-01', 'Hari Lahir Pancasila', true),
('20162020-e351-43a0-a4f8-f957329ceb7d', '11bae8f7-d0af-4f87-8c9d-3824043e3bb7', '2025-06-06', 'Idul Adha', true),
('c77bd23f-869d-4b7f-80a5-62557eb70afa', '11bae8f7-d0af-4f87-8c9d-3824043e3bb7', '2025-06-27', 'Tahun Baru Islam', true),
('bf977a2f-2dcf-44f8-8bc4-23617fac797b', '11bae8f7-d0af-4f87-8c9d-3824043e3bb7', '2025-08-17', 'Hari Kemerdekaan RI', true),
('634e31ec-186c-4543-b1aa-83dbed607084', '11bae8f7-d0af-4f87-8c9d-3824043e3bb7', '2025-09-05', 'Maulid Nabi', true),
('a1b5f45c-6b0d-45fe-865b-7770a3c24d54', '11bae8f7-d0af-4f87-8c9d-3824043e3bb7', '2025-12-25', 'Hari Raya Natal', true),
('3b6f0463-c04b-4e4c-9500-a9ee9da71ad7', '8d99a193-f7e4-4434-a87a-59cc61bc27c3', '2026-01-01', 'Tahun Baru Masehi', true),
('715d68db-4e7c-488b-9a10-906929262273', '8d99a193-f7e4-4434-a87a-59cc61bc27c3', '2026-02-17', 'Tahun Baru Imlek', true),
('53ddaf56-cc8d-49a1-b574-ed69744976a1', '8d99a193-f7e4-4434-a87a-59cc61bc27c3', '2026-03-19', 'Hari Raya Nyepi', true),
('86e8864f-453e-4eca-922d-b73ef54041c5', '8d99a193-f7e4-4434-a87a-59cc61bc27c3', '2026-03-20', 'Idul Fitri', true),
('06a98e62-e091-4ac8-bc39-708027de0876', '8d99a193-f7e4-4434-a87a-59cc61bc27c3', '2026-03-21', 'Idul Fitri', true),
('d686e810-d60f-4bad-bb47-a44b1349df1d', '8d99a193-f7e4-4434-a87a-59cc61bc27c3', '2026-05-01', 'Hari Buruh', true),
('18d2adef-4296-48d0-894d-1ec2d0a1cff9', '8d99a193-f7e4-4434-a87a-59cc61bc27c3', '2026-05-26', 'Idul Adha', true),
('0c12328b-a4da-4e68-83d6-27c11047d47d', '8d99a193-f7e4-4434-a87a-59cc61bc27c3', '2026-06-01', 'Hari Lahir Pancasila', true),
('212f06a1-2e7e-4084-89d6-adeb64187553', '8d99a193-f7e4-4434-a87a-59cc61bc27c3', '2026-08-17', 'Hari Kemerdekaan RI', true),
('dec41283-9be0-4820-ba7a-b8b494d80db2', '8d99a193-f7e4-4434-a87a-59cc61bc27c3', '2026-12-25', 'Hari Raya Natal', true),
('0c957d56-7f3d-4910-9f48-46f402479122', 'ea66b392-089e-483e-8c6e-6ed2980ba9ce', '2024-01-01', 'Tahun Baru Masehi', true),
('b5857def-b5d2-48dd-bfa4-e6ab4921d7c0', 'ea66b392-089e-483e-8c6e-6ed2980ba9ce', '2024-02-10', 'Tahun Baru Imlek', true),
('1b9d4654-29e7-432f-a993-41d671bee36c', 'ea66b392-089e-483e-8c6e-6ed2980ba9ce', '2024-03-11', 'Isra Miraj', true),
('753b37e1-1694-4395-a25f-4a1b7fddaadd', 'ea66b392-089e-483e-8c6e-6ed2980ba9ce', '2024-03-29', 'Wafat Isa Almasih', true),
('9a02b401-8d27-4356-ad3d-6e34b583b26e', 'ea66b392-089e-483e-8c6e-6ed2980ba9ce', '2024-04-10', 'Idul Fitri', true),
('b66c918a-d519-4d17-a04d-25b9639acec0', 'ea66b392-089e-483e-8c6e-6ed2980ba9ce', '2024-04-11', 'Idul Fitri', true),
('60cad1e8-d69c-4fc4-94bb-78e7226ccf49', 'ea66b392-089e-483e-8c6e-6ed2980ba9ce', '2024-05-01', 'Hari Buruh', true),
('60e7428a-0acf-4318-8782-a205b9bacc5e', 'ea66b392-089e-483e-8c6e-6ed2980ba9ce', '2024-05-09', 'Kenaikan Isa Almasih', true),
('6100ff7a-3cea-404b-b88f-998f5d8ca78f', 'ea66b392-089e-483e-8c6e-6ed2980ba9ce', '2024-05-23', 'Hari Raya Waisak', true),
('8ef8391c-847d-46fd-a51e-7ba321faee6b', 'ea66b392-089e-483e-8c6e-6ed2980ba9ce', '2024-06-01', 'Hari Lahir Pancasila', true),
('848163c3-8147-4b21-924a-fc387bf7e36b', 'ea66b392-089e-483e-8c6e-6ed2980ba9ce', '2024-06-17', 'Idul Adha', true),
('38e55e7d-c462-4db5-940b-e0eaf3d956cb', 'ea66b392-089e-483e-8c6e-6ed2980ba9ce', '2024-07-07', 'Tahun Baru Islam', true),
('050dc3c9-7ef2-4b7c-bd11-338f1f5b544e', 'ea66b392-089e-483e-8c6e-6ed2980ba9ce', '2024-08-17', 'Hari Kemerdekaan RI', true),
('3b04682b-3d7c-422a-b747-9dd38f254b42', 'ea66b392-089e-483e-8c6e-6ed2980ba9ce', '2024-09-16', 'Maulid Nabi', true),
('b0d91cee-8cde-4c70-afc7-ca2a35236bd1', 'ea66b392-089e-483e-8c6e-6ed2980ba9ce', '2024-12-25', 'Hari Raya Natal', true),
('a9e91be5-65fe-4bf0-8f3a-445739093219', '23270d22-e9b3-4808-a4b5-048b6ce21b1f', '2025-01-01', 'Tahun Baru Masehi', true),
('8d5d694c-1d16-450c-9cb8-5bac780feb91', '23270d22-e9b3-4808-a4b5-048b6ce21b1f', '2025-01-29', 'Tahun Baru Imlek', true),
('6b949df2-557a-437b-9f97-e851c00ae177', '23270d22-e9b3-4808-a4b5-048b6ce21b1f', '2025-03-29', 'Hari Raya Nyepi', true),
('82de0ef0-26bb-4837-b3ab-53ba95616006', '23270d22-e9b3-4808-a4b5-048b6ce21b1f', '2025-03-31', 'Idul Fitri', true),
('ca224d11-efd4-4351-af15-97730b577728', '23270d22-e9b3-4808-a4b5-048b6ce21b1f', '2025-04-01', 'Idul Fitri', true),
('b8960379-227c-4b80-82b4-59994e13f93e', '23270d22-e9b3-4808-a4b5-048b6ce21b1f', '2025-04-18', 'Wafat Isa Almasih', true),
('7b580e9e-d93b-44f3-abb0-5dc742905c39', '23270d22-e9b3-4808-a4b5-048b6ce21b1f', '2025-05-01', 'Hari Buruh', true),
('325f1f82-eeed-4888-9289-d5a3de9d442c', '23270d22-e9b3-4808-a4b5-048b6ce21b1f', '2025-05-12', 'Hari Raya Waisak', true),
('b8535a54-744e-4225-815b-c2b485e09b5f', '23270d22-e9b3-4808-a4b5-048b6ce21b1f', '2025-05-29', 'Kenaikan Isa Almasih', true),
('e011f68d-023b-4e4a-8783-a79b2b936e55', '23270d22-e9b3-4808-a4b5-048b6ce21b1f', '2025-06-01', 'Hari Lahir Pancasila', true),
('537ea78d-65ab-4525-bc27-992a552c79e9', '23270d22-e9b3-4808-a4b5-048b6ce21b1f', '2025-06-06', 'Idul Adha', true),
('c64a0a0a-80f8-49f9-8350-3fa51af679a0', '23270d22-e9b3-4808-a4b5-048b6ce21b1f', '2025-06-27', 'Tahun Baru Islam', true),
('37f65dad-7a25-457e-994f-2c09ab7cc634', '23270d22-e9b3-4808-a4b5-048b6ce21b1f', '2025-08-17', 'Hari Kemerdekaan RI', true),
('a0274f58-4e3b-473f-93b6-71128de81062', '23270d22-e9b3-4808-a4b5-048b6ce21b1f', '2025-09-05', 'Maulid Nabi', true),
('0512ea16-aba3-4f2d-8d31-297fb756fd88', '23270d22-e9b3-4808-a4b5-048b6ce21b1f', '2025-12-25', 'Hari Raya Natal', true),
('3c887c36-7ca1-4c85-99b8-11565fd1549e', 'f06a5dde-a4d1-476d-915b-dcb936e96cd3', '2026-01-01', 'Tahun Baru Masehi', true),
('db16ad6a-c7d7-43b8-8ad6-475e90bc45b1', 'f06a5dde-a4d1-476d-915b-dcb936e96cd3', '2026-02-17', 'Tahun Baru Imlek', true),
('868e0917-6cdc-421d-b696-dc6c80b041ef', 'f06a5dde-a4d1-476d-915b-dcb936e96cd3', '2026-03-19', 'Hari Raya Nyepi', true),
('502e6400-907a-4965-aa39-2588d785f9ae', 'f06a5dde-a4d1-476d-915b-dcb936e96cd3', '2026-03-20', 'Idul Fitri', true),
('33fd51c9-0175-4075-8c05-99f0dae02e2b', 'f06a5dde-a4d1-476d-915b-dcb936e96cd3', '2026-03-21', 'Idul Fitri', true),
('281e34c7-210c-49c1-9e90-269f9daea8ed', 'f06a5dde-a4d1-476d-915b-dcb936e96cd3', '2026-05-01', 'Hari Buruh', true),
('4e6ac131-5b1b-4d7c-b741-a12e9fd0e723', 'f06a5dde-a4d1-476d-915b-dcb936e96cd3', '2026-05-26', 'Idul Adha', true),
('ae0f7833-e503-4226-b4ac-034e3a529414', 'f06a5dde-a4d1-476d-915b-dcb936e96cd3', '2026-06-01', 'Hari Lahir Pancasila', true),
('4ccb3f22-ae61-4619-8a16-b96e50b93586', 'f06a5dde-a4d1-476d-915b-dcb936e96cd3', '2026-08-17', 'Hari Kemerdekaan RI', true),
('c5f68f6e-3d63-48bd-b6e5-4bad418b7e79', 'f06a5dde-a4d1-476d-915b-dcb936e96cd3', '2026-12-25', 'Hari Raya Natal', true),
('c2fa43a0-45cd-45f9-84a2-bf28b99e83a0', '3e406e1a-251e-46e3-894b-19ad4907b32c', '2024-01-01', 'Tahun Baru Masehi', true),
('fdde516d-92f5-4326-893a-498ab4b953c9', '3e406e1a-251e-46e3-894b-19ad4907b32c', '2024-02-10', 'Tahun Baru Imlek', true),
('17025f98-88cb-406d-ae2c-879f75878b1f', '3e406e1a-251e-46e3-894b-19ad4907b32c', '2024-03-11', 'Isra Miraj', true),
('1182d2f4-97eb-4a61-be06-53422391c9f3', '3e406e1a-251e-46e3-894b-19ad4907b32c', '2024-03-29', 'Wafat Isa Almasih', true),
('560871af-d018-4ceb-8ef2-ee221d244f72', '3e406e1a-251e-46e3-894b-19ad4907b32c', '2024-04-10', 'Idul Fitri', true),
('3a57e36a-5cc2-41f8-b352-9370c1add480', '3e406e1a-251e-46e3-894b-19ad4907b32c', '2024-04-11', 'Idul Fitri', true),
('5bfd37f1-cbdd-4edb-a9d0-d83d71f62755', '3e406e1a-251e-46e3-894b-19ad4907b32c', '2024-05-01', 'Hari Buruh', true),
('1220a566-e447-4813-b493-bb0d93851554', '3e406e1a-251e-46e3-894b-19ad4907b32c', '2024-05-09', 'Kenaikan Isa Almasih', true),
('0ce3472f-b989-4cb7-915f-78c8de6cb337', '3e406e1a-251e-46e3-894b-19ad4907b32c', '2024-05-23', 'Hari Raya Waisak', true),
('d9fd34c1-c6ac-4bb6-bf0e-14b285c79e59', '3e406e1a-251e-46e3-894b-19ad4907b32c', '2024-06-01', 'Hari Lahir Pancasila', true),
('c97ee944-725b-4027-9bcb-ee6e4d99ea91', '3e406e1a-251e-46e3-894b-19ad4907b32c', '2024-06-17', 'Idul Adha', true),
('bc7cc12c-7dc6-4ad3-8f1f-27dafacab4e8', '3e406e1a-251e-46e3-894b-19ad4907b32c', '2024-07-07', 'Tahun Baru Islam', true),
('934e2f2c-6eb6-42d1-89dc-c5bdf8b6730e', '3e406e1a-251e-46e3-894b-19ad4907b32c', '2024-08-17', 'Hari Kemerdekaan RI', true),
('c066a0e7-ad28-4bd7-9c37-d7b8e2e79c01', '3e406e1a-251e-46e3-894b-19ad4907b32c', '2024-09-16', 'Maulid Nabi', true),
('66f07a3d-05ea-4853-974f-8fa94820d362', '3e406e1a-251e-46e3-894b-19ad4907b32c', '2024-12-25', 'Hari Raya Natal', true),
('b93c78d5-b3a3-4b34-9641-0ef6b2669d01', '6e731f34-2ac6-4d08-86a7-50c65c5b1433', '2025-01-01', 'Tahun Baru Masehi', true),
('6923dd6e-7f1e-403d-97f8-51108a4002b0', '6e731f34-2ac6-4d08-86a7-50c65c5b1433', '2025-01-29', 'Tahun Baru Imlek', true),
('4495c168-5cc0-45e2-a5da-bf42018eaf0b', '6e731f34-2ac6-4d08-86a7-50c65c5b1433', '2025-03-29', 'Hari Raya Nyepi', true),
('d1519105-2c3b-45da-9006-c99c8874cb2d', '6e731f34-2ac6-4d08-86a7-50c65c5b1433', '2025-03-31', 'Idul Fitri', true),
('155e5288-552a-4af2-ac18-633245e92fb3', '6e731f34-2ac6-4d08-86a7-50c65c5b1433', '2025-04-01', 'Idul Fitri', true),
('8e36089e-279c-43b3-88a5-e9da519d5ce7', '6e731f34-2ac6-4d08-86a7-50c65c5b1433', '2025-04-18', 'Wafat Isa Almasih', true),
('5c35fd91-b574-44d1-ac12-713f3ed8de70', '6e731f34-2ac6-4d08-86a7-50c65c5b1433', '2025-05-01', 'Hari Buruh', true),
('151f5468-890f-4160-aadf-778de4ed62d7', '6e731f34-2ac6-4d08-86a7-50c65c5b1433', '2025-05-12', 'Hari Raya Waisak', true),
('ea43bdf3-1f61-4422-8bee-822cf3773204', '6e731f34-2ac6-4d08-86a7-50c65c5b1433', '2025-05-29', 'Kenaikan Isa Almasih', true),
('fb94153a-71ff-4e56-b72c-875ddf9f6237', '6e731f34-2ac6-4d08-86a7-50c65c5b1433', '2025-06-01', 'Hari Lahir Pancasila', true),
('e03e0d1f-c47b-4ae4-8872-91f4be6ace19', '6e731f34-2ac6-4d08-86a7-50c65c5b1433', '2025-06-06', 'Idul Adha', true),
('c1b3ae98-0175-4fad-88b3-0fd1259120ca', '6e731f34-2ac6-4d08-86a7-50c65c5b1433', '2025-06-27', 'Tahun Baru Islam', true),
('41844cc7-b87f-410c-bf42-f82fa7218583', '6e731f34-2ac6-4d08-86a7-50c65c5b1433', '2025-08-17', 'Hari Kemerdekaan RI', true),
('1e8a25cb-ded9-4361-8ca4-0f67cb1522a6', '6e731f34-2ac6-4d08-86a7-50c65c5b1433', '2025-09-05', 'Maulid Nabi', true),
('3794bde0-2cc2-494e-822f-93ecbb53f8e5', '6e731f34-2ac6-4d08-86a7-50c65c5b1433', '2025-12-25', 'Hari Raya Natal', true),
('0f9f0556-31b8-49c0-ae7f-2ce748a162c1', '4925f0cf-bc16-4508-a5cf-209e958990cc', '2026-01-01', 'Tahun Baru Masehi', true),
('7cca6c8e-4ce7-4c80-8dba-65a5ef29a481', '4925f0cf-bc16-4508-a5cf-209e958990cc', '2026-02-17', 'Tahun Baru Imlek', true),
('9696f196-f88e-4afe-a63d-acc1e5e6c8b7', '4925f0cf-bc16-4508-a5cf-209e958990cc', '2026-03-19', 'Hari Raya Nyepi', true),
('4e63d02f-c236-4c25-bdf2-51eb582de35d', '4925f0cf-bc16-4508-a5cf-209e958990cc', '2026-03-20', 'Idul Fitri', true),
('c51e1d94-d11e-4b4d-a21f-7fe288801df5', '4925f0cf-bc16-4508-a5cf-209e958990cc', '2026-03-21', 'Idul Fitri', true),
('d8e9200f-c14c-4824-93db-80de18aaf996', '4925f0cf-bc16-4508-a5cf-209e958990cc', '2026-05-01', 'Hari Buruh', true),
('069f8062-3b14-4e8d-8324-10866dcaeb1f', '4925f0cf-bc16-4508-a5cf-209e958990cc', '2026-05-26', 'Idul Adha', true),
('55e9ca77-56f5-4e45-b411-f33a7f75d3ef', '4925f0cf-bc16-4508-a5cf-209e958990cc', '2026-06-01', 'Hari Lahir Pancasila', true),
('1852f2fd-ede6-4ede-b03e-f1b7173536f0', '4925f0cf-bc16-4508-a5cf-209e958990cc', '2026-08-17', 'Hari Kemerdekaan RI', true),
('1a4a4808-b6a2-483c-be6f-a0e6792937f2', '4925f0cf-bc16-4508-a5cf-209e958990cc', '2026-12-25', 'Hari Raya Natal', true),
('2d4849f2-f094-496d-9d46-4d855c3e713f', 'a763894b-cc97-46c8-9a5a-6f6f9b2512f2', '2024-01-01', 'Tahun Baru Masehi', true),
('1a15590a-b5bc-4cba-a4b7-f47704e9b879', 'a763894b-cc97-46c8-9a5a-6f6f9b2512f2', '2024-02-10', 'Tahun Baru Imlek', true),
('875d33de-db60-473b-9053-9b255217a06f', 'a763894b-cc97-46c8-9a5a-6f6f9b2512f2', '2024-03-11', 'Isra Miraj', true),
('02af98ed-bb08-4cf4-bd4d-1667332e3b7d', 'a763894b-cc97-46c8-9a5a-6f6f9b2512f2', '2024-03-29', 'Wafat Isa Almasih', true),
('3ecd332d-1ab7-44f4-a4e9-61fc636f40b0', 'a763894b-cc97-46c8-9a5a-6f6f9b2512f2', '2024-04-10', 'Idul Fitri', true),
('049009fe-873b-40c6-a838-69b3246437cb', 'a763894b-cc97-46c8-9a5a-6f6f9b2512f2', '2024-04-11', 'Idul Fitri', true),
('4ca90d84-2870-4324-aa42-8adf3b826672', 'a763894b-cc97-46c8-9a5a-6f6f9b2512f2', '2024-05-01', 'Hari Buruh', true),
('a6e04553-ea0c-49c3-9a1e-08eabc3c4e4a', 'a763894b-cc97-46c8-9a5a-6f6f9b2512f2', '2024-05-09', 'Kenaikan Isa Almasih', true),
('e209e951-d905-462c-9647-221269b9ab67', 'a763894b-cc97-46c8-9a5a-6f6f9b2512f2', '2024-05-23', 'Hari Raya Waisak', true),
('0dc94cbd-4b89-4dee-907d-4d829db0139d', 'a763894b-cc97-46c8-9a5a-6f6f9b2512f2', '2024-06-01', 'Hari Lahir Pancasila', true),
('6dd59232-0c0b-4f79-9b17-0c802feca8cd', 'a763894b-cc97-46c8-9a5a-6f6f9b2512f2', '2024-06-17', 'Idul Adha', true),
('a014446b-57ce-465d-b160-c8d1783c8243', 'a763894b-cc97-46c8-9a5a-6f6f9b2512f2', '2024-07-07', 'Tahun Baru Islam', true),
('f77302cf-c962-4f90-83c2-74a60ad965eb', 'a763894b-cc97-46c8-9a5a-6f6f9b2512f2', '2024-08-17', 'Hari Kemerdekaan RI', true),
('49afa0a4-c397-46a6-956b-def22e165873', 'a763894b-cc97-46c8-9a5a-6f6f9b2512f2', '2024-09-16', 'Maulid Nabi', true),
('4d82df2e-6543-4d99-87a1-353f0016125e', 'a763894b-cc97-46c8-9a5a-6f6f9b2512f2', '2024-12-25', 'Hari Raya Natal', true),
('91d52e3e-335d-4573-9b60-55af1d2c6fd3', '7d7ae0bd-a617-4535-ad86-636f08a7858e', '2025-01-01', 'Tahun Baru Masehi', true),
('4e8186e4-9e72-4f38-8489-0b2dfba70cb6', '7d7ae0bd-a617-4535-ad86-636f08a7858e', '2025-01-29', 'Tahun Baru Imlek', true),
('b18be984-fc77-47bb-a816-2c81d9847d67', '7d7ae0bd-a617-4535-ad86-636f08a7858e', '2025-03-29', 'Hari Raya Nyepi', true),
('6a290374-4dcb-46ce-9ff1-7d03f22418e3', '7d7ae0bd-a617-4535-ad86-636f08a7858e', '2025-03-31', 'Idul Fitri', true),
('3aa893a6-639c-4481-a3df-5a97e71f1a80', '7d7ae0bd-a617-4535-ad86-636f08a7858e', '2025-04-01', 'Idul Fitri', true),
('20613d60-9423-4cd4-924b-e32ef3419fdf', '7d7ae0bd-a617-4535-ad86-636f08a7858e', '2025-04-18', 'Wafat Isa Almasih', true),
('bb3a0804-302e-4df6-a1b2-c5bec4bc2e60', '7d7ae0bd-a617-4535-ad86-636f08a7858e', '2025-05-01', 'Hari Buruh', true),
('1f4ef2df-2719-45d1-b7a7-29a7ba4a9689', '7d7ae0bd-a617-4535-ad86-636f08a7858e', '2025-05-12', 'Hari Raya Waisak', true),
('9dce3dab-608f-46fc-ac02-5ae12b281394', '7d7ae0bd-a617-4535-ad86-636f08a7858e', '2025-05-29', 'Kenaikan Isa Almasih', true),
('06e3c04f-7f3e-48ed-a424-280cd198c6b9', '7d7ae0bd-a617-4535-ad86-636f08a7858e', '2025-06-01', 'Hari Lahir Pancasila', true),
('ec99e21d-de2e-497f-a675-aef01702a89c', '7d7ae0bd-a617-4535-ad86-636f08a7858e', '2025-06-06', 'Idul Adha', true),
('a821ae7d-ec16-49bc-8309-e26d700cf344', '7d7ae0bd-a617-4535-ad86-636f08a7858e', '2025-06-27', 'Tahun Baru Islam', true),
('114e3a1a-c95c-49a0-b202-9ae310ec5a62', '7d7ae0bd-a617-4535-ad86-636f08a7858e', '2025-08-17', 'Hari Kemerdekaan RI', true),
('505601f8-e93d-4768-8740-c5ebefd6b1f5', '7d7ae0bd-a617-4535-ad86-636f08a7858e', '2025-09-05', 'Maulid Nabi', true),
('054e3f33-69f3-4e48-aaf5-e8e44a5854b7', '7d7ae0bd-a617-4535-ad86-636f08a7858e', '2025-12-25', 'Hari Raya Natal', true),
('742c688b-da74-45ac-8f2d-ae86a5fa2339', '2bb357fc-d464-43c9-b5a8-d096deccad01', '2026-01-01', 'Tahun Baru Masehi', true),
('ed7a588d-eeca-44f9-b757-43c77427bb5a', '2bb357fc-d464-43c9-b5a8-d096deccad01', '2026-02-17', 'Tahun Baru Imlek', true),
('734f3fa6-35f0-4ce2-b78a-985fc26c1cdd', '2bb357fc-d464-43c9-b5a8-d096deccad01', '2026-03-19', 'Hari Raya Nyepi', true),
('14de02ec-2ed4-4870-a7bf-6aa89185a581', '2bb357fc-d464-43c9-b5a8-d096deccad01', '2026-03-20', 'Idul Fitri', true),
('c48e7b87-2f21-48ef-90de-24158dc081d7', '2bb357fc-d464-43c9-b5a8-d096deccad01', '2026-03-21', 'Idul Fitri', true),
('4fb9fea9-a459-466e-a43b-893911ef37bd', '2bb357fc-d464-43c9-b5a8-d096deccad01', '2026-05-01', 'Hari Buruh', true),
('904db84d-a4ad-405f-bf9d-93131e8a8290', '2bb357fc-d464-43c9-b5a8-d096deccad01', '2026-05-26', 'Idul Adha', true),
('4f24827d-70e0-4a92-a395-9d7cd4e263a8', '2bb357fc-d464-43c9-b5a8-d096deccad01', '2026-06-01', 'Hari Lahir Pancasila', true),
('8e5097ef-a23f-411e-a0f0-b31f696c2115', '2bb357fc-d464-43c9-b5a8-d096deccad01', '2026-08-17', 'Hari Kemerdekaan RI', true),
('b7e0e77c-f7f3-45e6-a2f3-d9a58494d748', '2bb357fc-d464-43c9-b5a8-d096deccad01', '2026-12-25', 'Hari Raya Natal', true),
('373a3e56-c005-42f9-8422-ca1d4aaa7036', '80f3d364-6ef1-4df0-9b0e-27a4b21b0bc4', '2024-01-01', 'Tahun Baru Masehi', true),
('b52af610-bc51-40d2-83b9-5bb07861e756', '80f3d364-6ef1-4df0-9b0e-27a4b21b0bc4', '2024-02-10', 'Tahun Baru Imlek', true),
('4727ba26-906d-45b7-870e-b56ee057b389', '80f3d364-6ef1-4df0-9b0e-27a4b21b0bc4', '2024-03-11', 'Isra Miraj', true),
('a14643fd-188d-46ba-bb7c-1099bbcc30fc', '80f3d364-6ef1-4df0-9b0e-27a4b21b0bc4', '2024-03-29', 'Wafat Isa Almasih', true),
('91eae69f-566e-4fa7-bd89-adab81d680a0', '80f3d364-6ef1-4df0-9b0e-27a4b21b0bc4', '2024-04-10', 'Idul Fitri', true),
('7422e36a-f046-4172-96ba-577f96f1d762', '80f3d364-6ef1-4df0-9b0e-27a4b21b0bc4', '2024-04-11', 'Idul Fitri', true),
('d0f5b1de-5d8b-45b6-afa5-78602b8f9437', '80f3d364-6ef1-4df0-9b0e-27a4b21b0bc4', '2024-05-01', 'Hari Buruh', true),
('1560cf63-c583-4363-a0a0-13cab33110db', '80f3d364-6ef1-4df0-9b0e-27a4b21b0bc4', '2024-05-09', 'Kenaikan Isa Almasih', true),
('3b5c7247-5435-4503-a9b6-5d156a4a7079', '80f3d364-6ef1-4df0-9b0e-27a4b21b0bc4', '2024-05-23', 'Hari Raya Waisak', true),
('9d86feb8-9317-4494-a504-662e41ef5517', '80f3d364-6ef1-4df0-9b0e-27a4b21b0bc4', '2024-06-01', 'Hari Lahir Pancasila', true),
('0594a0bb-80d0-44f2-b816-252317026f20', '80f3d364-6ef1-4df0-9b0e-27a4b21b0bc4', '2024-06-17', 'Idul Adha', true),
('d0a2bbbf-1f83-44e2-9ed4-d61e4c1fb13b', '80f3d364-6ef1-4df0-9b0e-27a4b21b0bc4', '2024-07-07', 'Tahun Baru Islam', true),
('d6515888-e131-456c-a14a-24d705648048', '80f3d364-6ef1-4df0-9b0e-27a4b21b0bc4', '2024-08-17', 'Hari Kemerdekaan RI', true),
('977b732d-3cc2-4224-91d3-c09179f92c4a', '80f3d364-6ef1-4df0-9b0e-27a4b21b0bc4', '2024-09-16', 'Maulid Nabi', true),
('db1151e8-e0cf-4a82-ba37-4ded0efc7ba6', '80f3d364-6ef1-4df0-9b0e-27a4b21b0bc4', '2024-12-25', 'Hari Raya Natal', true),
('af15c88e-cad0-42b5-9115-1f8d96789c77', 'cc2e2569-cacb-488c-bbc3-fd1dcc15ba4f', '2025-01-01', 'Tahun Baru Masehi', true),
('01c9a138-bfac-440e-8362-2ad9379cf212', 'cc2e2569-cacb-488c-bbc3-fd1dcc15ba4f', '2025-01-29', 'Tahun Baru Imlek', true),
('1557cb87-1c34-4b9f-8ebf-bcb8b520c136', 'cc2e2569-cacb-488c-bbc3-fd1dcc15ba4f', '2025-03-29', 'Hari Raya Nyepi', true),
('2fe42968-de3f-48ed-9dc6-2700e3404a9b', 'cc2e2569-cacb-488c-bbc3-fd1dcc15ba4f', '2025-03-31', 'Idul Fitri', true),
('39b513a0-1d66-4854-8b12-0d2c3570b074', 'cc2e2569-cacb-488c-bbc3-fd1dcc15ba4f', '2025-04-01', 'Idul Fitri', true),
('2688ea8c-273c-4fbc-9dfd-3640c976ef76', 'cc2e2569-cacb-488c-bbc3-fd1dcc15ba4f', '2025-04-18', 'Wafat Isa Almasih', true),
('c33e0e67-08c1-4b2b-b48b-68ed41dcd99e', 'cc2e2569-cacb-488c-bbc3-fd1dcc15ba4f', '2025-05-01', 'Hari Buruh', true),
('679e6361-a12d-45ef-8623-487ececab31c', 'cc2e2569-cacb-488c-bbc3-fd1dcc15ba4f', '2025-05-12', 'Hari Raya Waisak', true),
('bf1140bb-fa45-461a-8e32-fb59ff21ba41', 'cc2e2569-cacb-488c-bbc3-fd1dcc15ba4f', '2025-05-29', 'Kenaikan Isa Almasih', true),
('83294719-1f6f-49af-b969-71724dfefd7d', 'cc2e2569-cacb-488c-bbc3-fd1dcc15ba4f', '2025-06-01', 'Hari Lahir Pancasila', true),
('3ede01cc-e255-4fc8-9123-91721433bd2d', 'cc2e2569-cacb-488c-bbc3-fd1dcc15ba4f', '2025-06-06', 'Idul Adha', true),
('934f15b0-e1e7-4d21-81b3-dcc2c46b4534', 'cc2e2569-cacb-488c-bbc3-fd1dcc15ba4f', '2025-06-27', 'Tahun Baru Islam', true),
('a2eef2b5-0b46-4588-a654-6fe4d5bba3c0', 'cc2e2569-cacb-488c-bbc3-fd1dcc15ba4f', '2025-08-17', 'Hari Kemerdekaan RI', true),
('b949c95e-dddd-4035-b792-9b2e705c5fc3', 'cc2e2569-cacb-488c-bbc3-fd1dcc15ba4f', '2025-09-05', 'Maulid Nabi', true),
('8be29ec2-20b1-448d-8a77-b9afc14c8958', 'cc2e2569-cacb-488c-bbc3-fd1dcc15ba4f', '2025-12-25', 'Hari Raya Natal', true),
('70bdc7d1-f334-484d-90a7-1169c0ee6b70', '53ef65f4-1248-4ebb-a6d9-a4180d96414a', '2026-01-01', 'Tahun Baru Masehi', true),
('0dba81ba-73d0-4e95-b490-9158cf6cae1a', '53ef65f4-1248-4ebb-a6d9-a4180d96414a', '2026-02-17', 'Tahun Baru Imlek', true),
('c8c5cc69-e2bf-4333-b3ad-78a38cdfe01e', '53ef65f4-1248-4ebb-a6d9-a4180d96414a', '2026-03-19', 'Hari Raya Nyepi', true),
('5d7bd57c-ef5f-466d-91af-718b2ca0d1f9', '53ef65f4-1248-4ebb-a6d9-a4180d96414a', '2026-03-20', 'Idul Fitri', true),
('b0b39b2e-2f43-40f7-a40d-2c69a7091945', '53ef65f4-1248-4ebb-a6d9-a4180d96414a', '2026-03-21', 'Idul Fitri', true),
('a5758b9a-dde4-4550-aea5-36d10c2e0ddb', '53ef65f4-1248-4ebb-a6d9-a4180d96414a', '2026-05-01', 'Hari Buruh', true),
('ddc6cf32-368a-4a5c-b1cb-a45d1c3cdc29', '53ef65f4-1248-4ebb-a6d9-a4180d96414a', '2026-05-26', 'Idul Adha', true),
('cccbac4e-111a-47af-8655-a5f6f50cf0d8', '53ef65f4-1248-4ebb-a6d9-a4180d96414a', '2026-06-01', 'Hari Lahir Pancasila', true),
('33b0afa6-ef7a-4096-a628-7f4706414bd1', '53ef65f4-1248-4ebb-a6d9-a4180d96414a', '2026-08-17', 'Hari Kemerdekaan RI', true),
('65d72f11-7425-4e7f-83ae-e4ade4759c0e', '53ef65f4-1248-4ebb-a6d9-a4180d96414a', '2026-12-25', 'Hari Raya Natal', true),
('f135d04e-a3ab-40db-bb22-84d2b9c38146', 'ee60c097-c029-460e-a70d-2b056233b8e6', '2024-01-01', 'Tahun Baru Masehi', true),
('6617a44a-e2f5-4443-b7fa-1059ef4ea222', 'ee60c097-c029-460e-a70d-2b056233b8e6', '2024-02-10', 'Tahun Baru Imlek', true),
('5f03661e-e698-4c2d-9594-dead839d32f8', 'ee60c097-c029-460e-a70d-2b056233b8e6', '2024-03-11', 'Isra Miraj', true),
('f5a2618d-24f0-4579-96ed-3837c5b00f36', 'ee60c097-c029-460e-a70d-2b056233b8e6', '2024-03-29', 'Wafat Isa Almasih', true),
('7f2d792a-e917-4b66-83fc-98cfb90ea875', 'ee60c097-c029-460e-a70d-2b056233b8e6', '2024-04-10', 'Idul Fitri', true),
('facf3e71-d7f7-43e8-b74d-ce1def2dacff', 'ee60c097-c029-460e-a70d-2b056233b8e6', '2024-04-11', 'Idul Fitri', true),
('047f338e-1e7a-490a-9f9b-bbd5fcbc504f', 'ee60c097-c029-460e-a70d-2b056233b8e6', '2024-05-01', 'Hari Buruh', true),
('661be4c3-327d-4ed5-899d-52f877fe943d', 'ee60c097-c029-460e-a70d-2b056233b8e6', '2024-05-09', 'Kenaikan Isa Almasih', true),
('0b834d01-2c62-443b-a29f-ae9956756dff', 'ee60c097-c029-460e-a70d-2b056233b8e6', '2024-05-23', 'Hari Raya Waisak', true),
('6cc94154-6b75-4f38-925b-551f8b95d767', 'ee60c097-c029-460e-a70d-2b056233b8e6', '2024-06-01', 'Hari Lahir Pancasila', true),
('2596d71d-5150-456f-8367-1874b5998a7b', 'ee60c097-c029-460e-a70d-2b056233b8e6', '2024-06-17', 'Idul Adha', true),
('f52c8d0b-fe3a-443e-8b22-6839c2d160c1', 'ee60c097-c029-460e-a70d-2b056233b8e6', '2024-07-07', 'Tahun Baru Islam', true),
('a418a2f8-ce41-48a8-9763-b667fc556a20', 'ee60c097-c029-460e-a70d-2b056233b8e6', '2024-08-17', 'Hari Kemerdekaan RI', true),
('6b16a927-ca0d-443a-94eb-0bf27336e71a', 'ee60c097-c029-460e-a70d-2b056233b8e6', '2024-09-16', 'Maulid Nabi', true),
('13c08b13-a4cb-463d-a161-96c079811520', 'ee60c097-c029-460e-a70d-2b056233b8e6', '2024-12-25', 'Hari Raya Natal', true),
('5beab8cf-f396-4ca0-a589-b61aa7337d94', '65f4fc3f-b4d9-405e-973d-a8bad7bd5fb0', '2025-01-01', 'Tahun Baru Masehi', true),
('92832ef9-6e99-42db-a4d4-3f2087cfe584', '65f4fc3f-b4d9-405e-973d-a8bad7bd5fb0', '2025-01-29', 'Tahun Baru Imlek', true),
('96d5f62c-6646-45cc-8191-5f1b0685b93e', '65f4fc3f-b4d9-405e-973d-a8bad7bd5fb0', '2025-03-29', 'Hari Raya Nyepi', true),
('cf363562-2de5-4976-bfa9-95f2b8375f63', '65f4fc3f-b4d9-405e-973d-a8bad7bd5fb0', '2025-03-31', 'Idul Fitri', true),
('3c026be3-7693-43a3-a3d6-79bcf379908e', '65f4fc3f-b4d9-405e-973d-a8bad7bd5fb0', '2025-04-01', 'Idul Fitri', true),
('4cc2807e-b6e4-4277-8ffb-f736afa520a4', '65f4fc3f-b4d9-405e-973d-a8bad7bd5fb0', '2025-04-18', 'Wafat Isa Almasih', true),
('d37d18e3-811e-4b45-b3fe-691e6f50a3e0', '65f4fc3f-b4d9-405e-973d-a8bad7bd5fb0', '2025-05-01', 'Hari Buruh', true),
('ba9defce-accf-454e-96df-4ef1e660e1c8', '65f4fc3f-b4d9-405e-973d-a8bad7bd5fb0', '2025-05-12', 'Hari Raya Waisak', true),
('ea4d0db1-e232-4e41-9ea8-bdb7a1e04874', '65f4fc3f-b4d9-405e-973d-a8bad7bd5fb0', '2025-05-29', 'Kenaikan Isa Almasih', true),
('b71a2419-b1ee-48a7-bba2-b9f7b2b9fd30', '65f4fc3f-b4d9-405e-973d-a8bad7bd5fb0', '2025-06-01', 'Hari Lahir Pancasila', true),
('24f429b4-0672-406c-9afe-28b2ac1225f3', '65f4fc3f-b4d9-405e-973d-a8bad7bd5fb0', '2025-06-06', 'Idul Adha', true),
('bf6a3a06-8deb-4988-820f-2e96ba85dae3', '65f4fc3f-b4d9-405e-973d-a8bad7bd5fb0', '2025-06-27', 'Tahun Baru Islam', true),
('ce382e42-b5b8-4c97-8c8c-605900ca558e', '65f4fc3f-b4d9-405e-973d-a8bad7bd5fb0', '2025-08-17', 'Hari Kemerdekaan RI', true),
('a95e04f3-e402-4825-92c4-59a543a2d661', '65f4fc3f-b4d9-405e-973d-a8bad7bd5fb0', '2025-09-05', 'Maulid Nabi', true),
('f55d63dc-a315-4aa9-9835-fc384689a5c4', '65f4fc3f-b4d9-405e-973d-a8bad7bd5fb0', '2025-12-25', 'Hari Raya Natal', true),
('4bdae286-e8e8-4cfb-98fe-3de6c61a9bda', 'f14b7392-4788-41a0-9f2d-254e27cb2de3', '2026-01-01', 'Tahun Baru Masehi', true),
('b0246f6c-0f10-4152-bda9-06a62a8f1fb3', 'f14b7392-4788-41a0-9f2d-254e27cb2de3', '2026-02-17', 'Tahun Baru Imlek', true),
('ac5e7fb7-f958-4de5-9a56-36f6fad1a407', 'f14b7392-4788-41a0-9f2d-254e27cb2de3', '2026-03-19', 'Hari Raya Nyepi', true),
('76fb96b9-8ce4-4d75-8bc5-477a9bfa4be1', 'f14b7392-4788-41a0-9f2d-254e27cb2de3', '2026-03-20', 'Idul Fitri', true),
('dd3dedd2-e7df-4931-b0ea-afc3160f72fc', 'f14b7392-4788-41a0-9f2d-254e27cb2de3', '2026-03-21', 'Idul Fitri', true),
('aa113dc6-7d83-4a99-8463-d025a5861a61', 'f14b7392-4788-41a0-9f2d-254e27cb2de3', '2026-05-01', 'Hari Buruh', true),
('fc458eee-22f0-4d07-8a00-558894320d94', 'f14b7392-4788-41a0-9f2d-254e27cb2de3', '2026-05-26', 'Idul Adha', true),
('fed6e466-ee58-4dd4-8145-190679b55fbc', 'f14b7392-4788-41a0-9f2d-254e27cb2de3', '2026-06-01', 'Hari Lahir Pancasila', true),
('d2b66833-0e45-4237-a8f9-04f42c6fa9c2', 'f14b7392-4788-41a0-9f2d-254e27cb2de3', '2026-08-17', 'Hari Kemerdekaan RI', true),
('d560a17f-2426-413c-9e2f-b91979f1af13', 'f14b7392-4788-41a0-9f2d-254e27cb2de3', '2026-12-25', 'Hari Raya Natal', true),
('eaa20a0b-131a-4fb7-9521-a39d3e7ac6ce', 'b25fefb9-d499-491a-a089-983f065508aa', '2024-01-01', 'Tahun Baru Masehi', true),
('ab3a41c5-a4e3-456f-aa1a-e8a0f11c3b34', 'b25fefb9-d499-491a-a089-983f065508aa', '2024-02-10', 'Tahun Baru Imlek', true),
('84db6cfa-d6b0-4f58-befd-6c38e16cff2e', 'b25fefb9-d499-491a-a089-983f065508aa', '2024-03-11', 'Isra Miraj', true),
('235ef35f-4c2f-4167-9cba-3a5ad7f12232', 'b25fefb9-d499-491a-a089-983f065508aa', '2024-03-29', 'Wafat Isa Almasih', true),
('6d09dc6b-5e68-4c8e-b94d-a6ee5229e8da', 'b25fefb9-d499-491a-a089-983f065508aa', '2024-04-10', 'Idul Fitri', true),
('47aa96a6-8c32-4dcd-9b4f-171f598286a3', 'b25fefb9-d499-491a-a089-983f065508aa', '2024-04-11', 'Idul Fitri', true),
('f837c047-e358-465d-93a1-966bdbd68858', 'b25fefb9-d499-491a-a089-983f065508aa', '2024-05-01', 'Hari Buruh', true),
('1c08ba45-ae16-455a-8215-15225053aea4', 'b25fefb9-d499-491a-a089-983f065508aa', '2024-05-09', 'Kenaikan Isa Almasih', true),
('c9e05321-42d9-446c-9031-51c2fefca85f', 'b25fefb9-d499-491a-a089-983f065508aa', '2024-05-23', 'Hari Raya Waisak', true),
('e557c007-f583-486b-b894-97e627079ab1', 'b25fefb9-d499-491a-a089-983f065508aa', '2024-06-01', 'Hari Lahir Pancasila', true),
('d5a4eb9e-f0b2-40f2-b321-3ec5d29c76fe', 'b25fefb9-d499-491a-a089-983f065508aa', '2024-06-17', 'Idul Adha', true),
('e3664ed8-2b20-4838-928d-c662391cebe7', 'b25fefb9-d499-491a-a089-983f065508aa', '2024-07-07', 'Tahun Baru Islam', true),
('4d7f7241-697d-4aad-83c9-ae1721bd7647', 'b25fefb9-d499-491a-a089-983f065508aa', '2024-08-17', 'Hari Kemerdekaan RI', true),
('d50cc36e-5b41-4971-8d19-8d6b189158cb', 'b25fefb9-d499-491a-a089-983f065508aa', '2024-09-16', 'Maulid Nabi', true),
('2737ac09-eb70-4ebe-a068-ba5e269a21e8', 'b25fefb9-d499-491a-a089-983f065508aa', '2024-12-25', 'Hari Raya Natal', true),
('0c8ca0c1-1518-489b-9252-151c1a3764da', '48489440-b224-46d8-bdd6-f31b29a9f3a7', '2025-01-01', 'Tahun Baru Masehi', true),
('c9fd2504-40d5-4b11-912a-ac7a3054381b', '48489440-b224-46d8-bdd6-f31b29a9f3a7', '2025-01-29', 'Tahun Baru Imlek', true),
('8986c7eb-96d2-4873-8505-eb9a472b304c', '48489440-b224-46d8-bdd6-f31b29a9f3a7', '2025-03-29', 'Hari Raya Nyepi', true),
('64770d60-e21e-4cd8-9932-2b49138017a5', '48489440-b224-46d8-bdd6-f31b29a9f3a7', '2025-03-31', 'Idul Fitri', true),
('17d90b18-991b-43a4-b7ea-a1127e038e89', '48489440-b224-46d8-bdd6-f31b29a9f3a7', '2025-04-01', 'Idul Fitri', true);

insert into holidays (id, work_calendar_id, holiday_date, name, is_national) values
('6e9462c3-8d92-422b-80b1-73edc427316b', '48489440-b224-46d8-bdd6-f31b29a9f3a7', '2025-04-18', 'Wafat Isa Almasih', true),
('117e49d0-4a45-43a5-ab4d-762d73f3735b', '48489440-b224-46d8-bdd6-f31b29a9f3a7', '2025-05-01', 'Hari Buruh', true),
('5a18fd18-b94a-43e9-bcce-c439960e99b3', '48489440-b224-46d8-bdd6-f31b29a9f3a7', '2025-05-12', 'Hari Raya Waisak', true),
('bdb84b59-26e7-4c82-b8f8-b05ac672eb26', '48489440-b224-46d8-bdd6-f31b29a9f3a7', '2025-05-29', 'Kenaikan Isa Almasih', true),
('c980824e-f2fb-4d15-bb1c-87d0ab6d6127', '48489440-b224-46d8-bdd6-f31b29a9f3a7', '2025-06-01', 'Hari Lahir Pancasila', true),
('84a73fa8-3f2e-4da2-a1d9-51a40bf7aa39', '48489440-b224-46d8-bdd6-f31b29a9f3a7', '2025-06-06', 'Idul Adha', true),
('dec0c4fe-1850-44cc-a35c-283fa7814e96', '48489440-b224-46d8-bdd6-f31b29a9f3a7', '2025-06-27', 'Tahun Baru Islam', true),
('3c0c441c-f083-4ef5-bab0-6f2c93b34928', '48489440-b224-46d8-bdd6-f31b29a9f3a7', '2025-08-17', 'Hari Kemerdekaan RI', true),
('f67269cb-09ff-4d63-8c47-6598a8f50163', '48489440-b224-46d8-bdd6-f31b29a9f3a7', '2025-09-05', 'Maulid Nabi', true),
('06abe1bf-92ed-4bb9-a959-63560057a1b9', '48489440-b224-46d8-bdd6-f31b29a9f3a7', '2025-12-25', 'Hari Raya Natal', true),
('c2628613-105b-40ae-9f61-37393a8538a3', 'b868a141-a591-4f20-b88d-6182ebd82b5c', '2026-01-01', 'Tahun Baru Masehi', true),
('87f1acd1-7c2d-4ca4-b37a-ce769cb5519f', 'b868a141-a591-4f20-b88d-6182ebd82b5c', '2026-02-17', 'Tahun Baru Imlek', true),
('8f533ca5-8e6e-4019-98b3-646d5e5eeaa4', 'b868a141-a591-4f20-b88d-6182ebd82b5c', '2026-03-19', 'Hari Raya Nyepi', true),
('3b4b582c-3b1a-4e1c-aa73-a95dc280e5f7', 'b868a141-a591-4f20-b88d-6182ebd82b5c', '2026-03-20', 'Idul Fitri', true),
('c91007b5-3bf3-4db7-b9c5-100aa68183f5', 'b868a141-a591-4f20-b88d-6182ebd82b5c', '2026-03-21', 'Idul Fitri', true),
('a03cd461-4bfc-4b21-91c7-0a7c83771c9b', 'b868a141-a591-4f20-b88d-6182ebd82b5c', '2026-05-01', 'Hari Buruh', true),
('2d8c0572-f4c9-405b-9ccf-75104f26d4e0', 'b868a141-a591-4f20-b88d-6182ebd82b5c', '2026-05-26', 'Idul Adha', true),
('8fe9ef01-be80-4096-90c4-5e13a7cd1d8b', 'b868a141-a591-4f20-b88d-6182ebd82b5c', '2026-06-01', 'Hari Lahir Pancasila', true),
('078e90f0-fb2b-417a-8c75-db9d418a59d8', 'b868a141-a591-4f20-b88d-6182ebd82b5c', '2026-08-17', 'Hari Kemerdekaan RI', true),
('c6f99a8f-f152-4958-b0a2-7c235feabfaa', 'b868a141-a591-4f20-b88d-6182ebd82b5c', '2026-12-25', 'Hari Raya Natal', true),
('08583ffe-09fa-4660-a945-e1d1523182af', 'b1ba681f-f7f3-47eb-ad93-65b19ca4619f', '2024-01-01', 'Tahun Baru Masehi', true),
('97726d45-6524-4429-8df4-17b9b58dcf26', 'b1ba681f-f7f3-47eb-ad93-65b19ca4619f', '2024-02-10', 'Tahun Baru Imlek', true),
('fdac48aa-cc1c-422a-bf54-db8ae1ca8d8b', 'b1ba681f-f7f3-47eb-ad93-65b19ca4619f', '2024-03-11', 'Isra Miraj', true),
('f226b184-d541-48d4-8dd2-28c2aa55d2a4', 'b1ba681f-f7f3-47eb-ad93-65b19ca4619f', '2024-03-29', 'Wafat Isa Almasih', true),
('6e88297e-dd02-4d51-a6fc-55efe6072de9', 'b1ba681f-f7f3-47eb-ad93-65b19ca4619f', '2024-04-10', 'Idul Fitri', true),
('ed48ce6f-d3a9-43e6-bf88-d0e5d90d3a52', 'b1ba681f-f7f3-47eb-ad93-65b19ca4619f', '2024-04-11', 'Idul Fitri', true),
('ab905a77-6218-4043-9245-0a94949b3390', 'b1ba681f-f7f3-47eb-ad93-65b19ca4619f', '2024-05-01', 'Hari Buruh', true),
('005b4bf9-a354-44e1-8c8e-3e4b5a65c8ed', 'b1ba681f-f7f3-47eb-ad93-65b19ca4619f', '2024-05-09', 'Kenaikan Isa Almasih', true),
('2f0c52c7-69df-46f0-b475-70adb1ac3194', 'b1ba681f-f7f3-47eb-ad93-65b19ca4619f', '2024-05-23', 'Hari Raya Waisak', true),
('72616031-4ba5-4b3b-ae71-881949851879', 'b1ba681f-f7f3-47eb-ad93-65b19ca4619f', '2024-06-01', 'Hari Lahir Pancasila', true),
('be52efc3-ea30-4250-a74b-2b9c5b2894d1', 'b1ba681f-f7f3-47eb-ad93-65b19ca4619f', '2024-06-17', 'Idul Adha', true),
('7a1d4885-ca35-4cbd-9881-6f5267eb2f4e', 'b1ba681f-f7f3-47eb-ad93-65b19ca4619f', '2024-07-07', 'Tahun Baru Islam', true),
('6862fe5b-ef67-4b2e-8b7f-b6203326e459', 'b1ba681f-f7f3-47eb-ad93-65b19ca4619f', '2024-08-17', 'Hari Kemerdekaan RI', true),
('06bce17f-5894-4951-b46d-633f52a3c92f', 'b1ba681f-f7f3-47eb-ad93-65b19ca4619f', '2024-09-16', 'Maulid Nabi', true),
('e32e4030-9694-40fe-8bfa-c63f16da514a', 'b1ba681f-f7f3-47eb-ad93-65b19ca4619f', '2024-12-25', 'Hari Raya Natal', true),
('a4e10152-0028-4501-b44e-df2d29aa634c', '67ce1e85-c44a-4eb2-8b9b-4727124778af', '2025-01-01', 'Tahun Baru Masehi', true),
('a161afb8-165b-43a6-88da-114d6f8094b3', '67ce1e85-c44a-4eb2-8b9b-4727124778af', '2025-01-29', 'Tahun Baru Imlek', true),
('a3dce20a-4288-4e5a-90ed-9459c6c036c8', '67ce1e85-c44a-4eb2-8b9b-4727124778af', '2025-03-29', 'Hari Raya Nyepi', true),
('5f8222c0-54ba-49ec-a6a1-4644a7bd1e47', '67ce1e85-c44a-4eb2-8b9b-4727124778af', '2025-03-31', 'Idul Fitri', true),
('bc460b71-d06d-4f25-8554-89a4d11fe053', '67ce1e85-c44a-4eb2-8b9b-4727124778af', '2025-04-01', 'Idul Fitri', true),
('c8ba9b65-7f6a-4bd3-ad44-3dce48f87ac2', '67ce1e85-c44a-4eb2-8b9b-4727124778af', '2025-04-18', 'Wafat Isa Almasih', true),
('26c30872-f50f-4913-9a6c-11afaf58bef9', '67ce1e85-c44a-4eb2-8b9b-4727124778af', '2025-05-01', 'Hari Buruh', true),
('9a9b8653-c742-4619-82b0-1a0ec5003cbe', '67ce1e85-c44a-4eb2-8b9b-4727124778af', '2025-05-12', 'Hari Raya Waisak', true),
('d88f4c82-23c7-4671-81c0-44f851ffac36', '67ce1e85-c44a-4eb2-8b9b-4727124778af', '2025-05-29', 'Kenaikan Isa Almasih', true),
('c30f4f1d-183c-4e6a-b9c7-a480d678c846', '67ce1e85-c44a-4eb2-8b9b-4727124778af', '2025-06-01', 'Hari Lahir Pancasila', true),
('b7644e4b-e605-4bde-bb41-0697500329e5', '67ce1e85-c44a-4eb2-8b9b-4727124778af', '2025-06-06', 'Idul Adha', true),
('0e56052f-6f92-44b4-8e43-160f05995d1f', '67ce1e85-c44a-4eb2-8b9b-4727124778af', '2025-06-27', 'Tahun Baru Islam', true),
('817958c0-ea39-401b-bfb4-074b6392c5ca', '67ce1e85-c44a-4eb2-8b9b-4727124778af', '2025-08-17', 'Hari Kemerdekaan RI', true),
('3e0efc12-048a-4a8e-95fb-ad73ba020458', '67ce1e85-c44a-4eb2-8b9b-4727124778af', '2025-09-05', 'Maulid Nabi', true),
('78742bca-69bd-49ed-9d3b-72cdb3100457', '67ce1e85-c44a-4eb2-8b9b-4727124778af', '2025-12-25', 'Hari Raya Natal', true),
('0755f891-b2dc-4fdc-ba8b-56efce40235e', '0e6db4ee-954b-4005-a0d2-82631931f49b', '2026-01-01', 'Tahun Baru Masehi', true),
('915b2152-607a-4335-bbb3-20742aec9a73', '0e6db4ee-954b-4005-a0d2-82631931f49b', '2026-02-17', 'Tahun Baru Imlek', true),
('8e14a4a9-5efa-40d0-a1e5-242ef94e0588', '0e6db4ee-954b-4005-a0d2-82631931f49b', '2026-03-19', 'Hari Raya Nyepi', true),
('9f9bd67a-7607-44d5-8144-89891c673815', '0e6db4ee-954b-4005-a0d2-82631931f49b', '2026-03-20', 'Idul Fitri', true),
('37200675-86f2-49a4-a364-f631b48b2283', '0e6db4ee-954b-4005-a0d2-82631931f49b', '2026-03-21', 'Idul Fitri', true),
('3e9984e0-31c8-4f3e-ac50-3b276091274f', '0e6db4ee-954b-4005-a0d2-82631931f49b', '2026-05-01', 'Hari Buruh', true),
('ca509a9e-a666-4869-8c3c-8661bcb48bd1', '0e6db4ee-954b-4005-a0d2-82631931f49b', '2026-05-26', 'Idul Adha', true),
('5cfa942c-3efc-4156-b1f4-bbb41877d752', '0e6db4ee-954b-4005-a0d2-82631931f49b', '2026-06-01', 'Hari Lahir Pancasila', true),
('71cc057d-6ea2-4554-b5ef-0f7c088e1623', '0e6db4ee-954b-4005-a0d2-82631931f49b', '2026-08-17', 'Hari Kemerdekaan RI', true),
('81f8f0e1-ccdc-41bd-9485-6c2a30edf8df', '0e6db4ee-954b-4005-a0d2-82631931f49b', '2026-12-25', 'Hari Raya Natal', true),
('1053a76c-d8d1-49e1-aa7c-ebc95035b9c0', '17169168-0653-4879-9801-9f7e6413df3d', '2024-01-01', 'Tahun Baru Masehi', true),
('94fbf750-814c-40fd-a05f-a45238e9f549', '17169168-0653-4879-9801-9f7e6413df3d', '2024-02-10', 'Tahun Baru Imlek', true),
('550fa382-6d94-4b13-834d-907b6ec5168f', '17169168-0653-4879-9801-9f7e6413df3d', '2024-03-11', 'Isra Miraj', true),
('bcb87233-7c74-41d2-b260-6199558aa556', '17169168-0653-4879-9801-9f7e6413df3d', '2024-03-29', 'Wafat Isa Almasih', true),
('d0156a02-bb12-4dd1-a695-209e3a793d88', '17169168-0653-4879-9801-9f7e6413df3d', '2024-04-10', 'Idul Fitri', true),
('5c87b938-223a-4e27-a101-abf3c9966554', '17169168-0653-4879-9801-9f7e6413df3d', '2024-04-11', 'Idul Fitri', true),
('216238f4-79a1-4624-b248-0d2dc4acd31c', '17169168-0653-4879-9801-9f7e6413df3d', '2024-05-01', 'Hari Buruh', true),
('a5f27096-57ef-4c2f-b93f-16171324bbf2', '17169168-0653-4879-9801-9f7e6413df3d', '2024-05-09', 'Kenaikan Isa Almasih', true),
('443f89e4-5edb-4929-a358-964e288d808d', '17169168-0653-4879-9801-9f7e6413df3d', '2024-05-23', 'Hari Raya Waisak', true),
('05af3a5f-d270-4834-9bd8-296e58d93998', '17169168-0653-4879-9801-9f7e6413df3d', '2024-06-01', 'Hari Lahir Pancasila', true),
('891fa0a4-6fbd-4001-90fc-2aede133d9f3', '17169168-0653-4879-9801-9f7e6413df3d', '2024-06-17', 'Idul Adha', true),
('3f9d64a5-a140-4084-bfa6-a479ceab578d', '17169168-0653-4879-9801-9f7e6413df3d', '2024-07-07', 'Tahun Baru Islam', true),
('bae79e1a-ca66-4003-a8af-5609c98ea64e', '17169168-0653-4879-9801-9f7e6413df3d', '2024-08-17', 'Hari Kemerdekaan RI', true),
('781e6371-23f8-4a8e-b763-d916399a6ca9', '17169168-0653-4879-9801-9f7e6413df3d', '2024-09-16', 'Maulid Nabi', true),
('ef3f44b0-6e10-4acb-85f3-7cce8d0dd829', '17169168-0653-4879-9801-9f7e6413df3d', '2024-12-25', 'Hari Raya Natal', true),
('61cb7595-0c7b-4488-b73f-592c59e6a63b', 'a97e527e-d716-4d32-a1bc-da7836300f99', '2025-01-01', 'Tahun Baru Masehi', true),
('f41bd3e5-dfba-461d-b20a-6bc9561a243f', 'a97e527e-d716-4d32-a1bc-da7836300f99', '2025-01-29', 'Tahun Baru Imlek', true),
('6bc06c7d-1563-4895-9eae-041e775bcde7', 'a97e527e-d716-4d32-a1bc-da7836300f99', '2025-03-29', 'Hari Raya Nyepi', true),
('0a576c7d-7fc3-4659-8d32-5e8da60b3fb1', 'a97e527e-d716-4d32-a1bc-da7836300f99', '2025-03-31', 'Idul Fitri', true),
('4bb4da29-bd9a-46e0-ae21-0ec5febd9e6a', 'a97e527e-d716-4d32-a1bc-da7836300f99', '2025-04-01', 'Idul Fitri', true),
('d77da764-f125-41fa-bbcd-6f44af663a28', 'a97e527e-d716-4d32-a1bc-da7836300f99', '2025-04-18', 'Wafat Isa Almasih', true),
('06a968fe-7b26-42ae-9eb0-475346e60cca', 'a97e527e-d716-4d32-a1bc-da7836300f99', '2025-05-01', 'Hari Buruh', true),
('039f350e-f326-4bea-bfe9-ebcbed7cba37', 'a97e527e-d716-4d32-a1bc-da7836300f99', '2025-05-12', 'Hari Raya Waisak', true),
('cfbc922c-ea34-4a16-ae01-8d2e0b795d9f', 'a97e527e-d716-4d32-a1bc-da7836300f99', '2025-05-29', 'Kenaikan Isa Almasih', true),
('5da55e12-09b8-4f69-abfc-f01aa5adb359', 'a97e527e-d716-4d32-a1bc-da7836300f99', '2025-06-01', 'Hari Lahir Pancasila', true),
('87ba8fd9-c3b1-4e28-a10a-44ae00905fa2', 'a97e527e-d716-4d32-a1bc-da7836300f99', '2025-06-06', 'Idul Adha', true),
('c1e6b058-11ed-47fc-8ce7-4f27e9abbc49', 'a97e527e-d716-4d32-a1bc-da7836300f99', '2025-06-27', 'Tahun Baru Islam', true),
('e6282822-3a54-45b3-be2c-000a4c8b7868', 'a97e527e-d716-4d32-a1bc-da7836300f99', '2025-08-17', 'Hari Kemerdekaan RI', true),
('d10e353e-4706-4188-91ea-81b0a29066da', 'a97e527e-d716-4d32-a1bc-da7836300f99', '2025-09-05', 'Maulid Nabi', true),
('033a641a-68cc-4ac4-83c8-bdd8870d8fbc', 'a97e527e-d716-4d32-a1bc-da7836300f99', '2025-12-25', 'Hari Raya Natal', true),
('f8887e1a-0ccc-427d-a852-66fc018dd158', 'b94c5568-1b65-4d2c-bd4e-15c2c24d3866', '2026-01-01', 'Tahun Baru Masehi', true),
('85adfe08-6663-4d80-b44b-77931a2703ca', 'b94c5568-1b65-4d2c-bd4e-15c2c24d3866', '2026-02-17', 'Tahun Baru Imlek', true),
('d176f13c-027a-4cdb-a9a4-f21ea68d8a84', 'b94c5568-1b65-4d2c-bd4e-15c2c24d3866', '2026-03-19', 'Hari Raya Nyepi', true),
('2234bf5f-f13c-473c-a306-0f418d86d1e5', 'b94c5568-1b65-4d2c-bd4e-15c2c24d3866', '2026-03-20', 'Idul Fitri', true),
('a7f45159-2918-451d-96d0-9a29e8f86f9f', 'b94c5568-1b65-4d2c-bd4e-15c2c24d3866', '2026-03-21', 'Idul Fitri', true),
('dd2d0bde-66a0-4ee7-ade2-ffb705690195', 'b94c5568-1b65-4d2c-bd4e-15c2c24d3866', '2026-05-01', 'Hari Buruh', true),
('2e277c54-4e02-4441-8da5-20067b0e2686', 'b94c5568-1b65-4d2c-bd4e-15c2c24d3866', '2026-05-26', 'Idul Adha', true),
('3438ea2b-7de6-45ec-a961-d9c3cd9f24f2', 'b94c5568-1b65-4d2c-bd4e-15c2c24d3866', '2026-06-01', 'Hari Lahir Pancasila', true),
('8564dbdf-a6a1-428f-9125-5356923e8110', 'b94c5568-1b65-4d2c-bd4e-15c2c24d3866', '2026-08-17', 'Hari Kemerdekaan RI', true),
('ece01389-0c56-4d6e-939a-fd1fdb7c6809', 'b94c5568-1b65-4d2c-bd4e-15c2c24d3866', '2026-12-25', 'Hari Raya Natal', true),
('7ae8d443-4f89-4690-a9fc-d0cd4eaa7081', '1143106c-d544-4227-a09f-ee70b1c91c9b', '2024-01-01', 'Tahun Baru Masehi', true),
('340baec9-d8a1-40f4-8add-38ac4e111492', '1143106c-d544-4227-a09f-ee70b1c91c9b', '2024-02-10', 'Tahun Baru Imlek', true),
('50fda396-5a63-49b3-b621-886732f2093d', '1143106c-d544-4227-a09f-ee70b1c91c9b', '2024-03-11', 'Isra Miraj', true),
('effbd9c6-0734-4a4f-adf8-0d1ebccafa4e', '1143106c-d544-4227-a09f-ee70b1c91c9b', '2024-03-29', 'Wafat Isa Almasih', true),
('15e594ba-82b9-430a-b69a-006c06995dc5', '1143106c-d544-4227-a09f-ee70b1c91c9b', '2024-04-10', 'Idul Fitri', true),
('8164d74b-fe0a-4dca-8780-778866cd87d5', '1143106c-d544-4227-a09f-ee70b1c91c9b', '2024-04-11', 'Idul Fitri', true),
('b43dfc36-a727-4d91-9f43-905e94a37ea9', '1143106c-d544-4227-a09f-ee70b1c91c9b', '2024-05-01', 'Hari Buruh', true),
('00c6f624-199f-41b0-b3cc-fafd9d2e2dc0', '1143106c-d544-4227-a09f-ee70b1c91c9b', '2024-05-09', 'Kenaikan Isa Almasih', true),
('59ce0eac-a970-40a5-b197-9664e156eeb6', '1143106c-d544-4227-a09f-ee70b1c91c9b', '2024-05-23', 'Hari Raya Waisak', true),
('067aa76b-877c-415d-a750-b61a8e66a811', '1143106c-d544-4227-a09f-ee70b1c91c9b', '2024-06-01', 'Hari Lahir Pancasila', true),
('61ba5ad0-3abf-4534-a09d-17d523968b75', '1143106c-d544-4227-a09f-ee70b1c91c9b', '2024-06-17', 'Idul Adha', true),
('736a08e5-eb50-45cc-ac35-d3dc33b41118', '1143106c-d544-4227-a09f-ee70b1c91c9b', '2024-07-07', 'Tahun Baru Islam', true),
('ad90fc58-dc3b-4509-b8b1-b59a04f21587', '1143106c-d544-4227-a09f-ee70b1c91c9b', '2024-08-17', 'Hari Kemerdekaan RI', true),
('96694ebc-dcad-4b03-bbfd-00e18025af5e', '1143106c-d544-4227-a09f-ee70b1c91c9b', '2024-09-16', 'Maulid Nabi', true),
('f085b3a7-f55a-4caa-bf3b-fad11c179e44', '1143106c-d544-4227-a09f-ee70b1c91c9b', '2024-12-25', 'Hari Raya Natal', true),
('60b676f7-bfac-48c5-ba48-380cb4c71760', 'e920fe49-4473-4bd7-b1be-3045e7ac19dd', '2025-01-01', 'Tahun Baru Masehi', true),
('7b821880-58d0-4bd2-b29b-f12540ff3be3', 'e920fe49-4473-4bd7-b1be-3045e7ac19dd', '2025-01-29', 'Tahun Baru Imlek', true),
('258fcce2-8c08-49f3-b139-18f9034465ef', 'e920fe49-4473-4bd7-b1be-3045e7ac19dd', '2025-03-29', 'Hari Raya Nyepi', true),
('75bda5e2-4504-4326-9f78-9cfb52f02ba9', 'e920fe49-4473-4bd7-b1be-3045e7ac19dd', '2025-03-31', 'Idul Fitri', true),
('80bfac6e-5c27-4b2b-af44-86f39233b332', 'e920fe49-4473-4bd7-b1be-3045e7ac19dd', '2025-04-01', 'Idul Fitri', true),
('4908a3f6-0560-4f6d-bcc7-74c34d718175', 'e920fe49-4473-4bd7-b1be-3045e7ac19dd', '2025-04-18', 'Wafat Isa Almasih', true),
('85d56ff7-911f-4090-b636-89e71987d8df', 'e920fe49-4473-4bd7-b1be-3045e7ac19dd', '2025-05-01', 'Hari Buruh', true),
('52e1a5a5-c69b-4002-a2a8-68bae77f5edc', 'e920fe49-4473-4bd7-b1be-3045e7ac19dd', '2025-05-12', 'Hari Raya Waisak', true),
('eefdb9e1-0ce8-4480-955d-99a48ff9e4e3', 'e920fe49-4473-4bd7-b1be-3045e7ac19dd', '2025-05-29', 'Kenaikan Isa Almasih', true),
('85773424-4cb0-4334-8ab7-9bcd08b4cafa', 'e920fe49-4473-4bd7-b1be-3045e7ac19dd', '2025-06-01', 'Hari Lahir Pancasila', true),
('01ceac71-28c5-4e38-9200-acf7820a0672', 'e920fe49-4473-4bd7-b1be-3045e7ac19dd', '2025-06-06', 'Idul Adha', true),
('fe97c344-8d9a-4d2e-9498-7384b3a0691f', 'e920fe49-4473-4bd7-b1be-3045e7ac19dd', '2025-06-27', 'Tahun Baru Islam', true),
('5ba88622-00a3-4c56-b735-de43e4349fad', 'e920fe49-4473-4bd7-b1be-3045e7ac19dd', '2025-08-17', 'Hari Kemerdekaan RI', true),
('f7953e66-7fac-4c2c-b0d5-7e292cdd657c', 'e920fe49-4473-4bd7-b1be-3045e7ac19dd', '2025-09-05', 'Maulid Nabi', true),
('095927a5-d74e-49b5-adf6-6a6e61de583a', 'e920fe49-4473-4bd7-b1be-3045e7ac19dd', '2025-12-25', 'Hari Raya Natal', true),
('653245cd-2ea0-4977-823a-c506da0cbace', '4db6580a-0114-4c59-a8be-176617bdbb2a', '2026-01-01', 'Tahun Baru Masehi', true),
('7aa7c3d0-4b96-4d7d-8f06-eba300df8ffe', '4db6580a-0114-4c59-a8be-176617bdbb2a', '2026-02-17', 'Tahun Baru Imlek', true),
('6337783f-7772-4ffb-a8e4-1e0bf3a2cf19', '4db6580a-0114-4c59-a8be-176617bdbb2a', '2026-03-19', 'Hari Raya Nyepi', true),
('76343230-7cb9-43bb-a6ab-1fbf7cfee19f', '4db6580a-0114-4c59-a8be-176617bdbb2a', '2026-03-20', 'Idul Fitri', true),
('638f0c3f-aa5c-4f61-b0c7-23f0bc6d7094', '4db6580a-0114-4c59-a8be-176617bdbb2a', '2026-03-21', 'Idul Fitri', true),
('cdc3ca19-bb4e-4505-8c63-bc224d74c5f3', '4db6580a-0114-4c59-a8be-176617bdbb2a', '2026-05-01', 'Hari Buruh', true),
('32948194-31e5-4c7a-b17e-40f781555041', '4db6580a-0114-4c59-a8be-176617bdbb2a', '2026-05-26', 'Idul Adha', true),
('c6e0b3ce-2947-4ada-a224-879aa8327425', '4db6580a-0114-4c59-a8be-176617bdbb2a', '2026-06-01', 'Hari Lahir Pancasila', true),
('51f33ebd-6ba8-40dd-b7a9-8ffb3adbaf56', '4db6580a-0114-4c59-a8be-176617bdbb2a', '2026-08-17', 'Hari Kemerdekaan RI', true),
('65a45799-c36f-4056-ae84-7bd927561ee0', '4db6580a-0114-4c59-a8be-176617bdbb2a', '2026-12-25', 'Hari Raya Natal', true),
('0b53a01a-213c-469d-aac5-7200598ba178', '32f70b50-1d0e-46f4-b151-6faf0bbe3752', '2024-01-01', 'Tahun Baru Masehi', true),
('38fcf68a-6a95-4ca4-bcc4-97cbefc927ef', '32f70b50-1d0e-46f4-b151-6faf0bbe3752', '2024-02-10', 'Tahun Baru Imlek', true),
('9f187f82-5056-422a-af60-99919e12fc1a', '32f70b50-1d0e-46f4-b151-6faf0bbe3752', '2024-03-11', 'Isra Miraj', true),
('27d9a9eb-7fdf-4722-bc5e-ab078bf472bd', '32f70b50-1d0e-46f4-b151-6faf0bbe3752', '2024-03-29', 'Wafat Isa Almasih', true),
('53457eab-c873-4542-8fb6-439285eadd46', '32f70b50-1d0e-46f4-b151-6faf0bbe3752', '2024-04-10', 'Idul Fitri', true),
('78355a8b-0f70-494d-aa59-9a170f07705d', '32f70b50-1d0e-46f4-b151-6faf0bbe3752', '2024-04-11', 'Idul Fitri', true),
('acc23e17-6a99-4fd1-9f30-d142b4690478', '32f70b50-1d0e-46f4-b151-6faf0bbe3752', '2024-05-01', 'Hari Buruh', true),
('0fcf867b-089c-4c4c-abb7-23af15879c7e', '32f70b50-1d0e-46f4-b151-6faf0bbe3752', '2024-05-09', 'Kenaikan Isa Almasih', true),
('623b61da-f091-449b-88ef-80d420f9cb1d', '32f70b50-1d0e-46f4-b151-6faf0bbe3752', '2024-05-23', 'Hari Raya Waisak', true),
('02ae0e0b-f7bd-4c97-aeb7-4e1403d15fa9', '32f70b50-1d0e-46f4-b151-6faf0bbe3752', '2024-06-01', 'Hari Lahir Pancasila', true),
('5826d366-886f-4ac4-9524-24f8ebcc079f', '32f70b50-1d0e-46f4-b151-6faf0bbe3752', '2024-06-17', 'Idul Adha', true),
('f8c621f9-f799-412e-b5fe-726ef5c2cc3d', '32f70b50-1d0e-46f4-b151-6faf0bbe3752', '2024-07-07', 'Tahun Baru Islam', true),
('2e274c24-ae7b-4ec0-856f-c28321fdd8d6', '32f70b50-1d0e-46f4-b151-6faf0bbe3752', '2024-08-17', 'Hari Kemerdekaan RI', true),
('64b7d240-4671-4d90-80be-8e4137278211', '32f70b50-1d0e-46f4-b151-6faf0bbe3752', '2024-09-16', 'Maulid Nabi', true),
('eb614551-0f5f-4ec8-928c-5cd403621951', '32f70b50-1d0e-46f4-b151-6faf0bbe3752', '2024-12-25', 'Hari Raya Natal', true),
('0da41a9c-d77d-4283-921b-f986e43a047f', '410571e2-0703-4b47-a04c-8a4f4596c40c', '2025-01-01', 'Tahun Baru Masehi', true),
('46ae47f0-8610-4dce-a830-ff54dfff5ef7', '410571e2-0703-4b47-a04c-8a4f4596c40c', '2025-01-29', 'Tahun Baru Imlek', true),
('34d1d31d-f34a-410d-af94-1a926661cd8b', '410571e2-0703-4b47-a04c-8a4f4596c40c', '2025-03-29', 'Hari Raya Nyepi', true),
('0866edbd-31c1-40ce-9a3b-90bb6f59e827', '410571e2-0703-4b47-a04c-8a4f4596c40c', '2025-03-31', 'Idul Fitri', true),
('5ee8766a-613f-4d98-9e22-383407480a85', '410571e2-0703-4b47-a04c-8a4f4596c40c', '2025-04-01', 'Idul Fitri', true),
('2a7d9da1-08ea-46cc-a036-cb1f8248c4b0', '410571e2-0703-4b47-a04c-8a4f4596c40c', '2025-04-18', 'Wafat Isa Almasih', true),
('5c0a4f18-d919-4a3e-869f-ff33b83faa60', '410571e2-0703-4b47-a04c-8a4f4596c40c', '2025-05-01', 'Hari Buruh', true),
('b90a7e34-aef1-40bc-ac7b-fbef9d6eabad', '410571e2-0703-4b47-a04c-8a4f4596c40c', '2025-05-12', 'Hari Raya Waisak', true),
('8aafa517-bb3e-443f-80d4-36488d923523', '410571e2-0703-4b47-a04c-8a4f4596c40c', '2025-05-29', 'Kenaikan Isa Almasih', true),
('c12b4ec9-e202-42ca-a98b-61279d5ebcba', '410571e2-0703-4b47-a04c-8a4f4596c40c', '2025-06-01', 'Hari Lahir Pancasila', true),
('45c543cf-a499-4719-9453-6bd64d6d8c2f', '410571e2-0703-4b47-a04c-8a4f4596c40c', '2025-06-06', 'Idul Adha', true),
('5e97c786-98fe-4afa-a565-4cad90608de8', '410571e2-0703-4b47-a04c-8a4f4596c40c', '2025-06-27', 'Tahun Baru Islam', true),
('602af11d-d40c-42e3-b33f-e94864c5997e', '410571e2-0703-4b47-a04c-8a4f4596c40c', '2025-08-17', 'Hari Kemerdekaan RI', true),
('13352c94-f3dc-4d43-bf90-f72d272e46a7', '410571e2-0703-4b47-a04c-8a4f4596c40c', '2025-09-05', 'Maulid Nabi', true),
('e91dde33-da2d-419f-926f-7812e092818f', '410571e2-0703-4b47-a04c-8a4f4596c40c', '2025-12-25', 'Hari Raya Natal', true),
('f5ad5ad9-2159-441c-b51d-e46f3d66ca72', '01376b57-26f7-4a07-adc6-cef9ea5275b4', '2026-01-01', 'Tahun Baru Masehi', true),
('70784ba9-bcc8-49fa-b8b1-4804e6ba3afb', '01376b57-26f7-4a07-adc6-cef9ea5275b4', '2026-02-17', 'Tahun Baru Imlek', true),
('e0f850f4-43f4-4d5b-b0f6-b431dda9a549', '01376b57-26f7-4a07-adc6-cef9ea5275b4', '2026-03-19', 'Hari Raya Nyepi', true),
('5ace61f6-5643-4d94-8d23-096e67934ecb', '01376b57-26f7-4a07-adc6-cef9ea5275b4', '2026-03-20', 'Idul Fitri', true),
('aaba2b75-7db2-475b-b74b-d92f6af50e98', '01376b57-26f7-4a07-adc6-cef9ea5275b4', '2026-03-21', 'Idul Fitri', true),
('08f22097-9bd9-4d0b-a3cc-ea9829778d8b', '01376b57-26f7-4a07-adc6-cef9ea5275b4', '2026-05-01', 'Hari Buruh', true),
('ca6bfe17-dcf5-4f1c-a850-f6fb766c41cd', '01376b57-26f7-4a07-adc6-cef9ea5275b4', '2026-05-26', 'Idul Adha', true),
('91e556ed-d41e-4051-b84a-b1dd43c589d0', '01376b57-26f7-4a07-adc6-cef9ea5275b4', '2026-06-01', 'Hari Lahir Pancasila', true),
('b095ee6f-99bf-4733-a240-d96004b6b918', '01376b57-26f7-4a07-adc6-cef9ea5275b4', '2026-08-17', 'Hari Kemerdekaan RI', true),
('cf677eb8-1bea-413f-b623-08fc1baab356', '01376b57-26f7-4a07-adc6-cef9ea5275b4', '2026-12-25', 'Hari Raya Natal', true),
('9e17e2eb-cac9-4119-a661-f368d1881121', '43be00b4-844d-4fe8-9dce-843ff05148c1', '2024-01-01', 'Tahun Baru Masehi', true),
('6cdd05de-afbe-46a4-8a94-97fecbc64574', '43be00b4-844d-4fe8-9dce-843ff05148c1', '2024-02-10', 'Tahun Baru Imlek', true),
('334f4231-7068-4ecd-bde6-5c74891f0975', '43be00b4-844d-4fe8-9dce-843ff05148c1', '2024-03-11', 'Isra Miraj', true),
('fde6af30-45bb-454b-8e2a-f06671eb8fa1', '43be00b4-844d-4fe8-9dce-843ff05148c1', '2024-03-29', 'Wafat Isa Almasih', true),
('581b72c3-2eb8-468c-a4fd-d7cf3e1bfd25', '43be00b4-844d-4fe8-9dce-843ff05148c1', '2024-04-10', 'Idul Fitri', true),
('bda193bf-3ba8-48af-b34e-881c6486e4f6', '43be00b4-844d-4fe8-9dce-843ff05148c1', '2024-04-11', 'Idul Fitri', true),
('5b6fbf96-e013-41d3-bf7a-d209a13e91a7', '43be00b4-844d-4fe8-9dce-843ff05148c1', '2024-05-01', 'Hari Buruh', true),
('09de47a0-64bb-4c61-917e-6f7d5af6fb00', '43be00b4-844d-4fe8-9dce-843ff05148c1', '2024-05-09', 'Kenaikan Isa Almasih', true),
('41394a0f-38f8-439b-8bb7-5c7d2c7b8d2f', '43be00b4-844d-4fe8-9dce-843ff05148c1', '2024-05-23', 'Hari Raya Waisak', true),
('aac18742-f35c-4246-b56e-076f4282acb7', '43be00b4-844d-4fe8-9dce-843ff05148c1', '2024-06-01', 'Hari Lahir Pancasila', true),
('4beeefc6-bd3d-4b39-87c1-ff99c5ad91f3', '43be00b4-844d-4fe8-9dce-843ff05148c1', '2024-06-17', 'Idul Adha', true),
('c5d9f4cb-15ad-451a-ae0a-cb72c20bd157', '43be00b4-844d-4fe8-9dce-843ff05148c1', '2024-07-07', 'Tahun Baru Islam', true),
('390adc27-45de-4d2c-a149-ae61c8b6b695', '43be00b4-844d-4fe8-9dce-843ff05148c1', '2024-08-17', 'Hari Kemerdekaan RI', true),
('6c1e0eb5-8c3b-4550-8a7e-fd443f7dd486', '43be00b4-844d-4fe8-9dce-843ff05148c1', '2024-09-16', 'Maulid Nabi', true),
('c983a030-1ad9-43b7-b458-5868a7f68fab', '43be00b4-844d-4fe8-9dce-843ff05148c1', '2024-12-25', 'Hari Raya Natal', true),
('f2ee5b7e-dcf1-4aca-b879-6a1c76675bce', 'fb7d8d29-3176-43ef-8d21-c115d42986aa', '2025-01-01', 'Tahun Baru Masehi', true),
('2aa9e06f-2e1c-4512-b4db-89022bc7b841', 'fb7d8d29-3176-43ef-8d21-c115d42986aa', '2025-01-29', 'Tahun Baru Imlek', true),
('adf84094-7018-4a88-83d9-64568aeb511e', 'fb7d8d29-3176-43ef-8d21-c115d42986aa', '2025-03-29', 'Hari Raya Nyepi', true),
('e3663096-5722-491f-978b-db854a6d43f4', 'fb7d8d29-3176-43ef-8d21-c115d42986aa', '2025-03-31', 'Idul Fitri', true),
('78c2db73-f93c-4b32-9277-b4d4da53fdbc', 'fb7d8d29-3176-43ef-8d21-c115d42986aa', '2025-04-01', 'Idul Fitri', true),
('6ad966fd-441c-4dae-b256-5c5661bd606a', 'fb7d8d29-3176-43ef-8d21-c115d42986aa', '2025-04-18', 'Wafat Isa Almasih', true),
('ce796d3c-a471-4205-b42e-e16d57600e39', 'fb7d8d29-3176-43ef-8d21-c115d42986aa', '2025-05-01', 'Hari Buruh', true),
('a4281f57-c283-4269-a085-aada5fc25dd6', 'fb7d8d29-3176-43ef-8d21-c115d42986aa', '2025-05-12', 'Hari Raya Waisak', true),
('600b370f-df2e-4eee-b760-a0213b7232ee', 'fb7d8d29-3176-43ef-8d21-c115d42986aa', '2025-05-29', 'Kenaikan Isa Almasih', true),
('a6b28ffd-61a1-4fde-8175-3447891308cb', 'fb7d8d29-3176-43ef-8d21-c115d42986aa', '2025-06-01', 'Hari Lahir Pancasila', true),
('95d4e468-eb32-4015-a5d1-63f2fcbf01c1', 'fb7d8d29-3176-43ef-8d21-c115d42986aa', '2025-06-06', 'Idul Adha', true),
('a0e2ba48-8ebe-430e-b404-035ffcf03df5', 'fb7d8d29-3176-43ef-8d21-c115d42986aa', '2025-06-27', 'Tahun Baru Islam', true),
('6c0240f5-7f04-4c66-9ed8-5827e4049b04', 'fb7d8d29-3176-43ef-8d21-c115d42986aa', '2025-08-17', 'Hari Kemerdekaan RI', true),
('80983d98-f072-4186-a5c4-31b291ffd136', 'fb7d8d29-3176-43ef-8d21-c115d42986aa', '2025-09-05', 'Maulid Nabi', true),
('c7b95b55-71b2-45d0-8850-53b185146ea6', 'fb7d8d29-3176-43ef-8d21-c115d42986aa', '2025-12-25', 'Hari Raya Natal', true),
('b4b7d7c6-67d5-4176-ad10-ef568f578d2b', 'a7877f45-3589-49cb-a83a-c10422c80bfc', '2026-01-01', 'Tahun Baru Masehi', true),
('b4710c2d-a0e8-4a8e-a3ed-4387088f0f06', 'a7877f45-3589-49cb-a83a-c10422c80bfc', '2026-02-17', 'Tahun Baru Imlek', true),
('5f7a998d-4301-404b-86eb-75e628a0abdd', 'a7877f45-3589-49cb-a83a-c10422c80bfc', '2026-03-19', 'Hari Raya Nyepi', true),
('f5bf68af-cbf0-446b-b572-220adc6abda2', 'a7877f45-3589-49cb-a83a-c10422c80bfc', '2026-03-20', 'Idul Fitri', true),
('5fb506cc-f229-43f8-aac9-cff7a457accd', 'a7877f45-3589-49cb-a83a-c10422c80bfc', '2026-03-21', 'Idul Fitri', true),
('082d8b37-9a13-499b-9405-a46154b29450', 'a7877f45-3589-49cb-a83a-c10422c80bfc', '2026-05-01', 'Hari Buruh', true),
('aa52e252-e5e6-4c75-8892-7075f0cc8619', 'a7877f45-3589-49cb-a83a-c10422c80bfc', '2026-05-26', 'Idul Adha', true),
('f9c47872-51ba-4b84-93b8-f7de95aa5c9b', 'a7877f45-3589-49cb-a83a-c10422c80bfc', '2026-06-01', 'Hari Lahir Pancasila', true),
('f3564782-6a6a-4818-8cad-15cf0e88bc59', 'a7877f45-3589-49cb-a83a-c10422c80bfc', '2026-08-17', 'Hari Kemerdekaan RI', true),
('98386706-7f92-478d-94a8-66ca1cbbd30f', 'a7877f45-3589-49cb-a83a-c10422c80bfc', '2026-12-25', 'Hari Raya Natal', true),
('18f1ec54-5c0c-4788-a058-d9c49c214a28', '78af1dc9-2ed9-42cc-ac22-6bfdc8a76a5d', '2024-01-01', 'Tahun Baru Masehi', true),
('cd6f7983-853e-411e-8641-7cf8d9a938eb', '78af1dc9-2ed9-42cc-ac22-6bfdc8a76a5d', '2024-02-10', 'Tahun Baru Imlek', true),
('a6c2e93b-9b43-45ec-bb44-f7d5d07992fd', '78af1dc9-2ed9-42cc-ac22-6bfdc8a76a5d', '2024-03-11', 'Isra Miraj', true),
('07788e56-bfb0-4692-ad97-4901d3fcd4c4', '78af1dc9-2ed9-42cc-ac22-6bfdc8a76a5d', '2024-03-29', 'Wafat Isa Almasih', true),
('14aba391-dc76-4e35-b28a-0601b24f81be', '78af1dc9-2ed9-42cc-ac22-6bfdc8a76a5d', '2024-04-10', 'Idul Fitri', true),
('44eb30d8-b894-4b7b-a067-9d2876c1359b', '78af1dc9-2ed9-42cc-ac22-6bfdc8a76a5d', '2024-04-11', 'Idul Fitri', true),
('1de4ef2a-3243-4dfe-93be-043e7a83791b', '78af1dc9-2ed9-42cc-ac22-6bfdc8a76a5d', '2024-05-01', 'Hari Buruh', true),
('b59244a0-bcb0-4581-8f0f-b9d661d8850d', '78af1dc9-2ed9-42cc-ac22-6bfdc8a76a5d', '2024-05-09', 'Kenaikan Isa Almasih', true),
('82164813-7c5b-458e-bbe4-ec819618a92e', '78af1dc9-2ed9-42cc-ac22-6bfdc8a76a5d', '2024-05-23', 'Hari Raya Waisak', true),
('09155f2d-0e8b-4c84-9acc-934e1e840b13', '78af1dc9-2ed9-42cc-ac22-6bfdc8a76a5d', '2024-06-01', 'Hari Lahir Pancasila', true),
('4707c9f5-8ab6-4cfd-91c3-b2e08d3bcc12', '78af1dc9-2ed9-42cc-ac22-6bfdc8a76a5d', '2024-06-17', 'Idul Adha', true),
('edd0dd39-ad4e-4929-aea8-38cba53d4576', '78af1dc9-2ed9-42cc-ac22-6bfdc8a76a5d', '2024-07-07', 'Tahun Baru Islam', true),
('9ec30bac-ad6d-4c89-9b19-3dc615d03c0d', '78af1dc9-2ed9-42cc-ac22-6bfdc8a76a5d', '2024-08-17', 'Hari Kemerdekaan RI', true),
('b3070ef2-a70d-4203-b162-95f988a81ca9', '78af1dc9-2ed9-42cc-ac22-6bfdc8a76a5d', '2024-09-16', 'Maulid Nabi', true),
('94232b35-d024-4f08-b67c-9d84cb96f5b5', '78af1dc9-2ed9-42cc-ac22-6bfdc8a76a5d', '2024-12-25', 'Hari Raya Natal', true),
('74528434-b6ab-4157-8e49-ab4bd5183834', '1b1da876-aa42-4701-9c69-c6ca22f4314f', '2025-01-01', 'Tahun Baru Masehi', true),
('43946f5e-9521-4eac-bb6f-9d1a5b624512', '1b1da876-aa42-4701-9c69-c6ca22f4314f', '2025-01-29', 'Tahun Baru Imlek', true),
('bf6afc22-8cba-4d64-aa60-c5279d7ed4b0', '1b1da876-aa42-4701-9c69-c6ca22f4314f', '2025-03-29', 'Hari Raya Nyepi', true),
('d992fd4a-eee3-4129-8f80-c0a5fa2c05d0', '1b1da876-aa42-4701-9c69-c6ca22f4314f', '2025-03-31', 'Idul Fitri', true),
('17cc8856-c85c-4647-bb08-254c005dea1a', '1b1da876-aa42-4701-9c69-c6ca22f4314f', '2025-04-01', 'Idul Fitri', true),
('be5cde5e-f3e4-4036-9323-d488632ccf17', '1b1da876-aa42-4701-9c69-c6ca22f4314f', '2025-04-18', 'Wafat Isa Almasih', true),
('47a58452-d530-4a54-af71-399c80d6f5c7', '1b1da876-aa42-4701-9c69-c6ca22f4314f', '2025-05-01', 'Hari Buruh', true),
('bab86172-d29f-43ca-ae00-acc1d09380c9', '1b1da876-aa42-4701-9c69-c6ca22f4314f', '2025-05-12', 'Hari Raya Waisak', true),
('5cc679c4-6376-4110-8ffc-befd340485ad', '1b1da876-aa42-4701-9c69-c6ca22f4314f', '2025-05-29', 'Kenaikan Isa Almasih', true),
('460fa1ce-54d0-4d08-8fb7-c3014a8f9776', '1b1da876-aa42-4701-9c69-c6ca22f4314f', '2025-06-01', 'Hari Lahir Pancasila', true),
('9c54c872-2021-4f8f-9e84-620836c85ef2', '1b1da876-aa42-4701-9c69-c6ca22f4314f', '2025-06-06', 'Idul Adha', true),
('b5704a94-3c7e-4cc0-9419-cbc7c13df881', '1b1da876-aa42-4701-9c69-c6ca22f4314f', '2025-06-27', 'Tahun Baru Islam', true),
('e90bdc71-4334-49b7-80ff-cf7c5ebcafe8', '1b1da876-aa42-4701-9c69-c6ca22f4314f', '2025-08-17', 'Hari Kemerdekaan RI', true),
('0ea14604-705b-4d2a-88bb-2f8b62f3b795', '1b1da876-aa42-4701-9c69-c6ca22f4314f', '2025-09-05', 'Maulid Nabi', true),
('3f165a33-2444-4d27-9404-c9d13fba45f7', '1b1da876-aa42-4701-9c69-c6ca22f4314f', '2025-12-25', 'Hari Raya Natal', true),
('e52b0263-beb5-480c-87a3-4a07c18c9c72', '08168408-2ad1-4aaa-9265-bb107d39fcb2', '2026-01-01', 'Tahun Baru Masehi', true),
('f269f0a8-4d55-41e5-8f1e-aab0f80fdfe3', '08168408-2ad1-4aaa-9265-bb107d39fcb2', '2026-02-17', 'Tahun Baru Imlek', true),
('7265f27a-bade-4c28-bd31-cd699eaeadf6', '08168408-2ad1-4aaa-9265-bb107d39fcb2', '2026-03-19', 'Hari Raya Nyepi', true),
('010a6e9a-c356-468a-880b-2c5b2207fd37', '08168408-2ad1-4aaa-9265-bb107d39fcb2', '2026-03-20', 'Idul Fitri', true),
('c0a1f282-48c2-45ed-a04f-1fa8ba457f77', '08168408-2ad1-4aaa-9265-bb107d39fcb2', '2026-03-21', 'Idul Fitri', true),
('857aac49-4c20-4f05-9046-123e45572ed9', '08168408-2ad1-4aaa-9265-bb107d39fcb2', '2026-05-01', 'Hari Buruh', true),
('9f67de93-9523-4b08-b346-5ec0eb3d54b4', '08168408-2ad1-4aaa-9265-bb107d39fcb2', '2026-05-26', 'Idul Adha', true),
('682b9cd3-4342-46f2-8616-df72beefbfa6', '08168408-2ad1-4aaa-9265-bb107d39fcb2', '2026-06-01', 'Hari Lahir Pancasila', true),
('83828837-1e38-488c-86d3-47c2d29dee24', '08168408-2ad1-4aaa-9265-bb107d39fcb2', '2026-08-17', 'Hari Kemerdekaan RI', true),
('91ce9072-6790-47c0-bc95-f846d8fe77d8', '08168408-2ad1-4aaa-9265-bb107d39fcb2', '2026-12-25', 'Hari Raya Natal', true),
('42585b8d-d262-4889-b473-109580899de8', '9a3d2892-90df-4d40-8298-38b39c77e190', '2024-01-01', 'Tahun Baru Masehi', true),
('e3175829-5951-45d9-ab44-383c0b958caf', '9a3d2892-90df-4d40-8298-38b39c77e190', '2024-02-10', 'Tahun Baru Imlek', true),
('8d182e3a-8681-41f0-a3c4-a3ce13c23f40', '9a3d2892-90df-4d40-8298-38b39c77e190', '2024-03-11', 'Isra Miraj', true),
('3b8b3162-4851-41bf-87a9-aade372e6658', '9a3d2892-90df-4d40-8298-38b39c77e190', '2024-03-29', 'Wafat Isa Almasih', true),
('aa527048-5d1f-441f-997c-9cc8ff2be7f0', '9a3d2892-90df-4d40-8298-38b39c77e190', '2024-04-10', 'Idul Fitri', true),
('ab654b17-db1f-4127-9254-0d0c8f49dbe4', '9a3d2892-90df-4d40-8298-38b39c77e190', '2024-04-11', 'Idul Fitri', true),
('36a75bdd-f320-49f4-b41a-52cdbb63edf2', '9a3d2892-90df-4d40-8298-38b39c77e190', '2024-05-01', 'Hari Buruh', true),
('086f18c2-32f2-467d-bf31-ee2069df90fe', '9a3d2892-90df-4d40-8298-38b39c77e190', '2024-05-09', 'Kenaikan Isa Almasih', true),
('a8d6342e-1e14-4893-8e8e-f24b08fe1a63', '9a3d2892-90df-4d40-8298-38b39c77e190', '2024-05-23', 'Hari Raya Waisak', true),
('5108d79d-7c7b-404d-9253-aef604139fb0', '9a3d2892-90df-4d40-8298-38b39c77e190', '2024-06-01', 'Hari Lahir Pancasila', true),
('40d66c75-74be-4d9c-937c-2a1b33372647', '9a3d2892-90df-4d40-8298-38b39c77e190', '2024-06-17', 'Idul Adha', true),
('65ea593c-1878-42bd-88ce-8b02997616ce', '9a3d2892-90df-4d40-8298-38b39c77e190', '2024-07-07', 'Tahun Baru Islam', true),
('c6c64f12-95d5-478c-8aa0-9abf34504ec3', '9a3d2892-90df-4d40-8298-38b39c77e190', '2024-08-17', 'Hari Kemerdekaan RI', true),
('c474f822-440e-4e0b-8e51-c86d711dd8a0', '9a3d2892-90df-4d40-8298-38b39c77e190', '2024-09-16', 'Maulid Nabi', true),
('19a41d49-a3f1-4126-b245-153ff251d2ea', '9a3d2892-90df-4d40-8298-38b39c77e190', '2024-12-25', 'Hari Raya Natal', true),
('6ccbda74-2d3b-4f5c-a640-787d046bb2e3', '42059ca0-60af-4f81-a2ab-b0e4b210ad0b', '2025-01-01', 'Tahun Baru Masehi', true),
('84038e92-0b80-4562-8e89-abfe05b81383', '42059ca0-60af-4f81-a2ab-b0e4b210ad0b', '2025-01-29', 'Tahun Baru Imlek', true),
('0a5c92e6-5396-4b11-987a-7c08ac59dba1', '42059ca0-60af-4f81-a2ab-b0e4b210ad0b', '2025-03-29', 'Hari Raya Nyepi', true),
('2a2ff846-f988-474d-b6fd-a2dbcdf85b4e', '42059ca0-60af-4f81-a2ab-b0e4b210ad0b', '2025-03-31', 'Idul Fitri', true),
('6f055dac-8793-42b5-924c-7f9b769fd00f', '42059ca0-60af-4f81-a2ab-b0e4b210ad0b', '2025-04-01', 'Idul Fitri', true),
('a9d0ab3f-1382-4a99-851e-dea94cdc69e6', '42059ca0-60af-4f81-a2ab-b0e4b210ad0b', '2025-04-18', 'Wafat Isa Almasih', true),
('14b18c2d-aabd-4062-a388-98394d697636', '42059ca0-60af-4f81-a2ab-b0e4b210ad0b', '2025-05-01', 'Hari Buruh', true),
('556d22f0-3988-4390-abc5-ac074d79d089', '42059ca0-60af-4f81-a2ab-b0e4b210ad0b', '2025-05-12', 'Hari Raya Waisak', true),
('b89d00fc-75ec-4fb6-a3ea-1a72603dcbb4', '42059ca0-60af-4f81-a2ab-b0e4b210ad0b', '2025-05-29', 'Kenaikan Isa Almasih', true),
('56eb2204-78fe-40d9-bb4d-5720773464b5', '42059ca0-60af-4f81-a2ab-b0e4b210ad0b', '2025-06-01', 'Hari Lahir Pancasila', true),
('0d0bd0cc-c08b-4f1c-8a9d-c58f2cc6ba0b', '42059ca0-60af-4f81-a2ab-b0e4b210ad0b', '2025-06-06', 'Idul Adha', true),
('f97c678b-29c3-4c34-8ec2-0651e3613cea', '42059ca0-60af-4f81-a2ab-b0e4b210ad0b', '2025-06-27', 'Tahun Baru Islam', true),
('a86941e5-d05f-4269-aa0b-5cc0e1c85551', '42059ca0-60af-4f81-a2ab-b0e4b210ad0b', '2025-08-17', 'Hari Kemerdekaan RI', true),
('1b1ec481-8625-4698-b8bc-7a5f92d47882', '42059ca0-60af-4f81-a2ab-b0e4b210ad0b', '2025-09-05', 'Maulid Nabi', true),
('c8837525-f0b5-40d4-a5af-d6380289e1f8', '42059ca0-60af-4f81-a2ab-b0e4b210ad0b', '2025-12-25', 'Hari Raya Natal', true),
('b2ba043b-aa41-4058-9e78-6577f247da31', '3ead2bba-e86d-4f8b-aefe-06a448082c32', '2026-01-01', 'Tahun Baru Masehi', true),
('7b069292-411e-4414-bb2f-8e2ef5ffdf11', '3ead2bba-e86d-4f8b-aefe-06a448082c32', '2026-02-17', 'Tahun Baru Imlek', true),
('b4a53d54-e135-4b99-a97c-82267cf9cb99', '3ead2bba-e86d-4f8b-aefe-06a448082c32', '2026-03-19', 'Hari Raya Nyepi', true),
('e9ff724c-a3ee-49eb-bfa0-c542e0967f8e', '3ead2bba-e86d-4f8b-aefe-06a448082c32', '2026-03-20', 'Idul Fitri', true),
('c3ead19e-b784-47d6-ba05-a4a3ed1cc723', '3ead2bba-e86d-4f8b-aefe-06a448082c32', '2026-03-21', 'Idul Fitri', true),
('140c4278-e955-4dae-ab3d-fbe10365b585', '3ead2bba-e86d-4f8b-aefe-06a448082c32', '2026-05-01', 'Hari Buruh', true),
('ab00cd20-6402-4316-bd14-0c362f2ceeaa', '3ead2bba-e86d-4f8b-aefe-06a448082c32', '2026-05-26', 'Idul Adha', true),
('3bf52f4c-7a95-406e-97ab-541860ae3f00', '3ead2bba-e86d-4f8b-aefe-06a448082c32', '2026-06-01', 'Hari Lahir Pancasila', true),
('f889d3fb-4cb7-4821-983e-1c983105cee4', '3ead2bba-e86d-4f8b-aefe-06a448082c32', '2026-08-17', 'Hari Kemerdekaan RI', true),
('63c0c1d6-64e0-43be-8e82-11410d8e71d0', '3ead2bba-e86d-4f8b-aefe-06a448082c32', '2026-12-25', 'Hari Raya Natal', true),
('dbe1f018-9faf-4e8c-b618-5a0b19b6c375', 'c2e6d5be-05a7-41ee-b7e4-d90d7ae50583', '2024-01-01', 'Tahun Baru Masehi', true),
('3b297049-d67c-4035-b6ee-2ff7d72accbf', 'c2e6d5be-05a7-41ee-b7e4-d90d7ae50583', '2024-02-10', 'Tahun Baru Imlek', true),
('395a8605-1367-4b76-bc17-a903c517173b', 'c2e6d5be-05a7-41ee-b7e4-d90d7ae50583', '2024-03-11', 'Isra Miraj', true),
('ddf780ed-fcb6-4875-a628-5b1c8cf05751', 'c2e6d5be-05a7-41ee-b7e4-d90d7ae50583', '2024-03-29', 'Wafat Isa Almasih', true),
('39f869d4-9311-47ca-977c-1e9e26871082', 'c2e6d5be-05a7-41ee-b7e4-d90d7ae50583', '2024-04-10', 'Idul Fitri', true),
('70023131-7b04-4c34-be8b-b1fce0c38769', 'c2e6d5be-05a7-41ee-b7e4-d90d7ae50583', '2024-04-11', 'Idul Fitri', true),
('4c2f06b3-20a9-44d2-ae75-bd8928866d3a', 'c2e6d5be-05a7-41ee-b7e4-d90d7ae50583', '2024-05-01', 'Hari Buruh', true),
('92c70fc7-1d93-494d-ace3-96b7ef102fc4', 'c2e6d5be-05a7-41ee-b7e4-d90d7ae50583', '2024-05-09', 'Kenaikan Isa Almasih', true),
('756e5749-a1bf-4427-a61b-73baf42219d5', 'c2e6d5be-05a7-41ee-b7e4-d90d7ae50583', '2024-05-23', 'Hari Raya Waisak', true),
('0ad22ef7-0cb6-4cef-9712-4a9d8eb2b75c', 'c2e6d5be-05a7-41ee-b7e4-d90d7ae50583', '2024-06-01', 'Hari Lahir Pancasila', true),
('49521826-0118-41fc-8389-6bc88109d25d', 'c2e6d5be-05a7-41ee-b7e4-d90d7ae50583', '2024-06-17', 'Idul Adha', true),
('02f2d948-1b88-4f34-a627-5b4d9144f17b', 'c2e6d5be-05a7-41ee-b7e4-d90d7ae50583', '2024-07-07', 'Tahun Baru Islam', true),
('63237cdb-11b0-40dc-b056-3a955563c97c', 'c2e6d5be-05a7-41ee-b7e4-d90d7ae50583', '2024-08-17', 'Hari Kemerdekaan RI', true),
('90a901aa-90a8-4e7f-aad3-0aa9c2ecf912', 'c2e6d5be-05a7-41ee-b7e4-d90d7ae50583', '2024-09-16', 'Maulid Nabi', true),
('d3095491-857b-4b1f-b43c-e6d761e1ba69', 'c2e6d5be-05a7-41ee-b7e4-d90d7ae50583', '2024-12-25', 'Hari Raya Natal', true),
('d7f77837-ae7b-463a-a27f-ccf862a00399', '2365af52-bef5-4ebf-8cd6-c42fe349a4de', '2025-01-01', 'Tahun Baru Masehi', true),
('6d285ee3-b334-498f-b8b6-988309940298', '2365af52-bef5-4ebf-8cd6-c42fe349a4de', '2025-01-29', 'Tahun Baru Imlek', true),
('fcf1b06e-48be-46cc-bbad-bffd83280ad9', '2365af52-bef5-4ebf-8cd6-c42fe349a4de', '2025-03-29', 'Hari Raya Nyepi', true),
('56bcd5a5-661d-495d-8610-cc6c6a4fd751', '2365af52-bef5-4ebf-8cd6-c42fe349a4de', '2025-03-31', 'Idul Fitri', true),
('a894af67-5b2f-4c29-9e2c-fe821bc38287', '2365af52-bef5-4ebf-8cd6-c42fe349a4de', '2025-04-01', 'Idul Fitri', true),
('29be9883-bdb2-496e-b0a4-650228f50acc', '2365af52-bef5-4ebf-8cd6-c42fe349a4de', '2025-04-18', 'Wafat Isa Almasih', true),
('25a831b5-387c-4fb6-be49-21c04a34aab7', '2365af52-bef5-4ebf-8cd6-c42fe349a4de', '2025-05-01', 'Hari Buruh', true),
('c12d3754-61c6-4576-bd03-85bd25bb1a54', '2365af52-bef5-4ebf-8cd6-c42fe349a4de', '2025-05-12', 'Hari Raya Waisak', true),
('dc6731c7-792f-4cc4-8890-1d10391798c5', '2365af52-bef5-4ebf-8cd6-c42fe349a4de', '2025-05-29', 'Kenaikan Isa Almasih', true),
('9e779ca0-2707-40d9-8fbc-507a648844d0', '2365af52-bef5-4ebf-8cd6-c42fe349a4de', '2025-06-01', 'Hari Lahir Pancasila', true),
('ae2c1d98-f842-4d4b-9d61-8c092e9871ca', '2365af52-bef5-4ebf-8cd6-c42fe349a4de', '2025-06-06', 'Idul Adha', true),
('bd2e8c18-d803-495f-9d02-4ac3d96652b3', '2365af52-bef5-4ebf-8cd6-c42fe349a4de', '2025-06-27', 'Tahun Baru Islam', true),
('5dcfd244-0853-4edc-a518-30776d69d7e9', '2365af52-bef5-4ebf-8cd6-c42fe349a4de', '2025-08-17', 'Hari Kemerdekaan RI', true),
('b412c218-4788-44e1-ae60-0addf7416ded', '2365af52-bef5-4ebf-8cd6-c42fe349a4de', '2025-09-05', 'Maulid Nabi', true),
('899e154a-69d8-4c34-a2a5-ef8b090f6983', '2365af52-bef5-4ebf-8cd6-c42fe349a4de', '2025-12-25', 'Hari Raya Natal', true),
('dc1e21ce-1401-4eea-8a33-ce6111cda413', '5daa94ff-fb16-4fad-880f-baeb599701a3', '2026-01-01', 'Tahun Baru Masehi', true),
('27d9b4ce-315a-490b-8114-a9916c1d664f', '5daa94ff-fb16-4fad-880f-baeb599701a3', '2026-02-17', 'Tahun Baru Imlek', true),
('05a8a01b-5bb1-4c6d-b93b-3b4b9aab18a4', '5daa94ff-fb16-4fad-880f-baeb599701a3', '2026-03-19', 'Hari Raya Nyepi', true),
('17dae69d-5cab-4dd4-8547-ff14977be194', '5daa94ff-fb16-4fad-880f-baeb599701a3', '2026-03-20', 'Idul Fitri', true),
('c4ea910c-a57a-4c79-8ff7-f296dfc8f59f', '5daa94ff-fb16-4fad-880f-baeb599701a3', '2026-03-21', 'Idul Fitri', true),
('8e6fd926-2622-4cc9-8578-0487319f0c16', '5daa94ff-fb16-4fad-880f-baeb599701a3', '2026-05-01', 'Hari Buruh', true),
('1f64aa73-a5d8-4de1-8811-66bfd0d67a61', '5daa94ff-fb16-4fad-880f-baeb599701a3', '2026-05-26', 'Idul Adha', true),
('998c2507-e01c-44c9-a7b1-9fe36c6f2c35', '5daa94ff-fb16-4fad-880f-baeb599701a3', '2026-06-01', 'Hari Lahir Pancasila', true),
('5e7e09b1-1210-45a4-9ce2-6a48378a94f9', '5daa94ff-fb16-4fad-880f-baeb599701a3', '2026-08-17', 'Hari Kemerdekaan RI', true),
('9f38fded-07a0-4fb4-9d3a-f6a179fbbb0e', '5daa94ff-fb16-4fad-880f-baeb599701a3', '2026-12-25', 'Hari Raya Natal', true),
('bfa5f13e-4bd9-454c-bc54-3a82fc21453b', '589dec22-8567-48c0-a57a-ca64529a3a99', '2024-01-01', 'Tahun Baru Masehi', true),
('b47fa957-920f-479b-aed9-c4baffa174fc', '589dec22-8567-48c0-a57a-ca64529a3a99', '2024-02-10', 'Tahun Baru Imlek', true),
('24352e14-153a-49c8-9f3c-5ac8aa55f50d', '589dec22-8567-48c0-a57a-ca64529a3a99', '2024-03-11', 'Isra Miraj', true),
('1ca43638-0527-4265-a65b-c449b7771489', '589dec22-8567-48c0-a57a-ca64529a3a99', '2024-03-29', 'Wafat Isa Almasih', true),
('14a8cf86-7351-476b-b277-b3e90fe56ebe', '589dec22-8567-48c0-a57a-ca64529a3a99', '2024-04-10', 'Idul Fitri', true),
('9dd4308a-d4c0-46f4-a332-d0c0258e0e25', '589dec22-8567-48c0-a57a-ca64529a3a99', '2024-04-11', 'Idul Fitri', true),
('abd07bba-1821-4ac3-a1d7-32ecff6574b1', '589dec22-8567-48c0-a57a-ca64529a3a99', '2024-05-01', 'Hari Buruh', true),
('7ba49d78-19e2-4f5e-a31a-93cb9a2bcf95', '589dec22-8567-48c0-a57a-ca64529a3a99', '2024-05-09', 'Kenaikan Isa Almasih', true),
('4796ce4f-56f8-4b7a-a9ed-d8454eeb68af', '589dec22-8567-48c0-a57a-ca64529a3a99', '2024-05-23', 'Hari Raya Waisak', true),
('1115aae8-d228-4650-b539-0374cc1440d9', '589dec22-8567-48c0-a57a-ca64529a3a99', '2024-06-01', 'Hari Lahir Pancasila', true),
('4449a5db-18cf-47d1-b971-cd35e839af6f', '589dec22-8567-48c0-a57a-ca64529a3a99', '2024-06-17', 'Idul Adha', true),
('c3a60047-a846-44ae-bae6-7d04af4fca92', '589dec22-8567-48c0-a57a-ca64529a3a99', '2024-07-07', 'Tahun Baru Islam', true),
('074e19ef-ec72-4e0f-961b-dd9fbbea5802', '589dec22-8567-48c0-a57a-ca64529a3a99', '2024-08-17', 'Hari Kemerdekaan RI', true),
('27e3cdd8-a3cf-4607-a2fa-3dd69e2c59e3', '589dec22-8567-48c0-a57a-ca64529a3a99', '2024-09-16', 'Maulid Nabi', true),
('ff8927f9-4941-4e15-8827-623a20f2058f', '589dec22-8567-48c0-a57a-ca64529a3a99', '2024-12-25', 'Hari Raya Natal', true),
('32a92de1-ab0c-48ba-b9d3-95fcfe12d43f', '0491676b-8f35-4168-80d7-a5876cb01972', '2025-01-01', 'Tahun Baru Masehi', true),
('aa4000ad-873c-4d60-b1a3-fff8250b0dd7', '0491676b-8f35-4168-80d7-a5876cb01972', '2025-01-29', 'Tahun Baru Imlek', true),
('ead9df97-995c-48c4-8046-4824bdb09943', '0491676b-8f35-4168-80d7-a5876cb01972', '2025-03-29', 'Hari Raya Nyepi', true),
('92107c9c-a80a-42bb-9c6f-e6bb5207b027', '0491676b-8f35-4168-80d7-a5876cb01972', '2025-03-31', 'Idul Fitri', true),
('7430d8fd-f093-4eb6-988e-ea77794b5d01', '0491676b-8f35-4168-80d7-a5876cb01972', '2025-04-01', 'Idul Fitri', true),
('f29bc987-4f25-4d3f-b05d-678e647af698', '0491676b-8f35-4168-80d7-a5876cb01972', '2025-04-18', 'Wafat Isa Almasih', true),
('bacf1df7-a906-484a-968c-b78633f8db85', '0491676b-8f35-4168-80d7-a5876cb01972', '2025-05-01', 'Hari Buruh', true),
('8558d262-506b-42e2-bae7-3a33377e9739', '0491676b-8f35-4168-80d7-a5876cb01972', '2025-05-12', 'Hari Raya Waisak', true),
('9e58c9cd-8bbf-465f-8a1a-d59fbbee0be8', '0491676b-8f35-4168-80d7-a5876cb01972', '2025-05-29', 'Kenaikan Isa Almasih', true),
('7ef3f6e8-b883-462e-ab3f-41da3f1855c3', '0491676b-8f35-4168-80d7-a5876cb01972', '2025-06-01', 'Hari Lahir Pancasila', true),
('25b2b670-8381-4241-acdb-ae61df3b3d01', '0491676b-8f35-4168-80d7-a5876cb01972', '2025-06-06', 'Idul Adha', true),
('7680f0cd-d83a-49eb-8ebf-54841fc4125d', '0491676b-8f35-4168-80d7-a5876cb01972', '2025-06-27', 'Tahun Baru Islam', true),
('c2bce1be-104a-43ac-a23b-91365dc88baf', '0491676b-8f35-4168-80d7-a5876cb01972', '2025-08-17', 'Hari Kemerdekaan RI', true),
('fa13526e-d6ec-4dab-b5ae-a86eb53f69ec', '0491676b-8f35-4168-80d7-a5876cb01972', '2025-09-05', 'Maulid Nabi', true),
('8da5e7e9-719e-48d4-97fa-c4ea72db59ad', '0491676b-8f35-4168-80d7-a5876cb01972', '2025-12-25', 'Hari Raya Natal', true),
('0918c219-80f6-44ea-b8dc-fddbce3d263b', 'c0ad71b3-a1fd-4d97-8585-f3204519f5dd', '2026-01-01', 'Tahun Baru Masehi', true),
('6603d403-0375-4367-8aec-4a722a97946b', 'c0ad71b3-a1fd-4d97-8585-f3204519f5dd', '2026-02-17', 'Tahun Baru Imlek', true),
('377687e5-7b36-413a-9a88-ac9a67b00604', 'c0ad71b3-a1fd-4d97-8585-f3204519f5dd', '2026-03-19', 'Hari Raya Nyepi', true),
('5c9f9639-2e82-4c41-aab4-a95b41634e00', 'c0ad71b3-a1fd-4d97-8585-f3204519f5dd', '2026-03-20', 'Idul Fitri', true),
('77880be8-bd4a-499b-a5e9-6664259a1033', 'c0ad71b3-a1fd-4d97-8585-f3204519f5dd', '2026-03-21', 'Idul Fitri', true),
('ec7cb9ba-c6cc-495c-ad97-799ed33e2163', 'c0ad71b3-a1fd-4d97-8585-f3204519f5dd', '2026-05-01', 'Hari Buruh', true),
('3ebd68d9-29f0-4f73-8a1d-c37a9188bc69', 'c0ad71b3-a1fd-4d97-8585-f3204519f5dd', '2026-05-26', 'Idul Adha', true),
('dcd7e968-384d-4f0f-86d3-068a9adae04e', 'c0ad71b3-a1fd-4d97-8585-f3204519f5dd', '2026-06-01', 'Hari Lahir Pancasila', true),
('82833609-d6b6-460d-ba23-a552d8a4cfc5', 'c0ad71b3-a1fd-4d97-8585-f3204519f5dd', '2026-08-17', 'Hari Kemerdekaan RI', true),
('c8c2d1e2-20fb-4349-acb5-b6446bd8ae66', 'c0ad71b3-a1fd-4d97-8585-f3204519f5dd', '2026-12-25', 'Hari Raya Natal', true),
('d3fd909e-9397-44ef-a1f7-be3bbb866c7f', '73e78cf2-5c18-434a-a8c4-3a9024f899de', '2024-01-01', 'Tahun Baru Masehi', true),
('351272b9-a976-4323-a95b-33ceb97b75e0', '73e78cf2-5c18-434a-a8c4-3a9024f899de', '2024-02-10', 'Tahun Baru Imlek', true),
('17821826-4f42-4247-820f-01b278c0b1d9', '73e78cf2-5c18-434a-a8c4-3a9024f899de', '2024-03-11', 'Isra Miraj', true),
('32fd5040-7a75-4354-baeb-95184f5c9422', '73e78cf2-5c18-434a-a8c4-3a9024f899de', '2024-03-29', 'Wafat Isa Almasih', true),
('c33ae4e2-0baa-4667-9214-000e3c723814', '73e78cf2-5c18-434a-a8c4-3a9024f899de', '2024-04-10', 'Idul Fitri', true),
('8aa077ef-75cb-433c-8a3c-b5ee7a70c62c', '73e78cf2-5c18-434a-a8c4-3a9024f899de', '2024-04-11', 'Idul Fitri', true),
('d8e5be2f-b03a-4558-8b9b-043713061a5e', '73e78cf2-5c18-434a-a8c4-3a9024f899de', '2024-05-01', 'Hari Buruh', true),
('a9045d24-2af4-4fac-8554-ece963f109f0', '73e78cf2-5c18-434a-a8c4-3a9024f899de', '2024-05-09', 'Kenaikan Isa Almasih', true),
('ed5d869a-1ecd-42dc-a1a4-08978458cc5e', '73e78cf2-5c18-434a-a8c4-3a9024f899de', '2024-05-23', 'Hari Raya Waisak', true),
('85da2cc9-3a01-4dfd-bedc-20f2ef83f57b', '73e78cf2-5c18-434a-a8c4-3a9024f899de', '2024-06-01', 'Hari Lahir Pancasila', true),
('6d631d52-0fa7-4bf7-8f41-8533b109c1dc', '73e78cf2-5c18-434a-a8c4-3a9024f899de', '2024-06-17', 'Idul Adha', true),
('11a55871-c617-4a82-9887-e38f4627c9cb', '73e78cf2-5c18-434a-a8c4-3a9024f899de', '2024-07-07', 'Tahun Baru Islam', true),
('4bdaf624-9459-463f-8bdd-e6a99d184fba', '73e78cf2-5c18-434a-a8c4-3a9024f899de', '2024-08-17', 'Hari Kemerdekaan RI', true),
('fbcf9964-55de-4257-8785-f25394dda8bb', '73e78cf2-5c18-434a-a8c4-3a9024f899de', '2024-09-16', 'Maulid Nabi', true),
('f118badc-bdb0-40c0-bd17-69d917cc2f72', '73e78cf2-5c18-434a-a8c4-3a9024f899de', '2024-12-25', 'Hari Raya Natal', true),
('9d02b48d-c2c2-4620-8d6c-3ec014ba04a8', '21e7d96f-f3d3-422b-94c4-ef1d40f70d40', '2025-01-01', 'Tahun Baru Masehi', true),
('782c83d0-4e49-4f33-a7e7-04d98e0b3f5b', '21e7d96f-f3d3-422b-94c4-ef1d40f70d40', '2025-01-29', 'Tahun Baru Imlek', true),
('1881a58a-1887-4565-be31-6ab6a6321a3c', '21e7d96f-f3d3-422b-94c4-ef1d40f70d40', '2025-03-29', 'Hari Raya Nyepi', true),
('43ace610-ae53-4141-86d0-d32645219862', '21e7d96f-f3d3-422b-94c4-ef1d40f70d40', '2025-03-31', 'Idul Fitri', true),
('944c8636-d20e-4517-888d-f6e4fa8a8595', '21e7d96f-f3d3-422b-94c4-ef1d40f70d40', '2025-04-01', 'Idul Fitri', true),
('29ba96d8-0a1a-4333-852f-a77f7132c22f', '21e7d96f-f3d3-422b-94c4-ef1d40f70d40', '2025-04-18', 'Wafat Isa Almasih', true),
('b87a2639-2c78-4065-9791-e55a70a8a147', '21e7d96f-f3d3-422b-94c4-ef1d40f70d40', '2025-05-01', 'Hari Buruh', true),
('86d68eeb-cf89-4798-bbd9-bef449718946', '21e7d96f-f3d3-422b-94c4-ef1d40f70d40', '2025-05-12', 'Hari Raya Waisak', true),
('35513bdc-4e31-4212-a11f-1411c9dcf608', '21e7d96f-f3d3-422b-94c4-ef1d40f70d40', '2025-05-29', 'Kenaikan Isa Almasih', true),
('1afd1fa4-a3b7-4af5-a71e-83631192df8c', '21e7d96f-f3d3-422b-94c4-ef1d40f70d40', '2025-06-01', 'Hari Lahir Pancasila', true),
('bc039dc0-14fc-455b-b2b3-8274d19dbd1c', '21e7d96f-f3d3-422b-94c4-ef1d40f70d40', '2025-06-06', 'Idul Adha', true),
('3e3095c2-11a4-4d94-b246-e9519f15750e', '21e7d96f-f3d3-422b-94c4-ef1d40f70d40', '2025-06-27', 'Tahun Baru Islam', true),
('1e08a2b0-944a-48b7-9752-95155d4907f2', '21e7d96f-f3d3-422b-94c4-ef1d40f70d40', '2025-08-17', 'Hari Kemerdekaan RI', true),
('dbc118fb-063c-412e-b4d7-c57c919a1e64', '21e7d96f-f3d3-422b-94c4-ef1d40f70d40', '2025-09-05', 'Maulid Nabi', true),
('8ba47c81-44a4-40d1-ab68-649e54b8f3cc', '21e7d96f-f3d3-422b-94c4-ef1d40f70d40', '2025-12-25', 'Hari Raya Natal', true),
('5569ad47-0cee-4642-9e84-4a699105c0e0', '6f913a3c-c411-492d-ae7c-2464fa0062c9', '2026-01-01', 'Tahun Baru Masehi', true),
('821f9250-1484-445a-88ec-80952a661e16', '6f913a3c-c411-492d-ae7c-2464fa0062c9', '2026-02-17', 'Tahun Baru Imlek', true),
('99d1ef2c-b9a4-4a05-827e-f43bac8e0142', '6f913a3c-c411-492d-ae7c-2464fa0062c9', '2026-03-19', 'Hari Raya Nyepi', true),
('b1768bcc-1582-4a20-ad6d-d0973cb7c104', '6f913a3c-c411-492d-ae7c-2464fa0062c9', '2026-03-20', 'Idul Fitri', true),
('86eec006-2767-416e-a958-c3a54a6a63b4', '6f913a3c-c411-492d-ae7c-2464fa0062c9', '2026-03-21', 'Idul Fitri', true),
('19aca2a0-0a41-4e4c-bb0c-9d577d79e0e3', '6f913a3c-c411-492d-ae7c-2464fa0062c9', '2026-05-01', 'Hari Buruh', true),
('68205fba-93ec-4c76-98c4-9ac4688d2647', '6f913a3c-c411-492d-ae7c-2464fa0062c9', '2026-05-26', 'Idul Adha', true),
('1d13d7d6-864b-4ef1-b2e8-224e813af350', '6f913a3c-c411-492d-ae7c-2464fa0062c9', '2026-06-01', 'Hari Lahir Pancasila', true),
('97080d31-8c98-40fa-8049-e66184b12a33', '6f913a3c-c411-492d-ae7c-2464fa0062c9', '2026-08-17', 'Hari Kemerdekaan RI', true),
('4498b73b-f449-46bb-8a61-92becd3c8900', '6f913a3c-c411-492d-ae7c-2464fa0062c9', '2026-12-25', 'Hari Raya Natal', true),
('db8f6b40-268a-4f9f-a52d-43748993d4ad', '7bed2ec2-6198-446e-952d-14b17511feac', '2024-01-01', 'Tahun Baru Masehi', true),
('7166473b-5bb2-42e9-b8fc-26e794a4ad78', '7bed2ec2-6198-446e-952d-14b17511feac', '2024-02-10', 'Tahun Baru Imlek', true),
('804b87b9-1b8c-474a-9729-2ebac116d9c2', '7bed2ec2-6198-446e-952d-14b17511feac', '2024-03-11', 'Isra Miraj', true),
('466355ab-71dc-4e5b-89d2-d7e8773a5ba2', '7bed2ec2-6198-446e-952d-14b17511feac', '2024-03-29', 'Wafat Isa Almasih', true),
('c0751035-e87c-4e8e-acd5-100919477766', '7bed2ec2-6198-446e-952d-14b17511feac', '2024-04-10', 'Idul Fitri', true),
('9e2ac79f-e169-4f21-a62b-a67ba9745522', '7bed2ec2-6198-446e-952d-14b17511feac', '2024-04-11', 'Idul Fitri', true),
('caa7d260-ebb6-476d-aefb-fd6c16a094c2', '7bed2ec2-6198-446e-952d-14b17511feac', '2024-05-01', 'Hari Buruh', true),
('393aa194-4991-44a2-8d17-cec3ab57488e', '7bed2ec2-6198-446e-952d-14b17511feac', '2024-05-09', 'Kenaikan Isa Almasih', true),
('0defc7f4-0c65-489e-8ed8-903332ccbfda', '7bed2ec2-6198-446e-952d-14b17511feac', '2024-05-23', 'Hari Raya Waisak', true),
('36bcd22b-8e8d-45bf-babb-c7b47393ef6d', '7bed2ec2-6198-446e-952d-14b17511feac', '2024-06-01', 'Hari Lahir Pancasila', true),
('275a62f7-d309-4484-8424-850c7420206c', '7bed2ec2-6198-446e-952d-14b17511feac', '2024-06-17', 'Idul Adha', true),
('5961362a-21d2-4ca0-99c4-0ecb002d739f', '7bed2ec2-6198-446e-952d-14b17511feac', '2024-07-07', 'Tahun Baru Islam', true),
('283782f0-d1d0-4ab3-8674-8c2e422c82b5', '7bed2ec2-6198-446e-952d-14b17511feac', '2024-08-17', 'Hari Kemerdekaan RI', true),
('2f374d65-17a1-40ff-9ff2-d21e24900e73', '7bed2ec2-6198-446e-952d-14b17511feac', '2024-09-16', 'Maulid Nabi', true),
('f54843c2-91bf-4d09-a3ee-b628a74e9a86', '7bed2ec2-6198-446e-952d-14b17511feac', '2024-12-25', 'Hari Raya Natal', true),
('02946534-4f55-4660-80b7-28817969263f', '09e116fd-5da2-4e9b-8c0c-8523e0e67346', '2025-01-01', 'Tahun Baru Masehi', true),
('d296a0c7-10db-4bf3-b95b-69098235fd2a', '09e116fd-5da2-4e9b-8c0c-8523e0e67346', '2025-01-29', 'Tahun Baru Imlek', true),
('18f050d3-739a-4cd0-875f-57564cc84c0e', '09e116fd-5da2-4e9b-8c0c-8523e0e67346', '2025-03-29', 'Hari Raya Nyepi', true),
('bec3e5e9-7c11-4c8f-8017-8c851fb61211', '09e116fd-5da2-4e9b-8c0c-8523e0e67346', '2025-03-31', 'Idul Fitri', true),
('fd3980d3-0e35-4829-bb95-91917c12c806', '09e116fd-5da2-4e9b-8c0c-8523e0e67346', '2025-04-01', 'Idul Fitri', true),
('9c2ae35f-202a-4032-8a2a-0dcddf57fa32', '09e116fd-5da2-4e9b-8c0c-8523e0e67346', '2025-04-18', 'Wafat Isa Almasih', true),
('25cccb6b-3177-4241-909e-89ded2bcae38', '09e116fd-5da2-4e9b-8c0c-8523e0e67346', '2025-05-01', 'Hari Buruh', true),
('2f874247-2f53-4c5f-9164-46cfa63d96cd', '09e116fd-5da2-4e9b-8c0c-8523e0e67346', '2025-05-12', 'Hari Raya Waisak', true),
('8ef4aea3-f683-422b-9be1-a1d5b067c2ad', '09e116fd-5da2-4e9b-8c0c-8523e0e67346', '2025-05-29', 'Kenaikan Isa Almasih', true),
('21abacb2-5898-45ee-af70-bf331b598ac3', '09e116fd-5da2-4e9b-8c0c-8523e0e67346', '2025-06-01', 'Hari Lahir Pancasila', true),
('5b8a4e21-f00e-4669-b139-1fdb5e53f4a4', '09e116fd-5da2-4e9b-8c0c-8523e0e67346', '2025-06-06', 'Idul Adha', true),
('6ab3dd7b-7b95-40ba-86ff-730baf35f120', '09e116fd-5da2-4e9b-8c0c-8523e0e67346', '2025-06-27', 'Tahun Baru Islam', true),
('03bf4213-1585-47c4-b832-aa9c3f3acca6', '09e116fd-5da2-4e9b-8c0c-8523e0e67346', '2025-08-17', 'Hari Kemerdekaan RI', true),
('70c68081-7e9d-4bab-9a91-f063ceaf3f5b', '09e116fd-5da2-4e9b-8c0c-8523e0e67346', '2025-09-05', 'Maulid Nabi', true),
('5fa8ebc4-a95c-45e4-a7e1-b93d1ca65dbd', '09e116fd-5da2-4e9b-8c0c-8523e0e67346', '2025-12-25', 'Hari Raya Natal', true),
('c7c38e71-1c10-468d-a96c-40c05ad3ce67', '8168e866-d49a-4d78-af5a-9af4d073afe8', '2026-01-01', 'Tahun Baru Masehi', true),
('a44cf037-6cc7-44f0-ba3c-299724a21ae7', '8168e866-d49a-4d78-af5a-9af4d073afe8', '2026-02-17', 'Tahun Baru Imlek', true),
('4ed9e8aa-47fb-42d6-bcd3-18ee638ac157', '8168e866-d49a-4d78-af5a-9af4d073afe8', '2026-03-19', 'Hari Raya Nyepi', true),
('f89180a9-5d77-4de0-b815-4e1c02850cf0', '8168e866-d49a-4d78-af5a-9af4d073afe8', '2026-03-20', 'Idul Fitri', true),
('4063b148-eeb3-4085-99ca-ad452e2b087b', '8168e866-d49a-4d78-af5a-9af4d073afe8', '2026-03-21', 'Idul Fitri', true),
('95832fd1-fb7e-4425-ae10-c58f5c353adb', '8168e866-d49a-4d78-af5a-9af4d073afe8', '2026-05-01', 'Hari Buruh', true),
('73a5d9c2-e96c-47b4-b12a-38edd76885c4', '8168e866-d49a-4d78-af5a-9af4d073afe8', '2026-05-26', 'Idul Adha', true),
('0fd2eed6-1376-4258-9e2e-339c95c93220', '8168e866-d49a-4d78-af5a-9af4d073afe8', '2026-06-01', 'Hari Lahir Pancasila', true),
('f3e9df7b-f7f1-464f-8176-6c3b320be667', '8168e866-d49a-4d78-af5a-9af4d073afe8', '2026-08-17', 'Hari Kemerdekaan RI', true),
('24354583-6763-4ef2-9d1b-014eec0ebd96', '8168e866-d49a-4d78-af5a-9af4d073afe8', '2026-12-25', 'Hari Raya Natal', true),
('57af64bd-8656-4b05-a1f6-9ffe112fed35', 'c284c7e3-fc68-47ae-b1ae-b1aff1ad681a', '2024-01-01', 'Tahun Baru Masehi', true),
('2a1f588b-2ada-4bb4-9b7e-73c486986830', 'c284c7e3-fc68-47ae-b1ae-b1aff1ad681a', '2024-02-10', 'Tahun Baru Imlek', true),
('a7930c40-85e5-4a81-9a55-31abeafc47c9', 'c284c7e3-fc68-47ae-b1ae-b1aff1ad681a', '2024-03-11', 'Isra Miraj', true),
('55a31607-b265-4653-9f67-a7173a28c232', 'c284c7e3-fc68-47ae-b1ae-b1aff1ad681a', '2024-03-29', 'Wafat Isa Almasih', true),
('304e0caf-1069-4042-9028-5524360b9946', 'c284c7e3-fc68-47ae-b1ae-b1aff1ad681a', '2024-04-10', 'Idul Fitri', true),
('e59c52bf-3de9-4dff-8510-80c32001e11f', 'c284c7e3-fc68-47ae-b1ae-b1aff1ad681a', '2024-04-11', 'Idul Fitri', true),
('ddef7225-aa84-4741-9059-c8bd0a9325a9', 'c284c7e3-fc68-47ae-b1ae-b1aff1ad681a', '2024-05-01', 'Hari Buruh', true),
('d6aac80d-1a75-4740-b86a-52e24b0990f6', 'c284c7e3-fc68-47ae-b1ae-b1aff1ad681a', '2024-05-09', 'Kenaikan Isa Almasih', true),
('08fca33d-cbac-4569-af98-839ed0506dbe', 'c284c7e3-fc68-47ae-b1ae-b1aff1ad681a', '2024-05-23', 'Hari Raya Waisak', true),
('b1e220d2-0672-4b63-849f-f042fb6ce914', 'c284c7e3-fc68-47ae-b1ae-b1aff1ad681a', '2024-06-01', 'Hari Lahir Pancasila', true),
('57def797-3634-4608-a2f2-ac8d6771e7c9', 'c284c7e3-fc68-47ae-b1ae-b1aff1ad681a', '2024-06-17', 'Idul Adha', true),
('7506a60d-3c6b-4f24-abd0-927a73ac5220', 'c284c7e3-fc68-47ae-b1ae-b1aff1ad681a', '2024-07-07', 'Tahun Baru Islam', true),
('d95db634-652f-4856-9295-87b015b277f4', 'c284c7e3-fc68-47ae-b1ae-b1aff1ad681a', '2024-08-17', 'Hari Kemerdekaan RI', true),
('6bc6ce3a-a918-49f3-9184-97362d11a628', 'c284c7e3-fc68-47ae-b1ae-b1aff1ad681a', '2024-09-16', 'Maulid Nabi', true),
('977ca151-d987-43c9-9d23-561f954da7ff', 'c284c7e3-fc68-47ae-b1ae-b1aff1ad681a', '2024-12-25', 'Hari Raya Natal', true),
('a9757073-a2c1-4b34-b869-e967652ceaf2', '26438848-c7ea-49c1-9a24-8ab2b964ff76', '2025-01-01', 'Tahun Baru Masehi', true),
('4d2a18f0-be7b-447e-9bed-b1ed8a7fe405', '26438848-c7ea-49c1-9a24-8ab2b964ff76', '2025-01-29', 'Tahun Baru Imlek', true),
('841d88b2-7fec-403b-8e9f-30e0e97752ef', '26438848-c7ea-49c1-9a24-8ab2b964ff76', '2025-03-29', 'Hari Raya Nyepi', true),
('f57f567c-ede0-4da2-911f-5953ef55bc54', '26438848-c7ea-49c1-9a24-8ab2b964ff76', '2025-03-31', 'Idul Fitri', true),
('24063a0e-4a2d-4d6f-8b3c-593207397886', '26438848-c7ea-49c1-9a24-8ab2b964ff76', '2025-04-01', 'Idul Fitri', true),
('779387a3-d7c3-4271-8b21-764025a0ac71', '26438848-c7ea-49c1-9a24-8ab2b964ff76', '2025-04-18', 'Wafat Isa Almasih', true),
('387874c9-7eb0-4775-a37c-df93a0371b73', '26438848-c7ea-49c1-9a24-8ab2b964ff76', '2025-05-01', 'Hari Buruh', true),
('86b039bc-61f9-4d7a-a2a3-6099872fe2dc', '26438848-c7ea-49c1-9a24-8ab2b964ff76', '2025-05-12', 'Hari Raya Waisak', true),
('59f1b673-530f-4874-a044-552f87e86789', '26438848-c7ea-49c1-9a24-8ab2b964ff76', '2025-05-29', 'Kenaikan Isa Almasih', true),
('7321e9d4-9149-4431-97f9-1a3e98044356', '26438848-c7ea-49c1-9a24-8ab2b964ff76', '2025-06-01', 'Hari Lahir Pancasila', true),
('7357cd0e-d021-444c-bebd-0a2ed2f63bad', '26438848-c7ea-49c1-9a24-8ab2b964ff76', '2025-06-06', 'Idul Adha', true),
('0884687e-2474-404f-99aa-c796cbfd4844', '26438848-c7ea-49c1-9a24-8ab2b964ff76', '2025-06-27', 'Tahun Baru Islam', true),
('3b6db47a-3541-4a75-b1dc-ade9774819fa', '26438848-c7ea-49c1-9a24-8ab2b964ff76', '2025-08-17', 'Hari Kemerdekaan RI', true),
('94632e7c-d91b-4a22-8e3a-e7c2b08b8ac3', '26438848-c7ea-49c1-9a24-8ab2b964ff76', '2025-09-05', 'Maulid Nabi', true),
('a724d725-0981-4ece-b30a-f1612fd7d4cc', '26438848-c7ea-49c1-9a24-8ab2b964ff76', '2025-12-25', 'Hari Raya Natal', true),
('ba49f70c-a30e-4313-a6bb-ddd1af42869a', 'a7fbf46a-bcf2-4a25-829d-22d6dbbd9c36', '2026-01-01', 'Tahun Baru Masehi', true),
('f801dfde-4463-4c9c-aac9-87b93836c13d', 'a7fbf46a-bcf2-4a25-829d-22d6dbbd9c36', '2026-02-17', 'Tahun Baru Imlek', true),
('c7479e53-d0ef-449f-9bc9-bd11b8a7abe5', 'a7fbf46a-bcf2-4a25-829d-22d6dbbd9c36', '2026-03-19', 'Hari Raya Nyepi', true),
('e34a02d3-ecbb-4c4b-8637-46692d262c47', 'a7fbf46a-bcf2-4a25-829d-22d6dbbd9c36', '2026-03-20', 'Idul Fitri', true),
('f2138e4e-8fc4-4d50-93d2-dda9ea07654c', 'a7fbf46a-bcf2-4a25-829d-22d6dbbd9c36', '2026-03-21', 'Idul Fitri', true),
('41167573-b0af-4574-8452-38a5accb170a', 'a7fbf46a-bcf2-4a25-829d-22d6dbbd9c36', '2026-05-01', 'Hari Buruh', true),
('a5e103cb-1dea-48f3-838e-8d93c2853030', 'a7fbf46a-bcf2-4a25-829d-22d6dbbd9c36', '2026-05-26', 'Idul Adha', true),
('0f243af5-00eb-4690-a31b-2f796f0bfb74', 'a7fbf46a-bcf2-4a25-829d-22d6dbbd9c36', '2026-06-01', 'Hari Lahir Pancasila', true),
('6ce41810-d59c-4737-b331-47329b553eba', 'a7fbf46a-bcf2-4a25-829d-22d6dbbd9c36', '2026-08-17', 'Hari Kemerdekaan RI', true),
('627e57e0-a759-443d-a6fd-d5de70fa8627', 'a7fbf46a-bcf2-4a25-829d-22d6dbbd9c36', '2026-12-25', 'Hari Raya Natal', true);

insert into holidays (id, work_calendar_id, holiday_date, name, is_national) values
('14f3829b-6fbc-45e3-9471-1cb0280a4979', '41f862ff-2025-48c5-82b0-399b76e2f428', '2024-01-01', 'Tahun Baru Masehi', true),
('68b0eb46-2cec-49ee-a1a1-7dcac5f9d0ed', '41f862ff-2025-48c5-82b0-399b76e2f428', '2024-02-10', 'Tahun Baru Imlek', true),
('551cd993-b95b-41c8-891c-dbd4ec40a718', '41f862ff-2025-48c5-82b0-399b76e2f428', '2024-03-11', 'Isra Miraj', true),
('8732752e-5d08-4d4c-9edf-347d3e18b11c', '41f862ff-2025-48c5-82b0-399b76e2f428', '2024-03-29', 'Wafat Isa Almasih', true),
('a4e1bc8b-697e-4d04-8602-31d1dfae343e', '41f862ff-2025-48c5-82b0-399b76e2f428', '2024-04-10', 'Idul Fitri', true),
('1da43d99-f5d1-4b7a-823b-4dd5bbf0f60d', '41f862ff-2025-48c5-82b0-399b76e2f428', '2024-04-11', 'Idul Fitri', true),
('8226200f-6a80-4f85-a63d-fea95ffa5a57', '41f862ff-2025-48c5-82b0-399b76e2f428', '2024-05-01', 'Hari Buruh', true),
('8ed75f58-2a70-49bd-bd43-91579cdb77c9', '41f862ff-2025-48c5-82b0-399b76e2f428', '2024-05-09', 'Kenaikan Isa Almasih', true),
('c8fef33d-ba5a-4977-9b20-526d972bc658', '41f862ff-2025-48c5-82b0-399b76e2f428', '2024-05-23', 'Hari Raya Waisak', true),
('03b19d75-02e6-4283-aaf4-6e8f5baf296f', '41f862ff-2025-48c5-82b0-399b76e2f428', '2024-06-01', 'Hari Lahir Pancasila', true),
('b6206c85-4b8d-48ff-b157-22027b26497f', '41f862ff-2025-48c5-82b0-399b76e2f428', '2024-06-17', 'Idul Adha', true),
('cb7a6489-2758-45c5-99b6-7851f18e4cba', '41f862ff-2025-48c5-82b0-399b76e2f428', '2024-07-07', 'Tahun Baru Islam', true),
('b8b78376-09c9-49f6-82c5-56f9e790716c', '41f862ff-2025-48c5-82b0-399b76e2f428', '2024-08-17', 'Hari Kemerdekaan RI', true),
('445df0df-339b-42ee-974f-1ee431f803cf', '41f862ff-2025-48c5-82b0-399b76e2f428', '2024-09-16', 'Maulid Nabi', true),
('4e386b1d-852d-4ec5-9658-2e652cf15f17', '41f862ff-2025-48c5-82b0-399b76e2f428', '2024-12-25', 'Hari Raya Natal', true),
('890865a6-b34f-4f7d-b258-e1bb9f4c4841', 'ad144411-ac85-4308-a3a1-2e675aed6897', '2025-01-01', 'Tahun Baru Masehi', true),
('13e071f3-4ba2-4280-bccb-a95b2ddd1f2e', 'ad144411-ac85-4308-a3a1-2e675aed6897', '2025-01-29', 'Tahun Baru Imlek', true),
('97c26382-9842-4624-aa37-9df57249fcba', 'ad144411-ac85-4308-a3a1-2e675aed6897', '2025-03-29', 'Hari Raya Nyepi', true),
('af38df4e-3017-4f57-af76-4c76a20eb301', 'ad144411-ac85-4308-a3a1-2e675aed6897', '2025-03-31', 'Idul Fitri', true),
('0bc1880c-ae11-4f48-9e0b-acd50c729358', 'ad144411-ac85-4308-a3a1-2e675aed6897', '2025-04-01', 'Idul Fitri', true),
('c6df6c02-d4f4-472e-945b-887cd9076ed8', 'ad144411-ac85-4308-a3a1-2e675aed6897', '2025-04-18', 'Wafat Isa Almasih', true),
('6c99ef49-dd51-4fbf-ba87-e26c2ba38f82', 'ad144411-ac85-4308-a3a1-2e675aed6897', '2025-05-01', 'Hari Buruh', true),
('2db4b0e0-a5c6-4555-a1af-a9cf50a0c04f', 'ad144411-ac85-4308-a3a1-2e675aed6897', '2025-05-12', 'Hari Raya Waisak', true),
('90455af4-5c05-49b6-b078-b6481e40e04d', 'ad144411-ac85-4308-a3a1-2e675aed6897', '2025-05-29', 'Kenaikan Isa Almasih', true),
('ddd64e82-d31a-4fa6-b87d-f97702bd93fe', 'ad144411-ac85-4308-a3a1-2e675aed6897', '2025-06-01', 'Hari Lahir Pancasila', true),
('372df2ff-b01c-4d8f-b56e-5e3f78f2ca81', 'ad144411-ac85-4308-a3a1-2e675aed6897', '2025-06-06', 'Idul Adha', true),
('cd2cf638-d2e5-4f44-a551-3061ff495899', 'ad144411-ac85-4308-a3a1-2e675aed6897', '2025-06-27', 'Tahun Baru Islam', true),
('1fe25ef7-1262-450a-ac87-3c33fda8c912', 'ad144411-ac85-4308-a3a1-2e675aed6897', '2025-08-17', 'Hari Kemerdekaan RI', true),
('22ed3138-c194-4636-9110-efec5121c1ca', 'ad144411-ac85-4308-a3a1-2e675aed6897', '2025-09-05', 'Maulid Nabi', true),
('8a614c3a-6759-450a-ad97-d5801628c4f0', 'ad144411-ac85-4308-a3a1-2e675aed6897', '2025-12-25', 'Hari Raya Natal', true),
('8e3589e0-a383-47df-a945-79f92a293580', '506452c7-bd5b-46d5-8556-5103cae93277', '2026-01-01', 'Tahun Baru Masehi', true),
('0c054bb9-7c8d-4a92-bf10-82cd66b089d9', '506452c7-bd5b-46d5-8556-5103cae93277', '2026-02-17', 'Tahun Baru Imlek', true),
('05dccbdf-e6dc-42dc-a810-459429329629', '506452c7-bd5b-46d5-8556-5103cae93277', '2026-03-19', 'Hari Raya Nyepi', true),
('8a7d62db-6f8b-4f0d-8849-6b986219caca', '506452c7-bd5b-46d5-8556-5103cae93277', '2026-03-20', 'Idul Fitri', true),
('7825f309-0540-402e-89b5-1f2892b2933a', '506452c7-bd5b-46d5-8556-5103cae93277', '2026-03-21', 'Idul Fitri', true),
('0f8d161f-698c-4732-8ae3-bc0704818a1f', '506452c7-bd5b-46d5-8556-5103cae93277', '2026-05-01', 'Hari Buruh', true),
('3ba9779d-296e-45d1-bce5-9610b96fb71b', '506452c7-bd5b-46d5-8556-5103cae93277', '2026-05-26', 'Idul Adha', true),
('4757d137-b1ab-4155-92bf-a54c2e6af000', '506452c7-bd5b-46d5-8556-5103cae93277', '2026-06-01', 'Hari Lahir Pancasila', true),
('8791dc85-548b-4df9-b1d7-95d323cfe270', '506452c7-bd5b-46d5-8556-5103cae93277', '2026-08-17', 'Hari Kemerdekaan RI', true),
('250ee8ee-7f69-40ca-a4ce-55808e0a9d47', '506452c7-bd5b-46d5-8556-5103cae93277', '2026-12-25', 'Hari Raya Natal', true),
('6611390b-51b6-4497-8dc1-c9747c6eb76b', 'd9119ce8-440d-43bf-b87b-ad6f9fb0cc8f', '2024-01-01', 'Tahun Baru Masehi', true),
('6aedb759-0d42-48b8-a962-4360c3c5effe', 'd9119ce8-440d-43bf-b87b-ad6f9fb0cc8f', '2024-02-10', 'Tahun Baru Imlek', true),
('f287c3ee-24b6-4c30-bac9-7df8964137d3', 'd9119ce8-440d-43bf-b87b-ad6f9fb0cc8f', '2024-03-11', 'Isra Miraj', true),
('1025c891-802e-4dc4-9967-8bbf816efe99', 'd9119ce8-440d-43bf-b87b-ad6f9fb0cc8f', '2024-03-29', 'Wafat Isa Almasih', true),
('28976b27-3a2c-4dc2-bf0b-6decdba7bb41', 'd9119ce8-440d-43bf-b87b-ad6f9fb0cc8f', '2024-04-10', 'Idul Fitri', true),
('9a4fff33-e2b0-4e86-8a2d-e4c697cf253e', 'd9119ce8-440d-43bf-b87b-ad6f9fb0cc8f', '2024-04-11', 'Idul Fitri', true),
('84c495a7-833b-41a4-8cc6-1397d05f4590', 'd9119ce8-440d-43bf-b87b-ad6f9fb0cc8f', '2024-05-01', 'Hari Buruh', true),
('2e5bfc77-a39b-4863-b76c-6b788f8b6cae', 'd9119ce8-440d-43bf-b87b-ad6f9fb0cc8f', '2024-05-09', 'Kenaikan Isa Almasih', true),
('33ea9ddb-0c0a-40b9-9864-dabd05855b97', 'd9119ce8-440d-43bf-b87b-ad6f9fb0cc8f', '2024-05-23', 'Hari Raya Waisak', true),
('34f55b61-7860-4b1b-987c-4c498587b8ac', 'd9119ce8-440d-43bf-b87b-ad6f9fb0cc8f', '2024-06-01', 'Hari Lahir Pancasila', true),
('3e57cedf-a430-40a1-bcda-7fa8b9267198', 'd9119ce8-440d-43bf-b87b-ad6f9fb0cc8f', '2024-06-17', 'Idul Adha', true),
('070386d5-48b0-40b4-88a3-f902708d8e2f', 'd9119ce8-440d-43bf-b87b-ad6f9fb0cc8f', '2024-07-07', 'Tahun Baru Islam', true),
('a19c7698-18be-4425-8bdd-728bd7d9bc5f', 'd9119ce8-440d-43bf-b87b-ad6f9fb0cc8f', '2024-08-17', 'Hari Kemerdekaan RI', true),
('d2257333-88e0-45ee-9e90-839693152b0c', 'd9119ce8-440d-43bf-b87b-ad6f9fb0cc8f', '2024-09-16', 'Maulid Nabi', true),
('4d3e6556-106d-489b-83d9-f0d61d383277', 'd9119ce8-440d-43bf-b87b-ad6f9fb0cc8f', '2024-12-25', 'Hari Raya Natal', true),
('9997fcc8-a175-44b3-bd38-2ccdf669ec5a', 'f88dd133-bc9b-4e0b-9ab8-2d819ff3c9d9', '2025-01-01', 'Tahun Baru Masehi', true),
('76c9a3ec-f81d-405d-8e08-f89e4a534e63', 'f88dd133-bc9b-4e0b-9ab8-2d819ff3c9d9', '2025-01-29', 'Tahun Baru Imlek', true),
('33a1d5ec-e0b5-4310-a910-2625a1945901', 'f88dd133-bc9b-4e0b-9ab8-2d819ff3c9d9', '2025-03-29', 'Hari Raya Nyepi', true),
('bd9ec74c-49ef-49e4-b55d-fb7e000c9c41', 'f88dd133-bc9b-4e0b-9ab8-2d819ff3c9d9', '2025-03-31', 'Idul Fitri', true),
('ad89cd0b-930b-492b-a3bc-a05b5697532a', 'f88dd133-bc9b-4e0b-9ab8-2d819ff3c9d9', '2025-04-01', 'Idul Fitri', true),
('377b5da9-5b7c-4531-8ca0-e76aacb6a66d', 'f88dd133-bc9b-4e0b-9ab8-2d819ff3c9d9', '2025-04-18', 'Wafat Isa Almasih', true),
('66572fb6-bb7e-45cd-a393-1f89c64d9742', 'f88dd133-bc9b-4e0b-9ab8-2d819ff3c9d9', '2025-05-01', 'Hari Buruh', true),
('28354e52-4fd3-4999-ba19-f2652066df3f', 'f88dd133-bc9b-4e0b-9ab8-2d819ff3c9d9', '2025-05-12', 'Hari Raya Waisak', true),
('6b355ace-1513-4e63-a0e2-929b7651c87b', 'f88dd133-bc9b-4e0b-9ab8-2d819ff3c9d9', '2025-05-29', 'Kenaikan Isa Almasih', true),
('abe7ae94-8f95-46f7-96dd-93f7044e0b42', 'f88dd133-bc9b-4e0b-9ab8-2d819ff3c9d9', '2025-06-01', 'Hari Lahir Pancasila', true),
('b0c4778a-b2ea-4b73-af1d-57c0e6491bd7', 'f88dd133-bc9b-4e0b-9ab8-2d819ff3c9d9', '2025-06-06', 'Idul Adha', true),
('6ccd2f56-b2b5-4e7d-a358-4cce23ffccfb', 'f88dd133-bc9b-4e0b-9ab8-2d819ff3c9d9', '2025-06-27', 'Tahun Baru Islam', true),
('899aa0ee-af2f-4079-a904-870b24a561d7', 'f88dd133-bc9b-4e0b-9ab8-2d819ff3c9d9', '2025-08-17', 'Hari Kemerdekaan RI', true),
('36be5c79-4885-4853-89da-a0c80b39e19c', 'f88dd133-bc9b-4e0b-9ab8-2d819ff3c9d9', '2025-09-05', 'Maulid Nabi', true),
('4891a010-ff1a-4982-9386-475ec39afa5c', 'f88dd133-bc9b-4e0b-9ab8-2d819ff3c9d9', '2025-12-25', 'Hari Raya Natal', true),
('7fbfe8f8-33ae-4171-aefc-80c18d49c8b3', '9747acad-63d7-47a3-bce1-5fa68447727b', '2026-01-01', 'Tahun Baru Masehi', true),
('e11a0494-92bf-49f7-8329-30211c91cffa', '9747acad-63d7-47a3-bce1-5fa68447727b', '2026-02-17', 'Tahun Baru Imlek', true),
('667aa2d9-6292-49ff-9add-c17ade8ec27c', '9747acad-63d7-47a3-bce1-5fa68447727b', '2026-03-19', 'Hari Raya Nyepi', true),
('a97b7aa7-df14-447f-b684-bf79d043a8c1', '9747acad-63d7-47a3-bce1-5fa68447727b', '2026-03-20', 'Idul Fitri', true),
('d643e3b1-905b-4e5d-8a71-967095ee2a34', '9747acad-63d7-47a3-bce1-5fa68447727b', '2026-03-21', 'Idul Fitri', true),
('cadc8ec3-5580-448a-8f11-650d9e2556fb', '9747acad-63d7-47a3-bce1-5fa68447727b', '2026-05-01', 'Hari Buruh', true),
('4acd4469-5725-46f7-b84d-f338efbe8154', '9747acad-63d7-47a3-bce1-5fa68447727b', '2026-05-26', 'Idul Adha', true),
('be067ffe-505e-4046-a91a-7c0dd44b9c8b', '9747acad-63d7-47a3-bce1-5fa68447727b', '2026-06-01', 'Hari Lahir Pancasila', true),
('6f4a20be-5494-4123-9e42-7fad7ad891b2', '9747acad-63d7-47a3-bce1-5fa68447727b', '2026-08-17', 'Hari Kemerdekaan RI', true),
('97b1b320-2a29-4e5d-960f-d2517ce94788', '9747acad-63d7-47a3-bce1-5fa68447727b', '2026-12-25', 'Hari Raya Natal', true),
('e4a4a199-084e-4526-b7f0-d6f29773ded9', 'a5180e45-3771-436c-abe3-243fafaf56f3', '2024-01-01', 'Tahun Baru Masehi', true),
('2871a58a-2eea-44a0-92b6-19120c64fe77', 'a5180e45-3771-436c-abe3-243fafaf56f3', '2024-02-10', 'Tahun Baru Imlek', true),
('70a74224-5375-4186-bb9e-c7add71bc6b5', 'a5180e45-3771-436c-abe3-243fafaf56f3', '2024-03-11', 'Isra Miraj', true),
('a5c7bf9d-9e55-482d-a063-a5b8acfade0e', 'a5180e45-3771-436c-abe3-243fafaf56f3', '2024-03-29', 'Wafat Isa Almasih', true),
('0a8ed99e-4fec-428e-81cc-b7002cb9b4b9', 'a5180e45-3771-436c-abe3-243fafaf56f3', '2024-04-10', 'Idul Fitri', true),
('13f444c4-a872-4024-a058-6f1c93cdc83d', 'a5180e45-3771-436c-abe3-243fafaf56f3', '2024-04-11', 'Idul Fitri', true),
('8183c948-3e33-4d45-ba67-a72f5907b86c', 'a5180e45-3771-436c-abe3-243fafaf56f3', '2024-05-01', 'Hari Buruh', true),
('6079acfd-83d0-47a1-bbd5-faa0a8e95c73', 'a5180e45-3771-436c-abe3-243fafaf56f3', '2024-05-09', 'Kenaikan Isa Almasih', true),
('60482b6d-b6a7-459c-8648-b3e98b218f81', 'a5180e45-3771-436c-abe3-243fafaf56f3', '2024-05-23', 'Hari Raya Waisak', true),
('a5937185-a7cf-41f2-92c8-df24f5c00733', 'a5180e45-3771-436c-abe3-243fafaf56f3', '2024-06-01', 'Hari Lahir Pancasila', true),
('797e78cc-7b03-4027-9efe-784d0ca6d1ea', 'a5180e45-3771-436c-abe3-243fafaf56f3', '2024-06-17', 'Idul Adha', true),
('66f7ea14-0b95-4616-b5d6-9111e94a9aee', 'a5180e45-3771-436c-abe3-243fafaf56f3', '2024-07-07', 'Tahun Baru Islam', true),
('5de2350d-e24b-4408-ac06-d688c786d35a', 'a5180e45-3771-436c-abe3-243fafaf56f3', '2024-08-17', 'Hari Kemerdekaan RI', true),
('4c6c2954-45a8-41c6-98b8-7a1036cd09af', 'a5180e45-3771-436c-abe3-243fafaf56f3', '2024-09-16', 'Maulid Nabi', true),
('85e09600-64bf-4c30-8b19-a42e6560a9b6', 'a5180e45-3771-436c-abe3-243fafaf56f3', '2024-12-25', 'Hari Raya Natal', true),
('71714d2f-1409-420b-99ed-fe1e45cafc03', 'da37fa1c-5ae9-4318-909c-94e536d3b31c', '2025-01-01', 'Tahun Baru Masehi', true),
('37d83dce-1a54-4d47-80fd-5a6015a5b1fc', 'da37fa1c-5ae9-4318-909c-94e536d3b31c', '2025-01-29', 'Tahun Baru Imlek', true),
('5ccd8737-0ae2-4237-8d08-482d01ae296e', 'da37fa1c-5ae9-4318-909c-94e536d3b31c', '2025-03-29', 'Hari Raya Nyepi', true),
('f9b81733-f09a-42ec-85a7-ef7cacd9ddfc', 'da37fa1c-5ae9-4318-909c-94e536d3b31c', '2025-03-31', 'Idul Fitri', true),
('458a2668-1c88-4b05-ae34-72abb7215de0', 'da37fa1c-5ae9-4318-909c-94e536d3b31c', '2025-04-01', 'Idul Fitri', true),
('280db23b-1416-409a-a7ff-d3c012e54c4c', 'da37fa1c-5ae9-4318-909c-94e536d3b31c', '2025-04-18', 'Wafat Isa Almasih', true),
('6d3a77de-cf77-4ee4-a3b8-9174a8c69cc7', 'da37fa1c-5ae9-4318-909c-94e536d3b31c', '2025-05-01', 'Hari Buruh', true),
('449e85d0-c4b0-4d7d-87ea-f3d39ae68daa', 'da37fa1c-5ae9-4318-909c-94e536d3b31c', '2025-05-12', 'Hari Raya Waisak', true),
('45e63da4-770f-4c8f-9698-1cfdd4fc2ec0', 'da37fa1c-5ae9-4318-909c-94e536d3b31c', '2025-05-29', 'Kenaikan Isa Almasih', true),
('e3fcc3bd-8d91-4be9-9460-b8e6e24a5103', 'da37fa1c-5ae9-4318-909c-94e536d3b31c', '2025-06-01', 'Hari Lahir Pancasila', true),
('f9062b1c-6490-417e-982c-71d3cc3295eb', 'da37fa1c-5ae9-4318-909c-94e536d3b31c', '2025-06-06', 'Idul Adha', true),
('446cd357-afb9-40f6-8a6b-84756af24bbc', 'da37fa1c-5ae9-4318-909c-94e536d3b31c', '2025-06-27', 'Tahun Baru Islam', true),
('f6b8f386-137e-4b34-98e8-881dae877b0b', 'da37fa1c-5ae9-4318-909c-94e536d3b31c', '2025-08-17', 'Hari Kemerdekaan RI', true),
('fa0832db-23a1-4baa-9003-c65340a87cfe', 'da37fa1c-5ae9-4318-909c-94e536d3b31c', '2025-09-05', 'Maulid Nabi', true),
('7404e879-0aa9-4d2b-9a04-32780b9348e4', 'da37fa1c-5ae9-4318-909c-94e536d3b31c', '2025-12-25', 'Hari Raya Natal', true),
('7443af71-0157-449f-9339-648738679ffc', '9a30e1de-fbd4-40c0-9c02-1a157fff5bf4', '2026-01-01', 'Tahun Baru Masehi', true),
('3975f47c-7a20-49da-a974-0e9cb7f85db3', '9a30e1de-fbd4-40c0-9c02-1a157fff5bf4', '2026-02-17', 'Tahun Baru Imlek', true),
('af74c8e7-ca29-4ed4-9ff8-68b59f9dc58b', '9a30e1de-fbd4-40c0-9c02-1a157fff5bf4', '2026-03-19', 'Hari Raya Nyepi', true),
('e6557a61-4ad8-444e-b9e3-58c7c70cc5da', '9a30e1de-fbd4-40c0-9c02-1a157fff5bf4', '2026-03-20', 'Idul Fitri', true),
('eace2f52-9e68-44f3-b6ca-a40c77a0b4db', '9a30e1de-fbd4-40c0-9c02-1a157fff5bf4', '2026-03-21', 'Idul Fitri', true),
('4d49a2df-0120-45e3-ab2d-2003f604efd0', '9a30e1de-fbd4-40c0-9c02-1a157fff5bf4', '2026-05-01', 'Hari Buruh', true),
('3ed2a260-2ec8-4d2a-8df2-8299725d7fd5', '9a30e1de-fbd4-40c0-9c02-1a157fff5bf4', '2026-05-26', 'Idul Adha', true),
('81fff924-28ac-4ace-854d-0e3504ffb6ca', '9a30e1de-fbd4-40c0-9c02-1a157fff5bf4', '2026-06-01', 'Hari Lahir Pancasila', true),
('0e0d91b7-5c73-488c-8536-eb32bc6151b5', '9a30e1de-fbd4-40c0-9c02-1a157fff5bf4', '2026-08-17', 'Hari Kemerdekaan RI', true),
('e5e53dd3-cf60-439a-8a9d-9b9f5e9450f8', '9a30e1de-fbd4-40c0-9c02-1a157fff5bf4', '2026-12-25', 'Hari Raya Natal', true),
('d630e7de-23cd-46b1-95ca-4d7939f05905', 'd5fb716b-db68-4635-9b4a-28de49e98f99', '2024-01-01', 'Tahun Baru Masehi', true),
('eda8300f-3057-4ff7-96a2-0f622aae20b4', 'd5fb716b-db68-4635-9b4a-28de49e98f99', '2024-02-10', 'Tahun Baru Imlek', true),
('182ae4d2-17b0-4f63-87a7-c39346fc3608', 'd5fb716b-db68-4635-9b4a-28de49e98f99', '2024-03-11', 'Isra Miraj', true),
('249aba67-1b39-4281-8ae1-3b702e5de7d2', 'd5fb716b-db68-4635-9b4a-28de49e98f99', '2024-03-29', 'Wafat Isa Almasih', true),
('376dc33f-46e8-46ba-95c0-76014b19288d', 'd5fb716b-db68-4635-9b4a-28de49e98f99', '2024-04-10', 'Idul Fitri', true),
('d5bec7c6-14c7-4aa1-afef-3fe02f0bca67', 'd5fb716b-db68-4635-9b4a-28de49e98f99', '2024-04-11', 'Idul Fitri', true),
('eeae8bcf-04f9-4adb-918f-dc27ca5c88b1', 'd5fb716b-db68-4635-9b4a-28de49e98f99', '2024-05-01', 'Hari Buruh', true),
('a63829eb-f59c-4558-bdf9-cb8eb1d4e773', 'd5fb716b-db68-4635-9b4a-28de49e98f99', '2024-05-09', 'Kenaikan Isa Almasih', true),
('ee8c6e43-3cb6-426d-96d6-c2eba623233a', 'd5fb716b-db68-4635-9b4a-28de49e98f99', '2024-05-23', 'Hari Raya Waisak', true),
('8ee98908-2736-4d51-ae8f-c6a8743bc4be', 'd5fb716b-db68-4635-9b4a-28de49e98f99', '2024-06-01', 'Hari Lahir Pancasila', true),
('c995478a-a597-46e8-b974-3a1f69e0c783', 'd5fb716b-db68-4635-9b4a-28de49e98f99', '2024-06-17', 'Idul Adha', true),
('04dba847-d908-4a4b-98e6-9b21bf132a30', 'd5fb716b-db68-4635-9b4a-28de49e98f99', '2024-07-07', 'Tahun Baru Islam', true),
('82017b74-c637-45ed-9f70-10aa44f11f0e', 'd5fb716b-db68-4635-9b4a-28de49e98f99', '2024-08-17', 'Hari Kemerdekaan RI', true),
('6d5dfba3-2673-45d9-a9ef-f5450a965ab6', 'd5fb716b-db68-4635-9b4a-28de49e98f99', '2024-09-16', 'Maulid Nabi', true),
('433bff66-69a6-479f-b4b2-44ee6a856b52', 'd5fb716b-db68-4635-9b4a-28de49e98f99', '2024-12-25', 'Hari Raya Natal', true),
('78daa8ab-8729-44db-a176-229654a122c8', '49d9ffa4-ffbf-4d2b-af23-689f2dba0fd6', '2025-01-01', 'Tahun Baru Masehi', true),
('fd8d7fca-ec70-4cc4-99aa-85342bac3185', '49d9ffa4-ffbf-4d2b-af23-689f2dba0fd6', '2025-01-29', 'Tahun Baru Imlek', true),
('1d4959fe-41a4-4aad-b2ef-00c6e1179506', '49d9ffa4-ffbf-4d2b-af23-689f2dba0fd6', '2025-03-29', 'Hari Raya Nyepi', true),
('7b2325a4-3d4b-4baa-9e35-b5ce2ddccc09', '49d9ffa4-ffbf-4d2b-af23-689f2dba0fd6', '2025-03-31', 'Idul Fitri', true),
('f3c1e872-e483-410d-b93a-da05ba351df1', '49d9ffa4-ffbf-4d2b-af23-689f2dba0fd6', '2025-04-01', 'Idul Fitri', true),
('c5e08ece-3586-452d-aa47-f73c91fa7cfe', '49d9ffa4-ffbf-4d2b-af23-689f2dba0fd6', '2025-04-18', 'Wafat Isa Almasih', true),
('7bd2a66b-ec0a-4e7b-982e-e3dbcc5a955f', '49d9ffa4-ffbf-4d2b-af23-689f2dba0fd6', '2025-05-01', 'Hari Buruh', true),
('c652789d-3880-4577-b0fe-a30cce1d5c60', '49d9ffa4-ffbf-4d2b-af23-689f2dba0fd6', '2025-05-12', 'Hari Raya Waisak', true),
('214ff6a2-1a72-47f0-a055-0a3e94523ae0', '49d9ffa4-ffbf-4d2b-af23-689f2dba0fd6', '2025-05-29', 'Kenaikan Isa Almasih', true),
('d4aacecc-829e-4cf2-a049-7486319b56bf', '49d9ffa4-ffbf-4d2b-af23-689f2dba0fd6', '2025-06-01', 'Hari Lahir Pancasila', true),
('1fbcc542-c8cc-4865-a2a0-fbb279f89f2d', '49d9ffa4-ffbf-4d2b-af23-689f2dba0fd6', '2025-06-06', 'Idul Adha', true),
('6cbf037d-7f1b-4d0f-bc78-58950401fd24', '49d9ffa4-ffbf-4d2b-af23-689f2dba0fd6', '2025-06-27', 'Tahun Baru Islam', true),
('02afad0f-1efe-43a8-9bd5-524f8e4d6064', '49d9ffa4-ffbf-4d2b-af23-689f2dba0fd6', '2025-08-17', 'Hari Kemerdekaan RI', true),
('ae260451-37a8-4b61-9e83-b61dd2f1cbe9', '49d9ffa4-ffbf-4d2b-af23-689f2dba0fd6', '2025-09-05', 'Maulid Nabi', true),
('3f435751-bac7-44f8-bb56-980b85a1450b', '49d9ffa4-ffbf-4d2b-af23-689f2dba0fd6', '2025-12-25', 'Hari Raya Natal', true),
('9cde7200-cc34-4843-a1b1-42e7b865598f', '0a59c7d0-218f-45ea-9b14-4fe2220f77c9', '2026-01-01', 'Tahun Baru Masehi', true),
('25fd3094-109b-4629-bacc-a3d97f4ea4e1', '0a59c7d0-218f-45ea-9b14-4fe2220f77c9', '2026-02-17', 'Tahun Baru Imlek', true),
('65628802-be38-4537-8f45-3025d9ac6f38', '0a59c7d0-218f-45ea-9b14-4fe2220f77c9', '2026-03-19', 'Hari Raya Nyepi', true),
('4cf2f4e5-62ad-4418-b46e-83cba5f5afe9', '0a59c7d0-218f-45ea-9b14-4fe2220f77c9', '2026-03-20', 'Idul Fitri', true),
('fc68b462-0922-41da-ad33-f103eb9d862d', '0a59c7d0-218f-45ea-9b14-4fe2220f77c9', '2026-03-21', 'Idul Fitri', true),
('9b3838ee-0283-49f8-bc97-8fe1032727f1', '0a59c7d0-218f-45ea-9b14-4fe2220f77c9', '2026-05-01', 'Hari Buruh', true),
('077f74e7-9e51-4b8d-bc57-9ae2a0cb1c71', '0a59c7d0-218f-45ea-9b14-4fe2220f77c9', '2026-05-26', 'Idul Adha', true),
('241f889f-9fd2-4c22-840f-0e9368a81c15', '0a59c7d0-218f-45ea-9b14-4fe2220f77c9', '2026-06-01', 'Hari Lahir Pancasila', true),
('aac6f648-68cc-411b-ad55-b9710db39ba1', '0a59c7d0-218f-45ea-9b14-4fe2220f77c9', '2026-08-17', 'Hari Kemerdekaan RI', true),
('e0cd59fc-9aa4-4002-ac6b-ce88bb6fcd09', '0a59c7d0-218f-45ea-9b14-4fe2220f77c9', '2026-12-25', 'Hari Raya Natal', true),
('f2e67481-2862-40e6-86c0-5c05f6caff69', '4eeb0bec-a11b-4a82-9bb2-96384e65dd46', '2024-01-01', 'Tahun Baru Masehi', true),
('db118a18-31fe-49c5-a219-acdd5488082c', '4eeb0bec-a11b-4a82-9bb2-96384e65dd46', '2024-02-10', 'Tahun Baru Imlek', true),
('4e2a8944-b677-41d0-9cb7-26d6178828b1', '4eeb0bec-a11b-4a82-9bb2-96384e65dd46', '2024-03-11', 'Isra Miraj', true),
('0089b192-d8ee-47e8-80c5-489ee4a9c327', '4eeb0bec-a11b-4a82-9bb2-96384e65dd46', '2024-03-29', 'Wafat Isa Almasih', true),
('718862b7-1bde-45d7-9228-1d621030b99d', '4eeb0bec-a11b-4a82-9bb2-96384e65dd46', '2024-04-10', 'Idul Fitri', true),
('1e1c3a07-26df-493f-a0e6-c6e9e8dd9972', '4eeb0bec-a11b-4a82-9bb2-96384e65dd46', '2024-04-11', 'Idul Fitri', true),
('27624cd9-aeff-40ab-82e7-ffe3276c36b0', '4eeb0bec-a11b-4a82-9bb2-96384e65dd46', '2024-05-01', 'Hari Buruh', true),
('72f5e810-35be-417b-bccf-01881627447b', '4eeb0bec-a11b-4a82-9bb2-96384e65dd46', '2024-05-09', 'Kenaikan Isa Almasih', true),
('54243a76-86cc-4657-8874-b63d94af2a6b', '4eeb0bec-a11b-4a82-9bb2-96384e65dd46', '2024-05-23', 'Hari Raya Waisak', true),
('ef37545b-ba9e-4da4-9324-b287a270d16a', '4eeb0bec-a11b-4a82-9bb2-96384e65dd46', '2024-06-01', 'Hari Lahir Pancasila', true),
('4d2c6b59-4253-4a29-bea5-141621bfdade', '4eeb0bec-a11b-4a82-9bb2-96384e65dd46', '2024-06-17', 'Idul Adha', true),
('9a5c20a2-4caf-43da-9fe2-6b4b20264081', '4eeb0bec-a11b-4a82-9bb2-96384e65dd46', '2024-07-07', 'Tahun Baru Islam', true),
('dbf7eb72-d2e0-4215-9463-dd7f4ea8f118', '4eeb0bec-a11b-4a82-9bb2-96384e65dd46', '2024-08-17', 'Hari Kemerdekaan RI', true),
('8d3c01f7-256b-4bdc-9dc4-cdb3c9f9564a', '4eeb0bec-a11b-4a82-9bb2-96384e65dd46', '2024-09-16', 'Maulid Nabi', true),
('84b159cd-6be1-4099-a657-0ef6ba09c60a', '4eeb0bec-a11b-4a82-9bb2-96384e65dd46', '2024-12-25', 'Hari Raya Natal', true),
('d385cc4e-db5d-49c2-8a12-63b9b3793c2d', 'db0dd317-18c1-47d8-b5a4-d275b8890c46', '2025-01-01', 'Tahun Baru Masehi', true),
('c9c7480e-df47-484c-8195-911a6a31dc1b', 'db0dd317-18c1-47d8-b5a4-d275b8890c46', '2025-01-29', 'Tahun Baru Imlek', true),
('3899b6f1-00b4-4a1a-aba8-dd521ad3bf2a', 'db0dd317-18c1-47d8-b5a4-d275b8890c46', '2025-03-29', 'Hari Raya Nyepi', true),
('edc5b842-0ba4-4a24-a179-11ee7fe49de3', 'db0dd317-18c1-47d8-b5a4-d275b8890c46', '2025-03-31', 'Idul Fitri', true),
('d68e64bb-43cf-47ff-af96-0e8dd9cd3045', 'db0dd317-18c1-47d8-b5a4-d275b8890c46', '2025-04-01', 'Idul Fitri', true),
('4ddfc929-63f0-48bf-9844-f1e64bc5582b', 'db0dd317-18c1-47d8-b5a4-d275b8890c46', '2025-04-18', 'Wafat Isa Almasih', true),
('045f1985-634d-4b8a-a2f9-9735b3c7171f', 'db0dd317-18c1-47d8-b5a4-d275b8890c46', '2025-05-01', 'Hari Buruh', true),
('5e5fc0c9-fb1c-4d51-b945-27ba2a20581a', 'db0dd317-18c1-47d8-b5a4-d275b8890c46', '2025-05-12', 'Hari Raya Waisak', true),
('ae5edb46-b60c-4a51-adff-b4441bbe3cc2', 'db0dd317-18c1-47d8-b5a4-d275b8890c46', '2025-05-29', 'Kenaikan Isa Almasih', true),
('063930ed-22c7-4107-b331-f457f192cb5c', 'db0dd317-18c1-47d8-b5a4-d275b8890c46', '2025-06-01', 'Hari Lahir Pancasila', true),
('8d7d7b44-2ce1-491c-815c-4bf7cdff88aa', 'db0dd317-18c1-47d8-b5a4-d275b8890c46', '2025-06-06', 'Idul Adha', true),
('f3029e25-6fce-4dfd-9f0b-698ab3971dd2', 'db0dd317-18c1-47d8-b5a4-d275b8890c46', '2025-06-27', 'Tahun Baru Islam', true),
('bd306297-895d-49a2-9e82-1e2249d3a405', 'db0dd317-18c1-47d8-b5a4-d275b8890c46', '2025-08-17', 'Hari Kemerdekaan RI', true),
('8a0996a5-f67c-4d29-93e4-9a263c0ce264', 'db0dd317-18c1-47d8-b5a4-d275b8890c46', '2025-09-05', 'Maulid Nabi', true),
('43b36e69-dddb-4e94-9049-60eda20dc35a', 'db0dd317-18c1-47d8-b5a4-d275b8890c46', '2025-12-25', 'Hari Raya Natal', true),
('d1a385fb-1951-45b8-a134-c06efe6bfae2', 'd37efbaa-8d80-438b-91e6-b9174c36d2ed', '2026-01-01', 'Tahun Baru Masehi', true),
('b7018ce1-126c-43f1-a318-c4b1186c1fcb', 'd37efbaa-8d80-438b-91e6-b9174c36d2ed', '2026-02-17', 'Tahun Baru Imlek', true),
('9fadc72d-a735-4825-9968-1a6c9816007f', 'd37efbaa-8d80-438b-91e6-b9174c36d2ed', '2026-03-19', 'Hari Raya Nyepi', true),
('b5c73a83-1848-4666-aa52-4e146b5fc651', 'd37efbaa-8d80-438b-91e6-b9174c36d2ed', '2026-03-20', 'Idul Fitri', true),
('58688f68-5ea0-4cfc-aa6d-eb86383d0114', 'd37efbaa-8d80-438b-91e6-b9174c36d2ed', '2026-03-21', 'Idul Fitri', true),
('2ec47968-65b9-4713-ac83-c5a3d2898b99', 'd37efbaa-8d80-438b-91e6-b9174c36d2ed', '2026-05-01', 'Hari Buruh', true),
('37c414f5-e504-4875-ae5f-36ed2b2f78e9', 'd37efbaa-8d80-438b-91e6-b9174c36d2ed', '2026-05-26', 'Idul Adha', true),
('d50e4cd1-cdc6-478a-83f1-b07b5cd83dd8', 'd37efbaa-8d80-438b-91e6-b9174c36d2ed', '2026-06-01', 'Hari Lahir Pancasila', true),
('f8a17162-113d-4f94-a2c3-e9f18b1887bf', 'd37efbaa-8d80-438b-91e6-b9174c36d2ed', '2026-08-17', 'Hari Kemerdekaan RI', true),
('7c3115ce-3c89-4457-ad39-936288967260', 'd37efbaa-8d80-438b-91e6-b9174c36d2ed', '2026-12-25', 'Hari Raya Natal', true);

insert into leave_types (id, code, name, default_days_per_year, is_paid, requires_document) values
('2dc7e8b0-1d9c-4acb-9bdb-14553b2860c0', 'TAHUNAN', 'Cuti Tahunan', 12, true, false),
('806d294b-9a72-4837-aee1-197a807ed565', 'SAKIT', 'Cuti Sakit', 0, true, true),
('c1f6e0c8-980d-4156-9d50-91a3969d71e0', 'IZIN', 'Izin', 0, true, false),
('6af31de8-53cc-459f-a839-6883fe1527fb', 'DINAS', 'Perjalanan Dinas', 0, true, false),
('d52c8d44-81f9-40a4-80b6-c11d5c986f63', 'MELAHIRKAN', 'Cuti Melahirkan', 90, true, true),
('f7822d10-5ef9-4426-baaa-8dc6fbafa098', 'DUKA', 'Cuti Duka Cita', 3, true, false),
('55751229-81dc-43dc-b2b5-4bc7b56bffde', 'MENIKAH', 'Cuti Menikah', 3, true, false),
('35a16ab9-1228-492b-92c7-910f94efec1a', 'TANPA_GAJI', 'Cuti Tanpa Gaji', 0, false, false);

insert into payroll_components (id, code, name, category, is_taxable, is_fixed) values
('9fe81668-6ccf-410c-bca0-d0e3c3a78f69', 'GAJI_POKOK', 'Gaji Pokok', 'EARNING', true, true),
('559128e5-6fd1-4715-aff0-c82d8297a599', 'TUNJ_JABATAN', 'Tunjangan Jabatan', 'EARNING', true, true),
('86063441-e4c1-4a0a-9107-9eb57189b7ee', 'TUNJ_TRANSPORT', 'Tunjangan Transport', 'EARNING', true, true),
('3c8e163e-1f26-44cc-950e-9fa04e694c2b', 'TUNJ_MAKAN', 'Tunjangan Makan', 'EARNING', true, true),
('487b4af3-3c71-44eb-a53e-7650329570ae', 'TUNJ_SITE', 'Tunjangan Site/Remote', 'EARNING', true, false),
('9bfd26ba-c8cf-4e64-b343-3fa76deb511b', 'LEMBUR', 'Upah Lembur', 'EARNING', true, false),
('732f80c9-4c9a-4404-95c8-a5f42006fd39', 'BONUS_KINERJA', 'Bonus Kinerja', 'EARNING', true, false),
('72ffa972-5d88-4a1d-ad07-ec9e9f06ff4a', 'THR', 'Tunjangan Hari Raya', 'EARNING', true, false),
('8c11517d-db64-446c-8298-f6a7d87d8e28', 'BPJS_KES_PERUSH', 'BPJS Kesehatan (Perusahaan)', 'EARNING', false, true),
('71d5ec40-9701-40ce-98f4-feb0bcbe871f', 'BPJS_TK_PERUSH', 'BPJS Ketenagakerjaan (Perusahaan)', 'EARNING', false, true),
('4f07410a-53ac-454b-8cf5-61a3c2379344', 'POT_BPJS_KES', 'Potongan BPJS Kesehatan', 'DEDUCTION', false, true),
('21861795-5ca8-433b-88d2-ae675df8c3f5', 'POT_BPJS_TK', 'Potongan BPJS Ketenagakerjaan', 'DEDUCTION', false, true),
('9fa4e44d-cd6c-4f89-84c3-3e1e18273101', 'POT_PPH21', 'Potongan PPh 21', 'DEDUCTION', false, true),
('4b978249-33bf-4786-a573-3155960676a6', 'POT_TERLAMBAT', 'Potongan Keterlambatan', 'DEDUCTION', false, false),
('64eb45cc-9443-4376-8e19-010fd15ecd66', 'POT_ALPHA', 'Potongan Alpha/Tanpa Keterangan', 'DEDUCTION', false, false),
('aac3f983-5212-4e45-9d0b-4f3424292281', 'POT_KASBON', 'Potongan Kasbon/Pinjaman', 'DEDUCTION', false, false);

insert into benefit_types (id, code, name, description) values
('cc8c3ded-9b3d-4bbf-8de1-785e9079776a', 'ASR_KES', 'Asuransi Kesehatan Swasta', 'Fasilitas Asuransi Kesehatan Swasta untuk karyawan sesuai grade'),
('31df9f98-8f65-4e27-9c76-1861011e82be', 'ASR_JIWA', 'Asuransi Jiwa', 'Fasilitas Asuransi Jiwa untuk karyawan sesuai grade'),
('7b8c5643-22a0-4866-9602-023994488cdd', 'MESS', 'Fasilitas Mess/Camp', 'Fasilitas Fasilitas Mess/Camp untuk karyawan sesuai grade'),
('906bc186-d35e-4881-941b-144d1fd98563', 'MAKAN', 'Fasilitas Makan di Site', 'Fasilitas Fasilitas Makan di Site untuk karyawan sesuai grade'),
('5a269a06-36a3-4acf-bc86-9b06d64e2145', 'ANTAR_JEMPUT', 'Transport Antar Jemput', 'Fasilitas Transport Antar Jemput untuk karyawan sesuai grade'),
('e2e02835-fed0-48b1-9e79-58b0e555240c', 'SERAGAM', 'Fasilitas Seragam & APD', 'Fasilitas Fasilitas Seragam & APD untuk karyawan sesuai grade'),
('654f0379-a5e4-4fb1-a0ed-fe00bb87e8aa', 'CUTI_PULANG', 'Tiket Cuti Pulang Kampung', 'Fasilitas Tiket Cuti Pulang Kampung untuk karyawan sesuai grade'),
('f8bb72a9-4a72-449e-9042-1c2fac54a1e3', 'PENDIDIKAN', 'Bantuan Pendidikan Anak', 'Fasilitas Bantuan Pendidikan Anak untuk karyawan sesuai grade');

insert into insurance_providers (id, code, name, provider_type, contact_phone, contact_email) values
('eb98984d-0fac-4c59-9819-185a0f980748', 'BPJS_KES', 'BPJS Kesehatan', 'BPJS', '085390927557', 'cs@bpjs_kes.co.id'),
('6ccc8296-435f-40fc-98e9-b9f266d68cd9', 'BPJS_TK', 'BPJS Ketenagakerjaan', 'BPJS', '081292856543', 'cs@bpjs_tk.co.id'),
('90491ad6-e032-4a0f-b461-c9baab6ab8d9', 'ALLIANZ', 'Allianz Life Indonesia', 'SWASTA', '081202786814', 'cs@allianz.co.id'),
('b7ab7451-fc30-40db-b248-02c6fb94232c', 'PRUDENTIAL', 'Prudential Indonesia', 'SWASTA', '082273947312', 'cs@prudential.co.id'),
('64050db9-50dc-435b-a739-27776d7e35dc', 'AXA', 'AXA Mandiri', 'SWASTA', '081272715518', 'cs@axa.co.id'),
('96b2b55f-0e6b-4996-86b2-7578d0fe7a67', 'SINARMAS', 'Sinarmas MSIG Life', 'SWASTA', '089544225831', 'cs@sinarmas.co.id');

insert into training_vendors (id, code, name, specialization, city, phone, email) values
('2edfbf2c-070c-4b11-916e-f9edfe106fac', 'TV-K3', 'PT Mitra Safety Indonesia', 'K3 & HSE', 'Pekanbaru', '081337058957', 'info@tvk3.co.id'),
('cd8cd630-be8a-490e-95d6-cfd2812e27a6', 'TV-HACCP', 'PT Sucofindo', 'Food Safety & HACCP', 'Bojonegoro', '089529114678', 'info@tvhaccp.co.id'),
('190ab7eb-edb3-4895-af1d-b979a9456666', 'TV-HALAL', 'LPPOM MUI', 'Sertifikasi Halal', 'Jakarta Selatan', '085391251778', 'info@tvhalal.co.id'),
('131029a1-f811-47ac-a12c-35b825ec37fd', 'TV-BNSP', 'LSP BNSP Hospitality', 'Sertifikasi Kompetensi BNSP', 'Banjarmasin', '081389226801', 'info@tvbnsp.co.id'),
('325a19f4-4f06-4a9d-969d-61feabb1c29f', 'TV-FIRE', 'PT Damkar Training Center', 'Fire Fighting', 'Cilegon', '081342253584', 'info@tvfire.co.id'),
('c0060b98-8b61-4760-b105-944d38ae300d', 'TV-FA', 'PMI Training Center', 'First Aid & Emergency Response', 'Jambi', '081243842498', 'info@tvfa.co.id'),
('5498f615-8a6e-4708-8d7a-d492c38456a2', 'TV-SMK3', 'PT Konsultan SMK3 Nasional', 'Sistem Manajemen K3', 'Bontang', '089529922995', 'info@tvsmk3.co.id'),
('ca162925-1bda-4f47-a44a-52fa7a4fc606', 'TV-SOFT', 'PT Human Capital Development', 'Soft Skill & Leadership', 'Muara Bungo', '089600109439', 'info@tvsoft.co.id');

insert into certification_types (id, code, name, issuing_body, validity_months, is_mandatory) values
('b35b0f3b-a1ff-4f41-98f2-3962c16aa736', 'K3', 'Ahli K3 Umum', 'Kemnaker RI', 24, true),
('cbf994aa-b151-4564-b975-11856341e653', 'K3_MIGAS', 'K3 Migas', 'Kemnaker RI - Ditjen Migas', 24, false),
('36f6925b-a967-4805-9b5c-8837d9925477', 'HACCP', 'HACCP Food Safety', 'Sucofindo', 36, true),
('77d2520d-8903-4203-988c-1d9104feea1c', 'FOOD_SAFETY', 'Food Safety Handler', 'Sucofindo', 24, true),
('62906942-8390-41ce-a4dd-7182d399d50b', 'HALAL', 'Sertifikasi Halal Penjamah Makanan', 'LPPOM MUI', 36, true),
('6e1cd88e-3abe-4d71-95be-c9a4ed1e922f', 'HSE', 'HSE Certified Officer', 'Mitra Safety Indonesia', 24, false),
('ad62357c-bfbb-429e-826e-f82efdaef4a8', 'FIRE_FIGHTING', 'Fire Fighting & Emergency Response', 'Damkar Training Center', 24, true),
('f456d85e-5608-4a3e-a94c-1afd528ea5f0', 'FIRST_AID', 'First Aid / P3K', 'PMI', 24, true),
('55a474e6-e252-4526-a571-e03f7fce663a', 'BNSP', 'Sertifikasi Kompetensi BNSP', 'LSP BNSP', 36, false),
('605435b9-b1e2-4b98-8103-45058920e831', 'MCU', 'Medical Check Up Fit to Work', 'Klinik Rekanan', 12, true),
('08dff82d-fc1e-4d06-8224-093896a4f0f2', 'SMK3', 'Sistem Manajemen K3 (SMK3)', 'Konsultan SMK3 Nasional', 36, false);

insert into document_types (id, code, name, is_mandatory) values
('0acee927-f8bb-4ecc-9e04-0346eba3994c', 'KTP', 'Kartu Tanda Penduduk', true),
('3f599e92-2710-4ec9-a0ad-63d435a29ce6', 'KK', 'Kartu Keluarga', true),
('aa403cd4-6d0c-4656-a17f-cdf3a9d1eb6c', 'NPWP', 'NPWP', false),
('3d05c4f4-37a4-44e9-be9c-8045c5a556dd', 'IJAZAH', 'Ijazah Terakhir', true),
('3ec505e6-f2d3-4c82-8fc6-76d4ba0ca208', 'KONTRAK', 'Kontrak Kerja', true),
('cd9493a7-8b5c-4321-8737-d4e4a0ea6fb4', 'SKCK', 'Surat Keterangan Catatan Kepolisian', false),
('26512047-2b66-4001-9198-5d05b4b47b5e', 'MCU_RESULT', 'Hasil Medical Check Up', true),
('7105d4d6-169f-4b19-99b2-f22e02ef0b27', 'SERTIFIKAT', 'Sertifikat Kompetensi/Training', false),
('74edf5bc-a827-4036-a0cb-cb56a844e85a', 'CV', 'Curriculum Vitae', true),
('4d57f819-7304-4440-89dd-1f6d5dad32cd', 'PAS_FOTO', 'Pas Foto', true),
('1fb10226-e59d-4bb4-9ac8-49047d5b647d', 'BUKU_NIKAH', 'Buku Nikah', false),
('5d6979a1-83e8-441b-b7c9-a157c9628b43', 'REK_BANK', 'Buku Rekening Bank', true);

commit;

-- END OF FILE
